Iterations,Accuracy (%),Attack,Aggregator,Optimizer,seed,LR
30,64.93389423076923,BF,RFA,Baseline-Decay,0,0.01
60,69.48116987179488,BF,RFA,Baseline-Decay,0,0.01
90,79.14663461538461,BF,RFA,Baseline-Decay,0,0.01
120,74.62940705128206,BF,RFA,Baseline-Decay,0,0.01
150,76.9931891025641,BF,RFA,Baseline-Decay,0,0.01
180,78.61578525641026,BF,RFA,Baseline-Decay,0,0.01
210,78.84615384615384,BF,RFA,Baseline-Decay,0,0.01
240,79.45713141025641,BF,RFA,Baseline-Decay,0,0.01
270,79.9579326923077,BF,RFA,Baseline-Decay,0,0.01
300,80.1582532051282,BF,RFA,Baseline-Decay,0,0.01
330,80.4286858974359,BF,RFA,Baseline-Decay,0,0.01
360,80.63902243589743,BF,RFA,Baseline-Decay,0,0.01
390,80.72916666666667,BF,RFA,Baseline-Decay,0,0.01
420,80.8193108974359,BF,RFA,Baseline-Decay,0,0.01
450,81.15985576923077,BF,RFA,Baseline-Decay,0,0.01
480,81.28004807692308,BF,RFA,Baseline-Decay,0,0.01
510,81.47035256410257,BF,RFA,Baseline-Decay,0,0.01
540,81.58052884615384,BF,RFA,Baseline-Decay,0,0.01
570,81.67067307692308,BF,RFA,Baseline-Decay,0,0.01
600,81.74078525641026,BF,RFA,Baseline-Decay,0,0.01
630,81.84094551282051,BF,RFA,Baseline-Decay,0,0.01
660,81.98116987179488,BF,RFA,Baseline-Decay,0,0.01
690,82.09134615384616,BF,RFA,Baseline-Decay,0,0.01
720,82.32171474358974,BF,RFA,Baseline-Decay,0,0.01
750,82.1113782051282,BF,RFA,Baseline-Decay,0,0.01
780,82.31169871794872,BF,RFA,Baseline-Decay,0,0.01
810,82.58213141025641,BF,RFA,Baseline-Decay,0,0.01
840,82.39182692307692,BF,RFA,Baseline-Decay,0,0.01
870,82.52203525641026,BF,RFA,Baseline-Decay,0,0.01
900,82.84254807692308,BF,RFA,Baseline-Decay,0,0.01
930,83.02283653846153,BF,RFA,Baseline-Decay,0,0.01
960,83.03285256410257,BF,RFA,Baseline-Decay,0,0.01
990,82.97275641025641,BF,RFA,Baseline-Decay,0,0.01
1020,82.91266025641026,BF,RFA,Baseline-Decay,0,0.01
1050,83.13301282051282,BF,RFA,Baseline-Decay,0,0.01
1080,83.22315705128206,BF,RFA,Baseline-Decay,0,0.01
1110,83.09294871794872,BF,RFA,Baseline-Decay,0,0.01
1140,83.34334935897436,BF,RFA,Baseline-Decay,0,0.01
1170,83.31330128205128,BF,RFA,Baseline-Decay,0,0.01
1200,83.34334935897436,BF,RFA,Baseline-Decay,0,0.01
1230,83.43349358974359,BF,RFA,Baseline-Decay,0,0.01
1260,83.53365384615384,BF,RFA,Baseline-Decay,0,0.01
1290,83.49358974358974,BF,RFA,Baseline-Decay,0,0.01
1320,83.60376602564102,BF,RFA,Baseline-Decay,0,0.01
1350,83.62379807692308,BF,RFA,Baseline-Decay,0,0.01
1380,83.72395833333333,BF,RFA,Baseline-Decay,0,0.01
1410,83.70392628205128,BF,RFA,Baseline-Decay,0,0.01
1440,83.74399038461539,BF,RFA,Baseline-Decay,0,0.01
1470,83.79407051282051,BF,RFA,Baseline-Decay,0,0.01
1500,83.8641826923077,BF,RFA,Baseline-Decay,0,0.01
30,67.04727564102564,LF,RFA,Byz-NSGDM,0,0.1
60,80.20833333333333,LF,RFA,Byz-NSGDM,0,0.1
90,79.51722756410257,LF,RFA,Byz-NSGDM,0,0.1
120,79.24679487179488,LF,RFA,Byz-NSGDM,0,0.1
150,81.1698717948718,LF,RFA,Byz-NSGDM,0,0.1
180,81.69070512820512,LF,RFA,Byz-NSGDM,0,0.1
210,82.49198717948718,LF,RFA,Byz-NSGDM,0,0.1
240,83.2832532051282,LF,RFA,Byz-NSGDM,0,0.1
270,83.21314102564102,LF,RFA,Byz-NSGDM,0,0.1
300,83.57371794871794,LF,RFA,Byz-NSGDM,0,0.1
330,83.97435897435898,LF,RFA,Byz-NSGDM,0,0.1
360,84.13461538461539,LF,RFA,Byz-NSGDM,0,0.1
390,84.4551282051282,LF,RFA,Byz-NSGDM,0,0.1
420,84.7255608974359,LF,RFA,Byz-NSGDM,0,0.1
450,84.79567307692308,LF,RFA,Byz-NSGDM,0,0.1
480,84.95592948717949,LF,RFA,Byz-NSGDM,0,0.1
510,85.34655448717949,LF,RFA,Byz-NSGDM,0,0.1
540,85.41666666666667,LF,RFA,Byz-NSGDM,0,0.1
570,85.16626602564102,LF,RFA,Byz-NSGDM,0,0.1
600,85.36658653846153,LF,RFA,Byz-NSGDM,0,0.1
630,85.57692307692308,LF,RFA,Byz-NSGDM,0,0.1
660,85.6270032051282,LF,RFA,Byz-NSGDM,0,0.1
690,85.86738782051282,LF,RFA,Byz-NSGDM,0,0.1
720,86.0176282051282,LF,RFA,Byz-NSGDM,0,0.1
750,85.77724358974359,LF,RFA,Byz-NSGDM,0,0.1
780,85.84735576923077,LF,RFA,Byz-NSGDM,0,0.1
810,85.9375,LF,RFA,Byz-NSGDM,0,0.1
840,85.82732371794872,LF,RFA,Byz-NSGDM,0,0.1
870,85.86738782051282,LF,RFA,Byz-NSGDM,0,0.1
900,86.0176282051282,LF,RFA,Byz-NSGDM,0,0.1
930,86.26802884615384,LF,RFA,Byz-NSGDM,0,0.1
960,86.15785256410257,LF,RFA,Byz-NSGDM,0,0.1
990,86.2079326923077,LF,RFA,Byz-NSGDM,0,0.1
1020,86.38822115384616,LF,RFA,Byz-NSGDM,0,0.1
1050,86.35817307692308,LF,RFA,Byz-NSGDM,0,0.1
1080,86.23798076923077,LF,RFA,Byz-NSGDM,0,0.1
1110,86.19791666666667,LF,RFA,Byz-NSGDM,0,0.1
1140,86.26802884615384,LF,RFA,Byz-NSGDM,0,0.1
1170,86.41826923076923,LF,RFA,Byz-NSGDM,0,0.1
1200,86.72876602564102,LF,RFA,Byz-NSGDM,0,0.1
1230,86.57852564102564,LF,RFA,Byz-NSGDM,0,0.1
1260,86.70873397435898,LF,RFA,Byz-NSGDM,0,0.1
1290,86.3681891025641,LF,RFA,Byz-NSGDM,0,0.1
1320,86.52844551282051,LF,RFA,Byz-NSGDM,0,0.1
1350,86.61858974358974,LF,RFA,Byz-NSGDM,0,0.1
1380,86.6386217948718,LF,RFA,Byz-NSGDM,0,0.1
1410,86.73878205128206,LF,RFA,Byz-NSGDM,0,0.1
1440,86.64863782051282,LF,RFA,Byz-NSGDM,0,0.1
1470,86.82892628205128,LF,RFA,Byz-NSGDM,0,0.1
1500,86.58854166666667,LF,RFA,Byz-NSGDM,0,0.1
30,77.62419871794872,mimic,KRUM,Byz-NSGDM,0,0.2
60,88.3213141025641,mimic,KRUM,Byz-NSGDM,0,0.2
90,90.03405448717949,mimic,KRUM,Byz-NSGDM,0,0.2
120,91.4463141025641,mimic,KRUM,Byz-NSGDM,0,0.2
150,92.32772435897436,mimic,KRUM,Byz-NSGDM,0,0.2
180,93.30929487179488,mimic,KRUM,Byz-NSGDM,0,0.2
210,93.3193108974359,mimic,KRUM,Byz-NSGDM,0,0.2
240,93.61979166666667,mimic,KRUM,Byz-NSGDM,0,0.2
270,94.35096153846153,mimic,KRUM,Byz-NSGDM,0,0.2
300,94.44110576923077,mimic,KRUM,Byz-NSGDM,0,0.2
330,95.17227564102564,mimic,KRUM,Byz-NSGDM,0,0.2
360,95.3926282051282,mimic,KRUM,Byz-NSGDM,0,0.2
390,95.21233974358974,mimic,KRUM,Byz-NSGDM,0,0.2
420,95.69310897435898,mimic,KRUM,Byz-NSGDM,0,0.2
450,95.45272435897436,mimic,KRUM,Byz-NSGDM,0,0.2
480,95.92347756410257,mimic,KRUM,Byz-NSGDM,0,0.2
510,96.0536858974359,mimic,KRUM,Byz-NSGDM,0,0.2
540,95.6630608974359,mimic,KRUM,Byz-NSGDM,0,0.2
570,95.93349358974359,mimic,KRUM,Byz-NSGDM,0,0.2
600,95.9735576923077,mimic,KRUM,Byz-NSGDM,0,0.2
630,96.47435897435898,mimic,KRUM,Byz-NSGDM,0,0.2
660,96.19391025641026,mimic,KRUM,Byz-NSGDM,0,0.2
690,96.19391025641026,mimic,KRUM,Byz-NSGDM,0,0.2
720,96.47435897435898,mimic,KRUM,Byz-NSGDM,0,0.2
750,96.47435897435898,mimic,KRUM,Byz-NSGDM,0,0.2
780,96.58453525641026,mimic,KRUM,Byz-NSGDM,0,0.2
810,96.71474358974359,mimic,KRUM,Byz-NSGDM,0,0.2
840,96.67467948717949,mimic,KRUM,Byz-NSGDM,0,0.2
870,96.9150641025641,mimic,KRUM,Byz-NSGDM,0,0.2
900,96.94511217948718,mimic,KRUM,Byz-NSGDM,0,0.2
930,96.90504807692308,mimic,KRUM,Byz-NSGDM,0,0.2
960,97.04527243589743,mimic,KRUM,Byz-NSGDM,0,0.2
990,96.96514423076923,mimic,KRUM,Byz-NSGDM,0,0.2
1020,96.92508012820512,mimic,KRUM,Byz-NSGDM,0,0.2
1050,96.80488782051282,mimic,KRUM,Byz-NSGDM,0,0.2
1080,97.2255608974359,mimic,KRUM,Byz-NSGDM,0,0.2
1110,97.23557692307692,mimic,KRUM,Byz-NSGDM,0,0.2
1140,97.25560897435898,mimic,KRUM,Byz-NSGDM,0,0.2
1170,97.28565705128206,mimic,KRUM,Byz-NSGDM,0,0.2
1200,97.36578525641026,mimic,KRUM,Byz-NSGDM,0,0.2
1230,97.27564102564102,mimic,KRUM,Byz-NSGDM,0,0.2
1260,97.1854967948718,mimic,KRUM,Byz-NSGDM,0,0.2
1290,97.21554487179488,mimic,KRUM,Byz-NSGDM,0,0.2
1320,97.44591346153847,mimic,KRUM,Byz-NSGDM,0,0.2
1350,97.42588141025641,mimic,KRUM,Byz-NSGDM,0,0.2
1380,97.47596153846153,mimic,KRUM,Byz-NSGDM,0,0.2
1410,97.63621794871794,mimic,KRUM,Byz-NSGDM,0,0.2
1440,97.5360576923077,mimic,KRUM,Byz-NSGDM,0,0.2
1470,97.65625,mimic,KRUM,Byz-NSGDM,0,0.2
1500,97.67628205128206,mimic,KRUM,Byz-NSGDM,0,0.2
30,71.65464743589743,LF,KRUM,Baseline,42,0.01
60,81.44030448717949,LF,KRUM,Baseline,42,0.01
90,83.15304487179488,LF,KRUM,Baseline,42,0.01
120,83.77403846153847,LF,KRUM,Baseline,42,0.01
150,84.63541666666667,LF,KRUM,Baseline,42,0.01
180,85.24639423076923,LF,KRUM,Baseline,42,0.01
210,85.546875,LF,KRUM,Baseline,42,0.01
240,86.3681891025641,LF,KRUM,Baseline,42,0.01
270,86.03766025641026,LF,KRUM,Baseline,42,0.01
300,86.51842948717949,LF,KRUM,Baseline,42,0.01
330,86.82892628205128,LF,KRUM,Baseline,42,0.01
360,86.91907051282051,LF,KRUM,Baseline,42,0.01
390,86.85897435897436,LF,KRUM,Baseline,42,0.01
420,87.19951923076923,LF,KRUM,Baseline,42,0.01
450,87.17948717948718,LF,KRUM,Baseline,42,0.01
480,86.91907051282051,LF,KRUM,Baseline,42,0.01
510,87.31971153846153,LF,KRUM,Baseline,42,0.01
540,87.31971153846153,LF,KRUM,Baseline,42,0.01
570,87.33974358974359,LF,KRUM,Baseline,42,0.01
600,87.33974358974359,LF,KRUM,Baseline,42,0.01
630,87.60016025641026,LF,KRUM,Baseline,42,0.01
660,87.4198717948718,LF,KRUM,Baseline,42,0.01
690,87.6201923076923,LF,KRUM,Baseline,42,0.01
720,87.71033653846153,LF,KRUM,Baseline,42,0.01
750,87.60016025641026,LF,KRUM,Baseline,42,0.01
780,88.02083333333333,LF,KRUM,Baseline,42,0.01
810,87.7704326923077,LF,KRUM,Baseline,42,0.01
840,87.87059294871794,LF,KRUM,Baseline,42,0.01
870,87.94070512820512,LF,KRUM,Baseline,42,0.01
900,87.99078525641026,LF,KRUM,Baseline,42,0.01
930,88.15104166666667,LF,KRUM,Baseline,42,0.01
960,88.34134615384616,LF,KRUM,Baseline,42,0.01
990,88.3213141025641,LF,KRUM,Baseline,42,0.01
1020,88.11097756410257,LF,KRUM,Baseline,42,0.01
1050,88.15104166666667,LF,KRUM,Baseline,42,0.01
1080,88.44150641025641,LF,KRUM,Baseline,42,0.01
1110,88.38141025641026,LF,KRUM,Baseline,42,0.01
1140,88.41145833333333,LF,KRUM,Baseline,42,0.01
1170,88.25120192307692,LF,KRUM,Baseline,42,0.01
1200,88.53165064102564,LF,KRUM,Baseline,42,0.01
1230,88.3613782051282,LF,KRUM,Baseline,42,0.01
1260,88.60176282051282,LF,KRUM,Baseline,42,0.01
1290,88.50160256410257,LF,KRUM,Baseline,42,0.01
1320,88.6318108974359,LF,KRUM,Baseline,42,0.01
1350,88.6318108974359,LF,KRUM,Baseline,42,0.01
1380,88.50160256410257,LF,KRUM,Baseline,42,0.01
1410,88.5917467948718,LF,KRUM,Baseline,42,0.01
1440,88.3613782051282,LF,KRUM,Baseline,42,0.01
1470,88.74198717948718,LF,KRUM,Baseline,42,0.01
1500,88.671875,LF,KRUM,Baseline,42,0.01
30,48.19711538461539,BF,KRUM,Baseline-Decay,123,0.005
60,61.458333333333336,BF,KRUM,Baseline-Decay,123,0.005
90,70.75320512820512,BF,KRUM,Baseline-Decay,123,0.005
120,77.13341346153847,BF,KRUM,Baseline-Decay,123,0.005
150,80.01802884615384,BF,KRUM,Baseline-Decay,123,0.005
180,82.13141025641026,BF,KRUM,Baseline-Decay,123,0.005
210,83.06290064102564,BF,KRUM,Baseline-Decay,123,0.005
240,84.46514423076923,BF,KRUM,Baseline-Decay,123,0.005
270,85.51682692307692,BF,KRUM,Baseline-Decay,123,0.005
300,86.00761217948718,BF,KRUM,Baseline-Decay,123,0.005
330,86.49839743589743,BF,KRUM,Baseline-Decay,123,0.005
360,86.99919871794872,BF,KRUM,Baseline-Decay,123,0.005
390,87.23958333333333,BF,KRUM,Baseline-Decay,123,0.005
420,87.70032051282051,BF,KRUM,Baseline-Decay,123,0.005
450,87.82051282051282,BF,KRUM,Baseline-Decay,123,0.005
480,88.0108173076923,BF,KRUM,Baseline-Decay,123,0.005
510,88.08092948717949,BF,KRUM,Baseline-Decay,123,0.005
540,88.29126602564102,BF,KRUM,Baseline-Decay,123,0.005
570,88.64182692307692,BF,KRUM,Baseline-Decay,123,0.005
600,82.19150641025641,BF,KRUM,Baseline-Decay,123,0.005
630,80.40865384615384,BF,KRUM,Baseline-Decay,123,0.005
660,80.61899038461539,BF,KRUM,Baseline-Decay,123,0.005
690,80.67908653846153,BF,KRUM,Baseline-Decay,123,0.005
720,80.7391826923077,BF,KRUM,Baseline-Decay,123,0.005
750,80.66907051282051,BF,KRUM,Baseline-Decay,123,0.005
780,80.62900641025641,BF,KRUM,Baseline-Decay,123,0.005
810,80.84935897435898,BF,KRUM,Baseline-Decay,123,0.005
840,80.859375,BF,KRUM,Baseline-Decay,123,0.005
870,80.7792467948718,BF,KRUM,Baseline-Decay,123,0.005
900,81.00961538461539,BF,KRUM,Baseline-Decay,123,0.005
930,81.26001602564102,BF,KRUM,Baseline-Decay,123,0.005
960,81.30008012820512,BF,KRUM,Baseline-Decay,123,0.005
990,81.14983974358974,BF,KRUM,Baseline-Decay,123,0.005
1020,81.21995192307692,BF,KRUM,Baseline-Decay,123,0.005
1050,81.46033653846153,BF,KRUM,Baseline-Decay,123,0.005
1080,81.43028846153847,BF,KRUM,Baseline-Decay,123,0.005
1110,81.3301282051282,BF,KRUM,Baseline-Decay,123,0.005
1140,81.50040064102564,BF,KRUM,Baseline-Decay,123,0.005
1170,81.57051282051282,BF,KRUM,Baseline-Decay,123,0.005
1200,81.63060897435898,BF,KRUM,Baseline-Decay,123,0.005
1230,81.57051282051282,BF,KRUM,Baseline-Decay,123,0.005
1260,81.81089743589743,BF,KRUM,Baseline-Decay,123,0.005
1290,81.78084935897436,BF,KRUM,Baseline-Decay,123,0.005
1320,81.7207532051282,BF,KRUM,Baseline-Decay,123,0.005
1350,81.71073717948718,BF,KRUM,Baseline-Decay,123,0.005
1380,81.85096153846153,BF,KRUM,Baseline-Decay,123,0.005
1410,81.87099358974359,BF,KRUM,Baseline-Decay,123,0.005
1440,81.90104166666667,BF,KRUM,Baseline-Decay,123,0.005
1470,81.96113782051282,BF,KRUM,Baseline-Decay,123,0.005
1500,82.10136217948718,BF,KRUM,Baseline-Decay,123,0.005
30,38.43149038461539,BF,CM,Baseline,42,0.001
60,56.48036858974359,BF,CM,Baseline,42,0.001
90,65.9354967948718,BF,CM,Baseline,42,0.001
120,71.20392628205128,BF,CM,Baseline,42,0.001
150,75.45072115384616,BF,CM,Baseline,42,0.001
180,77.96474358974359,BF,CM,Baseline,42,0.001
210,79.1766826923077,BF,CM,Baseline,42,0.001
240,79.89783653846153,BF,CM,Baseline,42,0.001
270,80.52884615384616,BF,CM,Baseline,42,0.001
300,81.09975961538461,BF,CM,Baseline,42,0.001
330,81.43028846153847,BF,CM,Baseline,42,0.001
360,81.78084935897436,BF,CM,Baseline,42,0.001
390,81.9110576923077,BF,CM,Baseline,42,0.001
420,82.06129807692308,BF,CM,Baseline,42,0.001
450,82.18149038461539,BF,CM,Baseline,42,0.001
480,82.80248397435898,BF,CM,Baseline,42,0.001
510,83.25320512820512,BF,CM,Baseline,42,0.001
540,83.50360576923077,BF,CM,Baseline,42,0.001
570,83.27323717948718,BF,CM,Baseline,42,0.001
600,83.48357371794872,BF,CM,Baseline,42,0.001
630,83.75400641025641,BF,CM,Baseline,42,0.001
660,83.80408653846153,BF,CM,Baseline,42,0.001
690,83.83413461538461,BF,CM,Baseline,42,0.001
720,84.40504807692308,BF,CM,Baseline,42,0.001
750,84.07451923076923,BF,CM,Baseline,42,0.001
780,84.46514423076923,BF,CM,Baseline,42,0.001
810,84.4951923076923,BF,CM,Baseline,42,0.001
840,84.44511217948718,BF,CM,Baseline,42,0.001
870,84.53525641025641,BF,CM,Baseline,42,0.001
900,84.87580128205128,BF,CM,Baseline,42,0.001
930,84.78565705128206,BF,CM,Baseline,42,0.001
960,84.92588141025641,BF,CM,Baseline,42,0.001
990,85.20633012820512,BF,CM,Baseline,42,0.001
1020,85.2363782051282,BF,CM,Baseline,42,0.001
1050,84.99599358974359,BF,CM,Baseline,42,0.001
1080,84.98597756410257,BF,CM,Baseline,42,0.001
1110,85.28645833333333,BF,CM,Baseline,42,0.001
1140,85.44671474358974,BF,CM,Baseline,42,0.001
1170,85.16626602564102,BF,CM,Baseline,42,0.001
1200,85.64703525641026,BF,CM,Baseline,42,0.001
1230,85.47676282051282,BF,CM,Baseline,42,0.001
1260,84.16466346153847,BF,CM,Baseline,42,0.001
1290,84.46514423076923,BF,CM,Baseline,42,0.001
1320,82.3016826923077,BF,CM,Baseline,42,0.001
1350,77.99479166666667,BF,CM,Baseline,42,0.001
1380,73.56770833333333,BF,CM,Baseline,42,0.001
1410,78.13501602564102,BF,CM,Baseline,42,0.001
1440,82.16145833333333,BF,CM,Baseline,42,0.001
1470,83.26322115384616,BF,CM,Baseline,42,0.001
1500,77.53405448717949,BF,CM,Baseline,42,0.001
30,40.11418269230769,BF,RFA,Baseline,42,0.001
60,57.59214743589744,BF,RFA,Baseline,42,0.001
90,65.9354967948718,BF,RFA,Baseline,42,0.001
120,70.90344551282051,BF,RFA,Baseline,42,0.001
150,75.53084935897436,BF,RFA,Baseline,42,0.001
180,77.99479166666667,BF,RFA,Baseline,42,0.001
210,79.22676282051282,BF,RFA,Baseline,42,0.001
240,79.94791666666667,BF,RFA,Baseline,42,0.001
270,80.61899038461539,BF,RFA,Baseline,42,0.001
300,81.18990384615384,BF,RFA,Baseline,42,0.001
330,81.51041666666667,BF,RFA,Baseline,42,0.001
360,81.7608173076923,BF,RFA,Baseline,42,0.001
390,81.84094551282051,BF,RFA,Baseline,42,0.001
420,81.98116987179488,BF,RFA,Baseline,42,0.001
450,82.16145833333333,BF,RFA,Baseline,42,0.001
480,82.7724358974359,BF,RFA,Baseline,42,0.001
510,83.203125,BF,RFA,Baseline,42,0.001
540,83.39342948717949,BF,RFA,Baseline,42,0.001
570,83.22315705128206,BF,RFA,Baseline,42,0.001
600,83.41346153846153,BF,RFA,Baseline,42,0.001
630,83.73397435897436,BF,RFA,Baseline,42,0.001
660,83.78405448717949,BF,RFA,Baseline,42,0.001
690,83.76402243589743,BF,RFA,Baseline,42,0.001
720,84.32491987179488,BF,RFA,Baseline,42,0.001
750,84.0244391025641,BF,RFA,Baseline,42,0.001
780,84.43509615384616,BF,RFA,Baseline,42,0.001
810,84.46514423076923,BF,RFA,Baseline,42,0.001
840,84.40504807692308,BF,RFA,Baseline,42,0.001
870,84.53525641025641,BF,RFA,Baseline,42,0.001
900,84.83573717948718,BF,RFA,Baseline,42,0.001
930,84.7255608974359,BF,RFA,Baseline,42,0.001
960,84.8457532051282,BF,RFA,Baseline,42,0.001
990,85.12620192307692,BF,RFA,Baseline,42,0.001
1020,85.16626602564102,BF,RFA,Baseline,42,0.001
1050,85.00600961538461,BF,RFA,Baseline,42,0.001
1080,84.97596153846153,BF,RFA,Baseline,42,0.001
1110,85.15625,BF,RFA,Baseline,42,0.001
1140,85.37660256410257,BF,RFA,Baseline,42,0.001
1170,85.14623397435898,BF,RFA,Baseline,42,0.001
1200,85.67708333333333,BF,RFA,Baseline,42,0.001
1230,85.5869391025641,BF,RFA,Baseline,42,0.001
1260,84.40504807692308,BF,RFA,Baseline,42,0.001
1290,84.2548076923077,BF,RFA,Baseline,42,0.001
1320,83.9443108974359,BF,RFA,Baseline,42,0.001
1350,82.68229166666667,BF,RFA,Baseline,42,0.001
1380,78.49559294871794,BF,RFA,Baseline,42,0.001
1410,83.50360576923077,BF,RFA,Baseline,42,0.001
1440,83.69391025641026,BF,RFA,Baseline,42,0.001
1470,81.42027243589743,BF,RFA,Baseline,42,0.001
1500,74.34895833333333,BF,RFA,Baseline,42,0.001
30,80.31850961538461,mimic,CM,Baseline-Decay,123,0.2
60,85.40665064102564,mimic,CM,Baseline-Decay,123,0.2
90,86.60857371794872,mimic,CM,Baseline-Decay,123,0.2
120,87.2295673076923,mimic,CM,Baseline-Decay,123,0.2
150,87.78044871794872,mimic,CM,Baseline-Decay,123,0.2
180,87.92067307692308,mimic,CM,Baseline-Decay,123,0.2
210,88.19110576923077,mimic,CM,Baseline-Decay,123,0.2
240,88.21113782051282,mimic,CM,Baseline-Decay,123,0.2
270,88.42147435897436,mimic,CM,Baseline-Decay,123,0.2
300,88.45152243589743,mimic,CM,Baseline-Decay,123,0.2
330,88.5516826923077,mimic,CM,Baseline-Decay,123,0.2
360,88.6318108974359,mimic,CM,Baseline-Decay,123,0.2
390,88.72195512820512,mimic,CM,Baseline-Decay,123,0.2
420,88.70192307692308,mimic,CM,Baseline-Decay,123,0.2
450,88.74198717948718,mimic,CM,Baseline-Decay,123,0.2
480,88.84214743589743,mimic,CM,Baseline-Decay,123,0.2
510,88.80208333333333,mimic,CM,Baseline-Decay,123,0.2
540,88.78205128205128,mimic,CM,Baseline-Decay,123,0.2
570,88.77203525641026,mimic,CM,Baseline-Decay,123,0.2
600,88.92227564102564,mimic,CM,Baseline-Decay,123,0.2
630,88.83213141025641,mimic,CM,Baseline-Decay,123,0.2
660,88.95232371794872,mimic,CM,Baseline-Decay,123,0.2
690,88.9423076923077,mimic,CM,Baseline-Decay,123,0.2
720,88.92227564102564,mimic,CM,Baseline-Decay,123,0.2
750,88.89222756410257,mimic,CM,Baseline-Decay,123,0.2
780,88.96233974358974,mimic,CM,Baseline-Decay,123,0.2
810,88.9423076923077,mimic,CM,Baseline-Decay,123,0.2
840,88.96233974358974,mimic,CM,Baseline-Decay,123,0.2
870,89.04246794871794,mimic,CM,Baseline-Decay,123,0.2
900,89.0224358974359,mimic,CM,Baseline-Decay,123,0.2
930,88.97235576923077,mimic,CM,Baseline-Decay,123,0.2
960,88.95232371794872,mimic,CM,Baseline-Decay,123,0.2
990,89.0625,mimic,CM,Baseline-Decay,123,0.2
1020,88.9823717948718,mimic,CM,Baseline-Decay,123,0.2
1050,89.03245192307692,mimic,CM,Baseline-Decay,123,0.2
1080,89.01241987179488,mimic,CM,Baseline-Decay,123,0.2
1110,89.07251602564102,mimic,CM,Baseline-Decay,123,0.2
1140,89.1426282051282,mimic,CM,Baseline-Decay,123,0.2
1170,89.03245192307692,mimic,CM,Baseline-Decay,123,0.2
1200,89.07251602564102,mimic,CM,Baseline-Decay,123,0.2
1230,89.11258012820512,mimic,CM,Baseline-Decay,123,0.2
1260,89.07251602564102,mimic,CM,Baseline-Decay,123,0.2
1290,89.03245192307692,mimic,CM,Baseline-Decay,123,0.2
1320,89.07251602564102,mimic,CM,Baseline-Decay,123,0.2
1350,89.1426282051282,mimic,CM,Baseline-Decay,123,0.2
1380,89.12259615384616,mimic,CM,Baseline-Decay,123,0.2
1410,89.13261217948718,mimic,CM,Baseline-Decay,123,0.2
1440,89.15264423076923,mimic,CM,Baseline-Decay,123,0.2
1470,89.11258012820512,mimic,CM,Baseline-Decay,123,0.2
1500,89.1826923076923,mimic,CM,Baseline-Decay,123,0.2
30,81.5204326923077,LF,CM,Baseline,0,0.01
60,81.51041666666667,LF,CM,Baseline,0,0.01
90,82.8125,LF,CM,Baseline,0,0.01
120,84.12459935897436,LF,CM,Baseline,0,0.01
150,84.98597756410257,LF,CM,Baseline,0,0.01
180,85.546875,LF,CM,Baseline,0,0.01
210,85.82732371794872,LF,CM,Baseline,0,0.01
240,86.41826923076923,LF,CM,Baseline,0,0.01
270,86.2479967948718,LF,CM,Baseline,0,0.01
300,86.64863782051282,LF,CM,Baseline,0,0.01
330,87.03926282051282,LF,CM,Baseline,0,0.01
360,87.03926282051282,LF,CM,Baseline,0,0.01
390,87.36979166666667,LF,CM,Baseline,0,0.01
420,87.56009615384616,LF,CM,Baseline,0,0.01
450,87.47996794871794,LF,CM,Baseline,0,0.01
480,87.78044871794872,LF,CM,Baseline,0,0.01
510,87.78044871794872,LF,CM,Baseline,0,0.01
540,87.84054487179488,LF,CM,Baseline,0,0.01
570,87.76041666666667,LF,CM,Baseline,0,0.01
600,88.00080128205128,LF,CM,Baseline,0,0.01
630,88.02083333333333,LF,CM,Baseline,0,0.01
660,87.91065705128206,LF,CM,Baseline,0,0.01
690,88.21113782051282,LF,CM,Baseline,0,0.01
720,88.19110576923077,LF,CM,Baseline,0,0.01
750,88.25120192307692,LF,CM,Baseline,0,0.01
780,88.34134615384616,LF,CM,Baseline,0,0.01
810,88.42147435897436,LF,CM,Baseline,0,0.01
840,88.3213141025641,LF,CM,Baseline,0,0.01
870,88.43149038461539,LF,CM,Baseline,0,0.01
900,88.42147435897436,LF,CM,Baseline,0,0.01
930,88.671875,LF,CM,Baseline,0,0.01
960,88.60176282051282,LF,CM,Baseline,0,0.01
990,88.50160256410257,LF,CM,Baseline,0,0.01
1020,88.6318108974359,LF,CM,Baseline,0,0.01
1050,88.57171474358974,LF,CM,Baseline,0,0.01
1080,88.66185897435898,LF,CM,Baseline,0,0.01
1110,88.51161858974359,LF,CM,Baseline,0,0.01
1140,88.58173076923077,LF,CM,Baseline,0,0.01
1170,88.53165064102564,LF,CM,Baseline,0,0.01
1200,88.83213141025641,LF,CM,Baseline,0,0.01
1230,88.671875,LF,CM,Baseline,0,0.01
1260,88.62179487179488,LF,CM,Baseline,0,0.01
1290,88.64182692307692,LF,CM,Baseline,0,0.01
1320,88.60176282051282,LF,CM,Baseline,0,0.01
1350,88.82211538461539,LF,CM,Baseline,0,0.01
1380,88.70192307692308,LF,CM,Baseline,0,0.01
1410,88.77203525641026,LF,CM,Baseline,0,0.01
1440,88.51161858974359,LF,CM,Baseline,0,0.01
1470,88.81209935897436,LF,CM,Baseline,0,0.01
1500,88.7119391025641,LF,CM,Baseline,0,0.01
30,31.109775641025642,LF,RFA,Byz-NSGDM,0,0.01
60,37.11939102564103,LF,RFA,Byz-NSGDM,0,0.01
90,43.619791666666664,LF,RFA,Byz-NSGDM,0,0.01
120,50.8213141025641,LF,RFA,Byz-NSGDM,0,0.01
150,55.45873397435897,LF,RFA,Byz-NSGDM,0,0.01
180,59.43509615384615,LF,RFA,Byz-NSGDM,0,0.01
210,62.71033653846154,LF,RFA,Byz-NSGDM,0,0.01
240,64.20272435897436,LF,RFA,Byz-NSGDM,0,0.01
270,64.29286858974359,LF,RFA,Byz-NSGDM,0,0.01
300,63.19110576923077,LF,RFA,Byz-NSGDM,0,0.01
330,62.009214743589745,LF,RFA,Byz-NSGDM,0,0.01
360,61.16786858974359,LF,RFA,Byz-NSGDM,0,0.01
390,60.56690705128205,LF,RFA,Byz-NSGDM,0,0.01
420,60.14623397435897,LF,RFA,Byz-NSGDM,0,0.01
450,59.90584935897436,LF,RFA,Byz-NSGDM,0,0.01
480,59.845753205128204,LF,RFA,Byz-NSGDM,0,0.01
510,59.845753205128204,LF,RFA,Byz-NSGDM,0,0.01
540,59.93589743589744,LF,RFA,Byz-NSGDM,0,0.01
570,60.026041666666664,LF,RFA,Byz-NSGDM,0,0.01
600,60.18629807692308,LF,RFA,Byz-NSGDM,0,0.01
630,60.37660256410256,LF,RFA,Byz-NSGDM,0,0.01
660,60.51682692307692,LF,RFA,Byz-NSGDM,0,0.01
690,60.647035256410255,LF,RFA,Byz-NSGDM,0,0.01
720,60.78725961538461,LF,RFA,Byz-NSGDM,0,0.01
750,60.9775641025641,LF,RFA,Byz-NSGDM,0,0.01
780,61.25801282051282,LF,RFA,Byz-NSGDM,0,0.01
810,61.49839743589744,LF,RFA,Byz-NSGDM,0,0.01
840,61.85897435897436,LF,RFA,Byz-NSGDM,0,0.01
870,62.029246794871796,LF,RFA,Byz-NSGDM,0,0.01
900,62.25961538461539,LF,RFA,Byz-NSGDM,0,0.01
930,62.4599358974359,LF,RFA,Byz-NSGDM,0,0.01
960,62.66025641025641,LF,RFA,Byz-NSGDM,0,0.01
990,62.82051282051282,LF,RFA,Byz-NSGDM,0,0.01
1020,63.01081730769231,LF,RFA,Byz-NSGDM,0,0.01
1050,63.22115384615385,LF,RFA,Byz-NSGDM,0,0.01
1080,63.42147435897436,LF,RFA,Byz-NSGDM,0,0.01
1110,63.6318108974359,LF,RFA,Byz-NSGDM,0,0.01
1140,63.85216346153846,LF,RFA,Byz-NSGDM,0,0.01
1170,64.03245192307692,LF,RFA,Byz-NSGDM,0,0.01
1200,64.32291666666667,LF,RFA,Byz-NSGDM,0,0.01
1230,64.453125,LF,RFA,Byz-NSGDM,0,0.01
1260,64.62339743589743,LF,RFA,Byz-NSGDM,0,0.01
1290,64.8036858974359,LF,RFA,Byz-NSGDM,0,0.01
1320,64.98397435897436,LF,RFA,Byz-NSGDM,0,0.01
1350,65.1542467948718,LF,RFA,Byz-NSGDM,0,0.01
1380,65.32451923076923,LF,RFA,Byz-NSGDM,0,0.01
1410,65.44471153846153,LF,RFA,Byz-NSGDM,0,0.01
1440,65.5849358974359,LF,RFA,Byz-NSGDM,0,0.01
1470,65.72516025641026,LF,RFA,Byz-NSGDM,0,0.01
1500,65.83533653846153,LF,RFA,Byz-NSGDM,0,0.01
30,64.4931891025641,mimic,CM,Baseline,0,0.005
60,85.53685897435898,mimic,CM,Baseline,0,0.005
90,87.8104967948718,mimic,CM,Baseline,0,0.005
120,90.1542467948718,mimic,CM,Baseline,0,0.005
150,91.10576923076923,mimic,CM,Baseline,0,0.005
180,92.16746794871794,mimic,CM,Baseline,0,0.005
210,92.55809294871794,mimic,CM,Baseline,0,0.005
240,92.78846153846153,mimic,CM,Baseline,0,0.005
270,93.8701923076923,mimic,CM,Baseline,0,0.005
300,93.75,mimic,CM,Baseline,0,0.005
330,94.59134615384616,mimic,CM,Baseline,0,0.005
360,94.9619391025641,mimic,CM,Baseline,0,0.005
390,94.8417467948718,mimic,CM,Baseline,0,0.005
420,95.51282051282051,mimic,CM,Baseline,0,0.005
450,95.2724358974359,mimic,CM,Baseline,0,0.005
480,95.64302884615384,mimic,CM,Baseline,0,0.005
510,95.99358974358974,mimic,CM,Baseline,0,0.005
540,95.73317307692308,mimic,CM,Baseline,0,0.005
570,96.11378205128206,mimic,CM,Baseline,0,0.005
600,95.89342948717949,mimic,CM,Baseline,0,0.005
630,96.35416666666667,mimic,CM,Baseline,0,0.005
660,96.41426282051282,mimic,CM,Baseline,0,0.005
690,96.55448717948718,mimic,CM,Baseline,0,0.005
720,96.55448717948718,mimic,CM,Baseline,0,0.005
750,96.4443108974359,mimic,CM,Baseline,0,0.005
780,96.59455128205128,mimic,CM,Baseline,0,0.005
810,96.9150641025641,mimic,CM,Baseline,0,0.005
840,96.8349358974359,mimic,CM,Baseline,0,0.005
870,97.16546474358974,mimic,CM,Baseline,0,0.005
900,96.93509615384616,mimic,CM,Baseline,0,0.005
930,97.20552884615384,mimic,CM,Baseline,0,0.005
960,97.27564102564102,mimic,CM,Baseline,0,0.005
990,97.00520833333333,mimic,CM,Baseline,0,0.005
1020,97.16546474358974,mimic,CM,Baseline,0,0.005
1050,97.04527243589743,mimic,CM,Baseline,0,0.005
1080,97.41586538461539,mimic,CM,Baseline,0,0.005
1110,97.31570512820512,mimic,CM,Baseline,0,0.005
1140,97.51602564102564,mimic,CM,Baseline,0,0.005
1170,97.43589743589743,mimic,CM,Baseline,0,0.005
1200,97.62620192307692,mimic,CM,Baseline,0,0.005
1230,97.54607371794872,mimic,CM,Baseline,0,0.005
1260,97.43589743589743,mimic,CM,Baseline,0,0.005
1290,97.29567307692308,mimic,CM,Baseline,0,0.005
1320,97.64623397435898,mimic,CM,Baseline,0,0.005
1350,97.58613782051282,mimic,CM,Baseline,0,0.005
1380,97.81650641025641,mimic,CM,Baseline,0,0.005
1410,97.85657051282051,mimic,CM,Baseline,0,0.005
1440,97.68629807692308,mimic,CM,Baseline,0,0.005
1470,97.88661858974359,mimic,CM,Baseline,0,0.005
1500,98.05689102564102,mimic,CM,Baseline,0,0.005
30,84.65544871794872,mimic,CM,Byz-NSGDM,123,0.2
60,89.3329326923077,mimic,CM,Byz-NSGDM,123,0.2
90,90.84535256410257,mimic,CM,Byz-NSGDM,123,0.2
120,91.8770032051282,mimic,CM,Byz-NSGDM,123,0.2
150,93.17908653846153,mimic,CM,Byz-NSGDM,123,0.2
180,93.29927884615384,mimic,CM,Byz-NSGDM,123,0.2
210,94.09054487179488,mimic,CM,Byz-NSGDM,123,0.2
240,86.15785256410257,mimic,CM,Byz-NSGDM,123,0.2
270,86.78886217948718,mimic,CM,Byz-NSGDM,123,0.2
300,86.328125,mimic,CM,Byz-NSGDM,123,0.2
330,86.60857371794872,mimic,CM,Byz-NSGDM,123,0.2
360,86.86899038461539,mimic,CM,Byz-NSGDM,123,0.2
390,86.87900641025641,mimic,CM,Byz-NSGDM,123,0.2
420,86.80889423076923,mimic,CM,Byz-NSGDM,123,0.2
450,86.84895833333333,mimic,CM,Byz-NSGDM,123,0.2
480,86.8389423076923,mimic,CM,Byz-NSGDM,123,0.2
510,86.9891826923077,mimic,CM,Byz-NSGDM,123,0.2
540,87.11939102564102,mimic,CM,Byz-NSGDM,123,0.2
570,87.0693108974359,mimic,CM,Byz-NSGDM,123,0.2
600,87.13942307692308,mimic,CM,Byz-NSGDM,123,0.2
630,87.32972756410257,mimic,CM,Byz-NSGDM,123,0.2
660,87.20953525641026,mimic,CM,Byz-NSGDM,123,0.2
690,87.20953525641026,mimic,CM,Byz-NSGDM,123,0.2
720,87.30969551282051,mimic,CM,Byz-NSGDM,123,0.2
750,87.4198717948718,mimic,CM,Byz-NSGDM,123,0.2
780,87.44991987179488,mimic,CM,Byz-NSGDM,123,0.2
810,87.48998397435898,mimic,CM,Byz-NSGDM,123,0.2
840,87.67027243589743,mimic,CM,Byz-NSGDM,123,0.2
870,87.6201923076923,mimic,CM,Byz-NSGDM,123,0.2
900,87.61017628205128,mimic,CM,Byz-NSGDM,123,0.2
930,87.73036858974359,mimic,CM,Byz-NSGDM,123,0.2
960,87.70032051282051,mimic,CM,Byz-NSGDM,123,0.2
990,87.71033653846153,mimic,CM,Byz-NSGDM,123,0.2
1020,87.63020833333333,mimic,CM,Byz-NSGDM,123,0.2
1050,87.82051282051282,mimic,CM,Byz-NSGDM,123,0.2
1080,87.7704326923077,mimic,CM,Byz-NSGDM,123,0.2
1110,87.79046474358974,mimic,CM,Byz-NSGDM,123,0.2
1140,87.70032051282051,mimic,CM,Byz-NSGDM,123,0.2
1170,87.98076923076923,mimic,CM,Byz-NSGDM,123,0.2
1200,87.98076923076923,mimic,CM,Byz-NSGDM,123,0.2
1230,87.80048076923077,mimic,CM,Byz-NSGDM,123,0.2
1260,88.05088141025641,mimic,CM,Byz-NSGDM,123,0.2
1290,87.9306891025641,mimic,CM,Byz-NSGDM,123,0.2
1320,88.05088141025641,mimic,CM,Byz-NSGDM,123,0.2
1350,88.05088141025641,mimic,CM,Byz-NSGDM,123,0.2
1380,87.98076923076923,mimic,CM,Byz-NSGDM,123,0.2
1410,87.98076923076923,mimic,CM,Byz-NSGDM,123,0.2
1440,88.23116987179488,mimic,CM,Byz-NSGDM,123,0.2
1470,88.2011217948718,mimic,CM,Byz-NSGDM,123,0.2
1500,88.15104166666667,mimic,CM,Byz-NSGDM,123,0.2
30,57.98277243589744,LF,CM,Baseline,0,0.002
60,70.09214743589743,LF,CM,Baseline,0,0.002
90,82.3016826923077,LF,CM,Baseline,0,0.002
120,78.3954326923077,LF,CM,Baseline,0,0.002
150,80.04807692307692,LF,CM,Baseline,0,0.002
180,80.71915064102564,LF,CM,Baseline,0,0.002
210,81.36017628205128,LF,CM,Baseline,0,0.002
240,82.19150641025641,LF,CM,Baseline,0,0.002
270,82.23157051282051,LF,CM,Baseline,0,0.002
300,82.75240384615384,LF,CM,Baseline,0,0.002
330,83.23317307692308,LF,CM,Baseline,0,0.002
360,83.46354166666667,LF,CM,Baseline,0,0.002
390,83.73397435897436,LF,CM,Baseline,0,0.002
420,84.08453525641026,LF,CM,Baseline,0,0.002
450,84.26482371794872,LF,CM,Baseline,0,0.002
480,84.43509615384616,LF,CM,Baseline,0,0.002
510,84.8858173076923,LF,CM,Baseline,0,0.002
540,85.00600961538461,LF,CM,Baseline,0,0.002
570,84.89583333333333,LF,CM,Baseline,0,0.002
600,85.09615384615384,LF,CM,Baseline,0,0.002
630,85.39663461538461,LF,CM,Baseline,0,0.002
660,85.49679487179488,LF,CM,Baseline,0,0.002
690,85.80729166666667,LF,CM,Baseline,0,0.002
720,85.98758012820512,LF,CM,Baseline,0,0.002
750,85.76722756410257,LF,CM,Baseline,0,0.002
780,85.70713141025641,LF,CM,Baseline,0,0.002
810,85.90745192307692,LF,CM,Baseline,0,0.002
840,85.70713141025641,LF,CM,Baseline,0,0.002
870,85.99759615384616,LF,CM,Baseline,0,0.002
900,86.02764423076923,LF,CM,Baseline,0,0.002
930,86.45833333333333,LF,CM,Baseline,0,0.002
960,86.4483173076923,LF,CM,Baseline,0,0.002
990,86.4483173076923,LF,CM,Baseline,0,0.002
1020,86.61858974358974,LF,CM,Baseline,0,0.002
1050,86.46834935897436,LF,CM,Baseline,0,0.002
1080,86.56850961538461,LF,CM,Baseline,0,0.002
1110,86.33814102564102,LF,CM,Baseline,0,0.002
1140,86.60857371794872,LF,CM,Baseline,0,0.002
1170,86.45833333333333,LF,CM,Baseline,0,0.002
1200,87.01923076923077,LF,CM,Baseline,0,0.002
1230,86.84895833333333,LF,CM,Baseline,0,0.002
1260,86.85897435897436,LF,CM,Baseline,0,0.002
1290,86.66866987179488,LF,CM,Baseline,0,0.002
1320,86.74879807692308,LF,CM,Baseline,0,0.002
1350,87.05929487179488,LF,CM,Baseline,0,0.002
1380,86.85897435897436,LF,CM,Baseline,0,0.002
1410,87.05929487179488,LF,CM,Baseline,0,0.002
1440,86.97916666666667,LF,CM,Baseline,0,0.002
1470,87.23958333333333,LF,CM,Baseline,0,0.002
1500,87.109375,LF,CM,Baseline,0,0.002
30,12.039262820512821,mimic,KRUM,Byz-NSGDM,0,0.005
60,17.868589743589745,mimic,KRUM,Byz-NSGDM,0,0.005
90,20.352564102564102,mimic,KRUM,Byz-NSGDM,0,0.005
120,20.713141025641026,mimic,KRUM,Byz-NSGDM,0,0.005
150,21.744791666666668,mimic,KRUM,Byz-NSGDM,0,0.005
180,23.878205128205128,mimic,KRUM,Byz-NSGDM,0,0.005
210,25.881410256410255,mimic,KRUM,Byz-NSGDM,0,0.005
240,27.093349358974358,mimic,KRUM,Byz-NSGDM,0,0.005
270,29.587339743589745,mimic,KRUM,Byz-NSGDM,0,0.005
300,31.860977564102566,mimic,KRUM,Byz-NSGDM,0,0.005
330,32.421875,mimic,KRUM,Byz-NSGDM,0,0.005
360,32.59214743589744,mimic,KRUM,Byz-NSGDM,0,0.005
390,32.35176282051282,mimic,KRUM,Byz-NSGDM,0,0.005
420,32.30168269230769,mimic,KRUM,Byz-NSGDM,0,0.005
450,32.56209935897436,mimic,KRUM,Byz-NSGDM,0,0.005
480,33.19310897435897,mimic,KRUM,Byz-NSGDM,0,0.005
510,33.99439102564103,mimic,KRUM,Byz-NSGDM,0,0.005
540,34.44511217948718,mimic,KRUM,Byz-NSGDM,0,0.005
570,35.13621794871795,mimic,KRUM,Byz-NSGDM,0,0.005
600,35.857371794871796,mimic,KRUM,Byz-NSGDM,0,0.005
630,36.57852564102564,mimic,KRUM,Byz-NSGDM,0,0.005
660,37.62019230769231,mimic,KRUM,Byz-NSGDM,0,0.005
690,38.47155448717949,mimic,KRUM,Byz-NSGDM,0,0.005
720,39.192708333333336,mimic,KRUM,Byz-NSGDM,0,0.005
750,40.42467948717949,mimic,KRUM,Byz-NSGDM,0,0.005
780,41.666666666666664,mimic,KRUM,Byz-NSGDM,0,0.005
810,42.838541666666664,mimic,KRUM,Byz-NSGDM,0,0.005
840,44.02043269230769,mimic,KRUM,Byz-NSGDM,0,0.005
870,45.06209935897436,mimic,KRUM,Byz-NSGDM,0,0.005
900,45.43269230769231,mimic,KRUM,Byz-NSGDM,0,0.005
930,44.62139423076923,mimic,KRUM,Byz-NSGDM,0,0.005
960,43.60977564102564,mimic,KRUM,Byz-NSGDM,0,0.005
990,42.71834935897436,mimic,KRUM,Byz-NSGDM,0,0.005
1020,42.287660256410255,mimic,KRUM,Byz-NSGDM,0,0.005
1050,41.99719551282051,mimic,KRUM,Byz-NSGDM,0,0.005
1080,41.74679487179487,mimic,KRUM,Byz-NSGDM,0,0.005
1110,41.61658653846154,mimic,KRUM,Byz-NSGDM,0,0.005
1140,41.28605769230769,mimic,KRUM,Byz-NSGDM,0,0.005
1170,41.03565705128205,mimic,KRUM,Byz-NSGDM,0,0.005
1200,40.32451923076923,mimic,KRUM,Byz-NSGDM,0,0.005
1230,39.13261217948718,mimic,KRUM,Byz-NSGDM,0,0.005
1260,37.82051282051282,mimic,KRUM,Byz-NSGDM,0,0.005
1290,36.65865384615385,mimic,KRUM,Byz-NSGDM,0,0.005
1320,35.436698717948715,mimic,KRUM,Byz-NSGDM,0,0.005
1350,34.54527243589744,mimic,KRUM,Byz-NSGDM,0,0.005
1380,33.77403846153846,mimic,KRUM,Byz-NSGDM,0,0.005
1410,33.18309294871795,mimic,KRUM,Byz-NSGDM,0,0.005
1440,32.88261217948718,mimic,KRUM,Byz-NSGDM,0,0.005
1470,32.63221153846154,mimic,KRUM,Byz-NSGDM,0,0.005
1500,32.532051282051285,mimic,KRUM,Byz-NSGDM,0,0.005
30,80.62900641025641,mimic,RFA,Baseline-Decay,42,0.2
60,84.50520833333333,mimic,RFA,Baseline-Decay,42,0.2
90,85.63701923076923,mimic,RFA,Baseline-Decay,42,0.2
120,86.29807692307692,mimic,RFA,Baseline-Decay,42,0.2
150,86.81891025641026,mimic,RFA,Baseline-Decay,42,0.2
180,87.0292467948718,mimic,RFA,Baseline-Decay,42,0.2
210,87.13942307692308,mimic,RFA,Baseline-Decay,42,0.2
240,87.4599358974359,mimic,RFA,Baseline-Decay,42,0.2
270,87.72035256410257,mimic,RFA,Baseline-Decay,42,0.2
300,87.76041666666667,mimic,RFA,Baseline-Decay,42,0.2
330,87.79046474358974,mimic,RFA,Baseline-Decay,42,0.2
360,87.99078525641026,mimic,RFA,Baseline-Decay,42,0.2
390,88.0108173076923,mimic,RFA,Baseline-Decay,42,0.2
420,88.17107371794872,mimic,RFA,Baseline-Decay,42,0.2
450,88.19110576923077,mimic,RFA,Baseline-Decay,42,0.2
480,88.23116987179488,mimic,RFA,Baseline-Decay,42,0.2
510,88.27123397435898,mimic,RFA,Baseline-Decay,42,0.2
540,88.33133012820512,mimic,RFA,Baseline-Decay,42,0.2
570,88.34134615384616,mimic,RFA,Baseline-Decay,42,0.2
600,88.4014423076923,mimic,RFA,Baseline-Decay,42,0.2
630,88.30128205128206,mimic,RFA,Baseline-Decay,42,0.2
660,88.48157051282051,mimic,RFA,Baseline-Decay,42,0.2
690,88.50160256410257,mimic,RFA,Baseline-Decay,42,0.2
720,88.51161858974359,mimic,RFA,Baseline-Decay,42,0.2
750,88.48157051282051,mimic,RFA,Baseline-Decay,42,0.2
780,88.60176282051282,mimic,RFA,Baseline-Decay,42,0.2
810,88.64182692307692,mimic,RFA,Baseline-Decay,42,0.2
840,88.60176282051282,mimic,RFA,Baseline-Decay,42,0.2
870,88.57171474358974,mimic,RFA,Baseline-Decay,42,0.2
900,88.51161858974359,mimic,RFA,Baseline-Decay,42,0.2
930,88.56169871794872,mimic,RFA,Baseline-Decay,42,0.2
960,88.64182692307692,mimic,RFA,Baseline-Decay,42,0.2
990,88.6318108974359,mimic,RFA,Baseline-Decay,42,0.2
1020,88.66185897435898,mimic,RFA,Baseline-Decay,42,0.2
1050,88.60176282051282,mimic,RFA,Baseline-Decay,42,0.2
1080,88.7119391025641,mimic,RFA,Baseline-Decay,42,0.2
1110,88.64182692307692,mimic,RFA,Baseline-Decay,42,0.2
1140,88.6318108974359,mimic,RFA,Baseline-Decay,42,0.2
1170,88.66185897435898,mimic,RFA,Baseline-Decay,42,0.2
1200,88.76201923076923,mimic,RFA,Baseline-Decay,42,0.2
1230,88.74198717948718,mimic,RFA,Baseline-Decay,42,0.2
1260,88.80208333333333,mimic,RFA,Baseline-Decay,42,0.2
1290,88.7920673076923,mimic,RFA,Baseline-Decay,42,0.2
1320,88.76201923076923,mimic,RFA,Baseline-Decay,42,0.2
1350,88.81209935897436,mimic,RFA,Baseline-Decay,42,0.2
1380,88.66185897435898,mimic,RFA,Baseline-Decay,42,0.2
1410,88.69190705128206,mimic,RFA,Baseline-Decay,42,0.2
1440,88.77203525641026,mimic,RFA,Baseline-Decay,42,0.2
1470,88.76201923076923,mimic,RFA,Baseline-Decay,42,0.2
1500,88.83213141025641,mimic,RFA,Baseline-Decay,42,0.2
30,85.77724358974359,LF,CM,Baseline-Decay,0,0.05
60,80.82932692307692,LF,CM,Baseline-Decay,0,0.05
90,82.18149038461539,LF,CM,Baseline-Decay,0,0.05
120,83.00280448717949,LF,CM,Baseline-Decay,0,0.05
150,84.07451923076923,LF,CM,Baseline-Decay,0,0.05
180,84.35496794871794,LF,CM,Baseline-Decay,0,0.05
210,84.61538461538461,LF,CM,Baseline-Decay,0,0.05
240,84.91586538461539,LF,CM,Baseline-Decay,0,0.05
270,84.94591346153847,LF,CM,Baseline-Decay,0,0.05
300,85.1161858974359,LF,CM,Baseline-Decay,0,0.05
330,85.38661858974359,LF,CM,Baseline-Decay,0,0.05
360,85.60697115384616,LF,CM,Baseline-Decay,0,0.05
390,85.71714743589743,LF,CM,Baseline-Decay,0,0.05
420,85.75721153846153,LF,CM,Baseline-Decay,0,0.05
450,85.73717948717949,LF,CM,Baseline-Decay,0,0.05
480,85.99759615384616,LF,CM,Baseline-Decay,0,0.05
510,86.27804487179488,LF,CM,Baseline-Decay,0,0.05
540,86.22796474358974,LF,CM,Baseline-Decay,0,0.05
570,86.07772435897436,LF,CM,Baseline-Decay,0,0.05
600,86.13782051282051,LF,CM,Baseline-Decay,0,0.05
630,86.29807692307692,LF,CM,Baseline-Decay,0,0.05
660,86.30809294871794,LF,CM,Baseline-Decay,0,0.05
690,86.46834935897436,LF,CM,Baseline-Decay,0,0.05
720,86.60857371794872,LF,CM,Baseline-Decay,0,0.05
750,86.42828525641026,LF,CM,Baseline-Decay,0,0.05
780,86.65865384615384,LF,CM,Baseline-Decay,0,0.05
810,86.58854166666667,LF,CM,Baseline-Decay,0,0.05
840,86.58854166666667,LF,CM,Baseline-Decay,0,0.05
870,86.71875,LF,CM,Baseline-Decay,0,0.05
900,86.76883012820512,LF,CM,Baseline-Decay,0,0.05
930,86.86899038461539,LF,CM,Baseline-Decay,0,0.05
960,86.77884615384616,LF,CM,Baseline-Decay,0,0.05
990,86.72876602564102,LF,CM,Baseline-Decay,0,0.05
1020,86.92908653846153,LF,CM,Baseline-Decay,0,0.05
1050,86.92908653846153,LF,CM,Baseline-Decay,0,0.05
1080,86.89903846153847,LF,CM,Baseline-Decay,0,0.05
1110,86.88902243589743,LF,CM,Baseline-Decay,0,0.05
1140,86.8389423076923,LF,CM,Baseline-Decay,0,0.05
1170,86.9891826923077,LF,CM,Baseline-Decay,0,0.05
1200,87.08934294871794,LF,CM,Baseline-Decay,0,0.05
1230,87.109375,LF,CM,Baseline-Decay,0,0.05
1260,87.1895032051282,LF,CM,Baseline-Decay,0,0.05
1290,86.92908653846153,LF,CM,Baseline-Decay,0,0.05
1320,87.07932692307692,LF,CM,Baseline-Decay,0,0.05
1350,87.17948717948718,LF,CM,Baseline-Decay,0,0.05
1380,87.19951923076923,LF,CM,Baseline-Decay,0,0.05
1410,87.29967948717949,LF,CM,Baseline-Decay,0,0.05
1440,87.24959935897436,LF,CM,Baseline-Decay,0,0.05
1470,87.33974358974359,LF,CM,Baseline-Decay,0,0.05
1500,87.30969551282051,LF,CM,Baseline-Decay,0,0.05
30,84.54527243589743,LF,KRUM,Byz-NSGDM,0,1.0
60,85.99759615384616,LF,KRUM,Byz-NSGDM,0,1.0
90,87.05929487179488,LF,KRUM,Byz-NSGDM,0,1.0
120,87.5400641025641,LF,KRUM,Byz-NSGDM,0,1.0
150,87.69030448717949,LF,KRUM,Byz-NSGDM,0,1.0
180,87.8505608974359,LF,KRUM,Byz-NSGDM,0,1.0
210,88.27123397435898,LF,KRUM,Byz-NSGDM,0,1.0
240,88.671875,LF,KRUM,Byz-NSGDM,0,1.0
270,88.42147435897436,LF,KRUM,Byz-NSGDM,0,1.0
300,88.74198717948718,LF,KRUM,Byz-NSGDM,0,1.0
330,88.6318108974359,LF,KRUM,Byz-NSGDM,0,1.0
360,88.86217948717949,LF,KRUM,Byz-NSGDM,0,1.0
390,88.84214743589743,LF,KRUM,Byz-NSGDM,0,1.0
420,89.03245192307692,LF,KRUM,Byz-NSGDM,0,1.0
450,88.80208333333333,LF,KRUM,Byz-NSGDM,0,1.0
480,88.83213141025641,LF,KRUM,Byz-NSGDM,0,1.0
510,88.97235576923077,LF,KRUM,Byz-NSGDM,0,1.0
540,88.93229166666667,LF,KRUM,Byz-NSGDM,0,1.0
570,89.00240384615384,LF,KRUM,Byz-NSGDM,0,1.0
600,88.95232371794872,LF,KRUM,Byz-NSGDM,0,1.0
630,88.9423076923077,LF,KRUM,Byz-NSGDM,0,1.0
660,89.03245192307692,LF,KRUM,Byz-NSGDM,0,1.0
690,89.0224358974359,LF,KRUM,Byz-NSGDM,0,1.0
720,89.1025641025641,LF,KRUM,Byz-NSGDM,0,1.0
750,88.93229166666667,LF,KRUM,Byz-NSGDM,0,1.0
780,89.11258012820512,LF,KRUM,Byz-NSGDM,0,1.0
810,89.09254807692308,LF,KRUM,Byz-NSGDM,0,1.0
840,89.0224358974359,LF,KRUM,Byz-NSGDM,0,1.0
870,89.17267628205128,LF,KRUM,Byz-NSGDM,0,1.0
900,89.11258012820512,LF,KRUM,Byz-NSGDM,0,1.0
930,89.16266025641026,LF,KRUM,Byz-NSGDM,0,1.0
960,89.03245192307692,LF,KRUM,Byz-NSGDM,0,1.0
990,89.08253205128206,LF,KRUM,Byz-NSGDM,0,1.0
1020,89.1826923076923,LF,KRUM,Byz-NSGDM,0,1.0
1050,89.05248397435898,LF,KRUM,Byz-NSGDM,0,1.0
1080,89.13261217948718,LF,KRUM,Byz-NSGDM,0,1.0
1110,89.1025641025641,LF,KRUM,Byz-NSGDM,0,1.0
1140,89.08253205128206,LF,KRUM,Byz-NSGDM,0,1.0
1170,89.03245192307692,LF,KRUM,Byz-NSGDM,0,1.0
1200,89.19270833333333,LF,KRUM,Byz-NSGDM,0,1.0
1230,89.05248397435898,LF,KRUM,Byz-NSGDM,0,1.0
1260,89.13261217948718,LF,KRUM,Byz-NSGDM,0,1.0
1290,89.09254807692308,LF,KRUM,Byz-NSGDM,0,1.0
1320,89.03245192307692,LF,KRUM,Byz-NSGDM,0,1.0
1350,89.13261217948718,LF,KRUM,Byz-NSGDM,0,1.0
1380,89.13261217948718,LF,KRUM,Byz-NSGDM,0,1.0
1410,89.17267628205128,LF,KRUM,Byz-NSGDM,0,1.0
1440,89.09254807692308,LF,KRUM,Byz-NSGDM,0,1.0
1470,89.13261217948718,LF,KRUM,Byz-NSGDM,0,1.0
1500,89.1025641025641,LF,KRUM,Byz-NSGDM,0,1.0
30,40.9755608974359,BF,CM,Baseline,0,0.001
60,65.51482371794872,BF,CM,Baseline,0,0.001
90,64.62339743589743,BF,CM,Baseline,0,0.001
120,74.30889423076923,BF,CM,Baseline,0,0.001
150,71.4443108974359,BF,CM,Baseline,0,0.001
180,77.52403846153847,BF,CM,Baseline,0,0.001
210,78.09495192307692,BF,CM,Baseline,0,0.001
240,79.27684294871794,BF,CM,Baseline,0,0.001
270,79.81770833333333,BF,CM,Baseline,0,0.001
300,80.41866987179488,BF,CM,Baseline,0,0.001
330,80.67908653846153,BF,CM,Baseline,0,0.001
360,81.08974358974359,BF,CM,Baseline,0,0.001
390,81.2099358974359,BF,CM,Baseline,0,0.001
420,81.59054487179488,BF,CM,Baseline,0,0.001
450,81.85096153846153,BF,CM,Baseline,0,0.001
480,82.08133012820512,BF,CM,Baseline,0,0.001
510,82.71233974358974,BF,CM,Baseline,0,0.001
540,82.74238782051282,BF,CM,Baseline,0,0.001
570,82.45192307692308,BF,CM,Baseline,0,0.001
600,82.7323717948718,BF,CM,Baseline,0,0.001
630,83.27323717948718,BF,CM,Baseline,0,0.001
660,83.60376602564102,BF,CM,Baseline,0,0.001
690,83.5136217948718,BF,CM,Baseline,0,0.001
720,83.9042467948718,BF,CM,Baseline,0,0.001
750,83.82411858974359,BF,CM,Baseline,0,0.001
780,84.0244391025641,BF,CM,Baseline,0,0.001
810,84.26482371794872,BF,CM,Baseline,0,0.001
840,83.85416666666667,BF,CM,Baseline,0,0.001
870,84.15464743589743,BF,CM,Baseline,0,0.001
900,84.31490384615384,BF,CM,Baseline,0,0.001
930,84.67548076923077,BF,CM,Baseline,0,0.001
960,84.86578525641026,BF,CM,Baseline,0,0.001
990,84.99599358974359,BF,CM,Baseline,0,0.001
1020,85.09615384615384,BF,CM,Baseline,0,0.001
1050,84.79567307692308,BF,CM,Baseline,0,0.001
1080,84.83573717948718,BF,CM,Baseline,0,0.001
1110,84.57532051282051,BF,CM,Baseline,0,0.001
1140,84.57532051282051,BF,CM,Baseline,0,0.001
1170,84.86578525641026,BF,CM,Baseline,0,0.001
1200,85.31650641025641,BF,CM,Baseline,0,0.001
1230,85.79727564102564,BF,CM,Baseline,0,0.001
1260,81.81089743589743,BF,CM,Baseline,0,0.001
1290,78.40544871794872,BF,CM,Baseline,0,0.001
1320,84.12459935897436,BF,CM,Baseline,0,0.001
1350,84.90584935897436,BF,CM,Baseline,0,0.001
1380,83.02283653846153,BF,CM,Baseline,0,0.001
1410,78.45552884615384,BF,CM,Baseline,0,0.001
1440,73.62780448717949,BF,CM,Baseline,0,0.001
1470,81.05969551282051,BF,CM,Baseline,0,0.001
1500,84.4951923076923,BF,CM,Baseline,0,0.001
30,55.01802884615385,mimic,KRUM,Baseline,0,0.002
60,68.59975961538461,mimic,KRUM,Baseline,0,0.002
90,80.51883012820512,mimic,KRUM,Baseline,0,0.002
120,85.21634615384616,mimic,KRUM,Baseline,0,0.002
150,87.74038461538461,mimic,KRUM,Baseline,0,0.002
180,88.46153846153847,mimic,KRUM,Baseline,0,0.002
210,89.3329326923077,mimic,KRUM,Baseline,0,0.002
240,90.06410256410257,mimic,KRUM,Baseline,0,0.002
270,90.80528846153847,mimic,KRUM,Baseline,0,0.002
300,90.7451923076923,mimic,KRUM,Baseline,0,0.002
330,91.50641025641026,mimic,KRUM,Baseline,0,0.002
360,91.796875,mimic,KRUM,Baseline,0,0.002
390,91.68669871794872,mimic,KRUM,Baseline,0,0.002
420,92.50801282051282,mimic,KRUM,Baseline,0,0.002
450,92.48798076923077,mimic,KRUM,Baseline,0,0.002
480,93.17908653846153,mimic,KRUM,Baseline,0,0.002
510,93.51963141025641,mimic,KRUM,Baseline,0,0.002
540,93.14903846153847,mimic,KRUM,Baseline,0,0.002
570,93.69991987179488,mimic,KRUM,Baseline,0,0.002
600,93.33934294871794,mimic,KRUM,Baseline,0,0.002
630,94.03044871794872,mimic,KRUM,Baseline,0,0.002
660,94.15064102564102,mimic,KRUM,Baseline,0,0.002
690,93.97035256410257,mimic,KRUM,Baseline,0,0.002
720,94.54126602564102,mimic,KRUM,Baseline,0,0.002
750,94.56129807692308,mimic,KRUM,Baseline,0,0.002
780,94.39102564102564,mimic,KRUM,Baseline,0,0.002
810,94.8417467948718,mimic,KRUM,Baseline,0,0.002
840,94.87179487179488,mimic,KRUM,Baseline,0,0.002
870,95.11217948717949,mimic,KRUM,Baseline,0,0.002
900,94.85176282051282,mimic,KRUM,Baseline,0,0.002
930,95.34254807692308,mimic,KRUM,Baseline,0,0.002
960,95.3926282051282,mimic,KRUM,Baseline,0,0.002
990,95.24238782051282,mimic,KRUM,Baseline,0,0.002
1020,95.36258012820512,mimic,KRUM,Baseline,0,0.002
1050,95.07211538461539,mimic,KRUM,Baseline,0,0.002
1080,95.52283653846153,mimic,KRUM,Baseline,0,0.002
1110,95.60296474358974,mimic,KRUM,Baseline,0,0.002
1140,95.81330128205128,mimic,KRUM,Baseline,0,0.002
1170,95.98357371794872,mimic,KRUM,Baseline,0,0.002
1200,95.95352564102564,mimic,KRUM,Baseline,0,0.002
1230,95.94350961538461,mimic,KRUM,Baseline,0,0.002
1260,95.83333333333333,mimic,KRUM,Baseline,0,0.002
1290,96.04366987179488,mimic,KRUM,Baseline,0,0.002
1320,96.15384615384616,mimic,KRUM,Baseline,0,0.002
1350,95.98357371794872,mimic,KRUM,Baseline,0,0.002
1380,96.0536858974359,mimic,KRUM,Baseline,0,0.002
1410,96.35416666666667,mimic,KRUM,Baseline,0,0.002
1440,95.96354166666667,mimic,KRUM,Baseline,0,0.002
1470,96.5244391025641,mimic,KRUM,Baseline,0,0.002
1500,96.54447115384616,mimic,KRUM,Baseline,0,0.002
30,9.815705128205128,BF,KRUM,Baseline-Decay,0,0.5
60,9.815705128205128,BF,KRUM,Baseline-Decay,0,0.5
90,9.815705128205128,BF,KRUM,Baseline-Decay,0,0.5
120,9.815705128205128,BF,KRUM,Baseline-Decay,0,0.5
150,9.815705128205128,BF,KRUM,Baseline-Decay,0,0.5
180,9.815705128205128,BF,KRUM,Baseline-Decay,0,0.5
210,9.815705128205128,BF,KRUM,Baseline-Decay,0,0.5
240,9.815705128205128,BF,KRUM,Baseline-Decay,0,0.5
270,9.815705128205128,BF,KRUM,Baseline-Decay,0,0.5
300,9.815705128205128,BF,KRUM,Baseline-Decay,0,0.5
330,9.815705128205128,BF,KRUM,Baseline-Decay,0,0.5
360,9.815705128205128,BF,KRUM,Baseline-Decay,0,0.5
390,9.815705128205128,BF,KRUM,Baseline-Decay,0,0.5
420,9.815705128205128,BF,KRUM,Baseline-Decay,0,0.5
450,9.815705128205128,BF,KRUM,Baseline-Decay,0,0.5
480,9.815705128205128,BF,KRUM,Baseline-Decay,0,0.5
510,9.815705128205128,BF,KRUM,Baseline-Decay,0,0.5
540,9.815705128205128,BF,KRUM,Baseline-Decay,0,0.5
570,9.815705128205128,BF,KRUM,Baseline-Decay,0,0.5
600,9.815705128205128,BF,KRUM,Baseline-Decay,0,0.5
630,9.815705128205128,BF,KRUM,Baseline-Decay,0,0.5
660,9.815705128205128,BF,KRUM,Baseline-Decay,0,0.5
690,9.815705128205128,BF,KRUM,Baseline-Decay,0,0.5
720,9.815705128205128,BF,KRUM,Baseline-Decay,0,0.5
750,9.815705128205128,BF,KRUM,Baseline-Decay,0,0.5
780,9.815705128205128,BF,KRUM,Baseline-Decay,0,0.5
810,9.815705128205128,BF,KRUM,Baseline-Decay,0,0.5
840,9.815705128205128,BF,KRUM,Baseline-Decay,0,0.5
870,9.815705128205128,BF,KRUM,Baseline-Decay,0,0.5
900,9.815705128205128,BF,KRUM,Baseline-Decay,0,0.5
930,9.815705128205128,BF,KRUM,Baseline-Decay,0,0.5
960,9.815705128205128,BF,KRUM,Baseline-Decay,0,0.5
990,9.815705128205128,BF,KRUM,Baseline-Decay,0,0.5
1020,9.815705128205128,BF,KRUM,Baseline-Decay,0,0.5
1050,9.815705128205128,BF,KRUM,Baseline-Decay,0,0.5
1080,9.815705128205128,BF,KRUM,Baseline-Decay,0,0.5
1110,9.815705128205128,BF,KRUM,Baseline-Decay,0,0.5
1140,9.815705128205128,BF,KRUM,Baseline-Decay,0,0.5
1170,9.815705128205128,BF,KRUM,Baseline-Decay,0,0.5
1200,9.815705128205128,BF,KRUM,Baseline-Decay,0,0.5
1230,9.815705128205128,BF,KRUM,Baseline-Decay,0,0.5
1260,9.815705128205128,BF,KRUM,Baseline-Decay,0,0.5
1290,9.815705128205128,BF,KRUM,Baseline-Decay,0,0.5
1320,9.815705128205128,BF,KRUM,Baseline-Decay,0,0.5
1350,9.815705128205128,BF,KRUM,Baseline-Decay,0,0.5
1380,9.815705128205128,BF,KRUM,Baseline-Decay,0,0.5
1410,9.815705128205128,BF,KRUM,Baseline-Decay,0,0.5
1440,9.815705128205128,BF,KRUM,Baseline-Decay,0,0.5
1470,9.815705128205128,BF,KRUM,Baseline-Decay,0,0.5
1500,9.815705128205128,BF,KRUM,Baseline-Decay,0,0.5
30,64.08253205128206,mimic,RFA,Baseline,0,0.005
60,85.60697115384616,mimic,RFA,Baseline,0,0.005
90,87.96073717948718,mimic,RFA,Baseline,0,0.005
120,90.24439102564102,mimic,RFA,Baseline,0,0.005
150,91.11578525641026,mimic,RFA,Baseline,0,0.005
180,92.16746794871794,mimic,RFA,Baseline,0,0.005
210,92.56810897435898,mimic,RFA,Baseline,0,0.005
30,12.229567307692308,mimic,KRUM,Baseline,42,0.001
60,51.15184294871795,mimic,KRUM,Baseline,42,0.001
90,66.84695512820512,mimic,KRUM,Baseline,42,0.001
120,71.93509615384616,mimic,KRUM,Baseline,42,0.001
150,75.63100961538461,mimic,KRUM,Baseline,42,0.001
180,78.21514423076923,mimic,KRUM,Baseline,42,0.001
210,79.19671474358974,mimic,KRUM,Baseline,42,0.001
240,79.88782051282051,mimic,KRUM,Baseline,42,0.001
270,80.68910256410257,mimic,KRUM,Baseline,42,0.001
300,81.13982371794872,mimic,KRUM,Baseline,42,0.001
330,81.47035256410257,mimic,KRUM,Baseline,42,0.001
360,81.73076923076923,mimic,KRUM,Baseline,42,0.001
390,81.81089743589743,mimic,KRUM,Baseline,42,0.001
420,82.01121794871794,mimic,KRUM,Baseline,42,0.001
450,82.21153846153847,mimic,KRUM,Baseline,42,0.001
480,82.61217948717949,mimic,KRUM,Baseline,42,0.001
510,83.23317307692308,mimic,KRUM,Baseline,42,0.001
540,83.26322115384616,mimic,KRUM,Baseline,42,0.001
570,83.10296474358974,mimic,KRUM,Baseline,42,0.001
600,83.4735576923077,mimic,KRUM,Baseline,42,0.001
630,83.61378205128206,mimic,KRUM,Baseline,42,0.001
660,83.85416666666667,mimic,KRUM,Baseline,42,0.001
690,84.1045673076923,mimic,KRUM,Baseline,42,0.001
720,84.34495192307692,mimic,KRUM,Baseline,42,0.001
750,84.18469551282051,mimic,KRUM,Baseline,42,0.001
780,84.52524038461539,mimic,KRUM,Baseline,42,0.001
810,84.55528846153847,mimic,KRUM,Baseline,42,0.001
840,84.55528846153847,mimic,KRUM,Baseline,42,0.001
870,84.6454326923077,mimic,KRUM,Baseline,42,0.001
900,85.10616987179488,mimic,KRUM,Baseline,42,0.001
930,84.89583333333333,mimic,KRUM,Baseline,42,0.001
960,85.04607371794872,mimic,KRUM,Baseline,42,0.001
990,85.36658653846153,mimic,KRUM,Baseline,42,0.001
1020,85.34655448717949,mimic,KRUM,Baseline,42,0.001
1050,85.35657051282051,mimic,KRUM,Baseline,42,0.001
1080,85.20633012820512,mimic,KRUM,Baseline,42,0.001
1110,85.76722756410257,mimic,KRUM,Baseline,42,0.001
1140,85.70713141025641,mimic,KRUM,Baseline,42,0.001
1170,85.74719551282051,mimic,KRUM,Baseline,42,0.001
1200,85.84735576923077,mimic,KRUM,Baseline,42,0.001
1230,85.73717948717949,mimic,KRUM,Baseline,42,0.001
1260,85.63701923076923,mimic,KRUM,Baseline,42,0.001
1290,85.64703525641026,mimic,KRUM,Baseline,42,0.001
1320,85.99759615384616,mimic,KRUM,Baseline,42,0.001
1350,86.0576923076923,mimic,KRUM,Baseline,42,0.001
1380,85.68709935897436,mimic,KRUM,Baseline,42,0.001
1410,86.0176282051282,mimic,KRUM,Baseline,42,0.001
1440,86.15785256410257,mimic,KRUM,Baseline,42,0.001
1470,86.04767628205128,mimic,KRUM,Baseline,42,0.001
1500,86.31810897435898,mimic,KRUM,Baseline,42,0.001
30,38.28125,mimic,RFA,Baseline,123,0.001
60,60.236378205128204,mimic,RFA,Baseline,123,0.001
90,73.68790064102564,mimic,RFA,Baseline,123,0.001
120,76.67267628205128,mimic,RFA,Baseline,123,0.001
150,78.87620192307692,mimic,RFA,Baseline,123,0.001
180,80.13822115384616,mimic,RFA,Baseline,123,0.001
210,81.06971153846153,mimic,RFA,Baseline,123,0.001
240,81.3301282051282,mimic,RFA,Baseline,123,0.001
270,82.16145833333333,mimic,RFA,Baseline,123,0.001
300,82.24158653846153,mimic,RFA,Baseline,123,0.001
330,82.72235576923077,mimic,RFA,Baseline,123,0.001
360,82.94270833333333,mimic,RFA,Baseline,123,0.001
390,83.06290064102564,mimic,RFA,Baseline,123,0.001
420,83.30328525641026,mimic,RFA,Baseline,123,0.001
450,83.52363782051282,mimic,RFA,Baseline,123,0.001
480,83.61378205128206,mimic,RFA,Baseline,123,0.001
510,83.70392628205128,mimic,RFA,Baseline,123,0.001
540,83.88421474358974,mimic,RFA,Baseline,123,0.001
570,83.89423076923077,mimic,RFA,Baseline,123,0.001
600,84.27483974358974,mimic,RFA,Baseline,123,0.001
630,84.2948717948718,mimic,RFA,Baseline,123,0.001
660,84.54527243589743,mimic,RFA,Baseline,123,0.001
690,84.44511217948718,mimic,RFA,Baseline,123,0.001
720,84.58533653846153,mimic,RFA,Baseline,123,0.001
750,84.6454326923077,mimic,RFA,Baseline,123,0.001
780,84.75560897435898,mimic,RFA,Baseline,123,0.001
810,84.8056891025641,mimic,RFA,Baseline,123,0.001
840,85.00600961538461,mimic,RFA,Baseline,123,0.001
870,85.26642628205128,mimic,RFA,Baseline,123,0.001
900,85.26642628205128,mimic,RFA,Baseline,123,0.001
930,85.43669871794872,mimic,RFA,Baseline,123,0.001
960,85.44671474358974,mimic,RFA,Baseline,123,0.001
990,85.47676282051282,mimic,RFA,Baseline,123,0.001
1020,85.43669871794872,mimic,RFA,Baseline,123,0.001
1050,85.69711538461539,mimic,RFA,Baseline,123,0.001
1080,85.8974358974359,mimic,RFA,Baseline,123,0.001
1110,85.84735576923077,mimic,RFA,Baseline,123,0.001
1140,85.65705128205128,mimic,RFA,Baseline,123,0.001
1170,86.13782051282051,mimic,RFA,Baseline,123,0.001
1200,86.14783653846153,mimic,RFA,Baseline,123,0.001
1230,85.99759615384616,mimic,RFA,Baseline,123,0.001
1260,86.22796474358974,mimic,RFA,Baseline,123,0.001
1290,86.34815705128206,mimic,RFA,Baseline,123,0.001
1320,86.26802884615384,mimic,RFA,Baseline,123,0.001
1350,86.46834935897436,mimic,RFA,Baseline,123,0.001
1380,86.30809294871794,mimic,RFA,Baseline,123,0.001
1410,86.35817307692308,mimic,RFA,Baseline,123,0.001
1440,86.45833333333333,mimic,RFA,Baseline,123,0.001
1470,86.82892628205128,mimic,RFA,Baseline,123,0.001
1500,86.41826923076923,mimic,RFA,Baseline,123,0.001
30,9.815705128205128,mimic,KRUM,Baseline-Decay,0,0.5
60,9.815705128205128,mimic,KRUM,Baseline-Decay,0,0.5
90,9.815705128205128,mimic,KRUM,Baseline-Decay,0,0.5
120,9.815705128205128,mimic,KRUM,Baseline-Decay,0,0.5
150,9.815705128205128,mimic,KRUM,Baseline-Decay,0,0.5
180,9.815705128205128,mimic,KRUM,Baseline-Decay,0,0.5
210,9.815705128205128,mimic,KRUM,Baseline-Decay,0,0.5
240,9.815705128205128,mimic,KRUM,Baseline-Decay,0,0.5
270,9.815705128205128,mimic,KRUM,Baseline-Decay,0,0.5
300,9.815705128205128,mimic,KRUM,Baseline-Decay,0,0.5
330,9.815705128205128,mimic,KRUM,Baseline-Decay,0,0.5
360,9.815705128205128,mimic,KRUM,Baseline-Decay,0,0.5
390,9.815705128205128,mimic,KRUM,Baseline-Decay,0,0.5
420,9.815705128205128,mimic,KRUM,Baseline-Decay,0,0.5
450,9.815705128205128,mimic,KRUM,Baseline-Decay,0,0.5
480,9.815705128205128,mimic,KRUM,Baseline-Decay,0,0.5
510,9.815705128205128,mimic,KRUM,Baseline-Decay,0,0.5
540,9.815705128205128,mimic,KRUM,Baseline-Decay,0,0.5
570,9.815705128205128,mimic,KRUM,Baseline-Decay,0,0.5
600,9.815705128205128,mimic,KRUM,Baseline-Decay,0,0.5
630,9.815705128205128,mimic,KRUM,Baseline-Decay,0,0.5
660,9.815705128205128,mimic,KRUM,Baseline-Decay,0,0.5
690,9.815705128205128,mimic,KRUM,Baseline-Decay,0,0.5
720,9.815705128205128,mimic,KRUM,Baseline-Decay,0,0.5
750,9.815705128205128,mimic,KRUM,Baseline-Decay,0,0.5
780,9.815705128205128,mimic,KRUM,Baseline-Decay,0,0.5
810,9.815705128205128,mimic,KRUM,Baseline-Decay,0,0.5
840,9.815705128205128,mimic,KRUM,Baseline-Decay,0,0.5
870,9.815705128205128,mimic,KRUM,Baseline-Decay,0,0.5
900,9.815705128205128,mimic,KRUM,Baseline-Decay,0,0.5
930,9.815705128205128,mimic,KRUM,Baseline-Decay,0,0.5
960,9.815705128205128,mimic,KRUM,Baseline-Decay,0,0.5
990,9.815705128205128,mimic,KRUM,Baseline-Decay,0,0.5
1020,9.815705128205128,mimic,KRUM,Baseline-Decay,0,0.5
1050,9.815705128205128,mimic,KRUM,Baseline-Decay,0,0.5
1080,9.815705128205128,mimic,KRUM,Baseline-Decay,0,0.5
1110,9.815705128205128,mimic,KRUM,Baseline-Decay,0,0.5
1140,9.815705128205128,mimic,KRUM,Baseline-Decay,0,0.5
1170,9.815705128205128,mimic,KRUM,Baseline-Decay,0,0.5
1200,9.815705128205128,mimic,KRUM,Baseline-Decay,0,0.5
1230,9.815705128205128,mimic,KRUM,Baseline-Decay,0,0.5
1260,9.815705128205128,mimic,KRUM,Baseline-Decay,0,0.5
1290,9.815705128205128,mimic,KRUM,Baseline-Decay,0,0.5
1320,9.815705128205128,mimic,KRUM,Baseline-Decay,0,0.5
1350,9.815705128205128,mimic,KRUM,Baseline-Decay,0,0.5
1380,9.815705128205128,mimic,KRUM,Baseline-Decay,0,0.5
1410,9.815705128205128,mimic,KRUM,Baseline-Decay,0,0.5
1440,9.815705128205128,mimic,KRUM,Baseline-Decay,0,0.5
1470,9.815705128205128,mimic,KRUM,Baseline-Decay,0,0.5
1500,9.815705128205128,mimic,KRUM,Baseline-Decay,0,0.5
30,82.3016826923077,LF,CM,Baseline-Decay,42,0.2
60,84.51522435897436,LF,CM,Baseline-Decay,42,0.2
90,85.82732371794872,LF,CM,Baseline-Decay,42,0.2
120,86.23798076923077,LF,CM,Baseline-Decay,42,0.2
150,86.77884615384616,LF,CM,Baseline-Decay,42,0.2
180,87.11939102564102,LF,CM,Baseline-Decay,42,0.2
210,87.21955128205128,LF,CM,Baseline-Decay,42,0.2
240,87.46995192307692,LF,CM,Baseline-Decay,42,0.2
270,87.6201923076923,LF,CM,Baseline-Decay,42,0.2
300,87.64022435897436,LF,CM,Baseline-Decay,42,0.2
330,87.87059294871794,LF,CM,Baseline-Decay,42,0.2
360,88.00080128205128,LF,CM,Baseline-Decay,42,0.2
390,87.9306891025641,LF,CM,Baseline-Decay,42,0.2
420,88.14102564102564,LF,CM,Baseline-Decay,42,0.2
450,88.1610576923077,LF,CM,Baseline-Decay,42,0.2
480,88.08092948717949,LF,CM,Baseline-Decay,42,0.2
510,88.19110576923077,LF,CM,Baseline-Decay,42,0.2
540,88.2411858974359,LF,CM,Baseline-Decay,42,0.2
570,88.33133012820512,LF,CM,Baseline-Decay,42,0.2
600,88.33133012820512,LF,CM,Baseline-Decay,42,0.2
630,88.33133012820512,LF,CM,Baseline-Decay,42,0.2
660,88.4014423076923,LF,CM,Baseline-Decay,42,0.2
690,88.42147435897436,LF,CM,Baseline-Decay,42,0.2
720,88.47155448717949,LF,CM,Baseline-Decay,42,0.2
750,88.43149038461539,LF,CM,Baseline-Decay,42,0.2
780,88.50160256410257,LF,CM,Baseline-Decay,42,0.2
810,88.56169871794872,LF,CM,Baseline-Decay,42,0.2
840,88.5917467948718,LF,CM,Baseline-Decay,42,0.2
870,88.51161858974359,LF,CM,Baseline-Decay,42,0.2
900,88.61177884615384,LF,CM,Baseline-Decay,42,0.2
930,88.6318108974359,LF,CM,Baseline-Decay,42,0.2
960,88.65184294871794,LF,CM,Baseline-Decay,42,0.2
990,88.68189102564102,LF,CM,Baseline-Decay,42,0.2
1020,88.70192307692308,LF,CM,Baseline-Decay,42,0.2
1050,88.68189102564102,LF,CM,Baseline-Decay,42,0.2
1080,88.7520032051282,LF,CM,Baseline-Decay,42,0.2
1110,88.74198717948718,LF,CM,Baseline-Decay,42,0.2
1140,88.66185897435898,LF,CM,Baseline-Decay,42,0.2
1170,88.671875,LF,CM,Baseline-Decay,42,0.2
1200,88.76201923076923,LF,CM,Baseline-Decay,42,0.2
1230,88.671875,LF,CM,Baseline-Decay,42,0.2
1260,88.82211538461539,LF,CM,Baseline-Decay,42,0.2
1290,88.671875,LF,CM,Baseline-Decay,42,0.2
1320,88.70192307692308,LF,CM,Baseline-Decay,42,0.2
1350,88.81209935897436,LF,CM,Baseline-Decay,42,0.2
1380,88.7119391025641,LF,CM,Baseline-Decay,42,0.2
1410,88.81209935897436,LF,CM,Baseline-Decay,42,0.2
1440,88.77203525641026,LF,CM,Baseline-Decay,42,0.2
1470,88.81209935897436,LF,CM,Baseline-Decay,42,0.2
1500,88.70192307692308,LF,CM,Baseline-Decay,42,0.2
30,65.51482371794872,mimic,KRUM,Baseline,0,0.005
60,85.53685897435898,mimic,KRUM,Baseline,0,0.005
90,87.6201923076923,mimic,KRUM,Baseline,0,0.005
120,90.13421474358974,mimic,KRUM,Baseline,0,0.005
150,91.04567307692308,mimic,KRUM,Baseline,0,0.005
180,92.2275641025641,mimic,KRUM,Baseline,0,0.005
210,92.39783653846153,mimic,KRUM,Baseline,0,0.005
240,92.60817307692308,mimic,KRUM,Baseline,0,0.005
270,93.91025641025641,mimic,KRUM,Baseline,0,0.005
300,93.8301282051282,mimic,KRUM,Baseline,0,0.005
330,94.47115384615384,mimic,KRUM,Baseline,0,0.005
360,95.0020032051282,mimic,KRUM,Baseline,0,0.005
390,94.89182692307692,mimic,KRUM,Baseline,0,0.005
420,95.3525641025641,mimic,KRUM,Baseline,0,0.005
450,95.13221153846153,mimic,KRUM,Baseline,0,0.005
480,95.5829326923077,mimic,KRUM,Baseline,0,0.005
510,95.95352564102564,mimic,KRUM,Baseline,0,0.005
540,95.703125,mimic,KRUM,Baseline,0,0.005
570,96.07371794871794,mimic,KRUM,Baseline,0,0.005
600,95.81330128205128,mimic,KRUM,Baseline,0,0.005
630,96.25400641025641,mimic,KRUM,Baseline,0,0.005
660,96.37419871794872,mimic,KRUM,Baseline,0,0.005
690,96.484375,mimic,KRUM,Baseline,0,0.005
720,96.51442307692308,mimic,KRUM,Baseline,0,0.005
750,96.3641826923077,mimic,KRUM,Baseline,0,0.005
780,96.63461538461539,mimic,KRUM,Baseline,0,0.005
810,96.875,mimic,KRUM,Baseline,0,0.005
840,96.88501602564102,mimic,KRUM,Baseline,0,0.005
870,97.04527243589743,mimic,KRUM,Baseline,0,0.005
900,96.96514423076923,mimic,KRUM,Baseline,0,0.005
930,97.13541666666667,mimic,KRUM,Baseline,0,0.005
960,97.21554487179488,mimic,KRUM,Baseline,0,0.005
990,96.97516025641026,mimic,KRUM,Baseline,0,0.005
1020,97.19551282051282,mimic,KRUM,Baseline,0,0.005
1050,97.07532051282051,mimic,KRUM,Baseline,0,0.005
1080,97.39583333333333,mimic,KRUM,Baseline,0,0.005
1110,97.3056891025641,mimic,KRUM,Baseline,0,0.005
1140,97.51602564102564,mimic,KRUM,Baseline,0,0.005
1170,97.48597756410257,mimic,KRUM,Baseline,0,0.005
1200,97.6161858974359,mimic,KRUM,Baseline,0,0.005
1230,97.64623397435898,mimic,KRUM,Baseline,0,0.005
1260,97.40584935897436,mimic,KRUM,Baseline,0,0.005
1290,97.35576923076923,mimic,KRUM,Baseline,0,0.005
1320,97.76642628205128,mimic,KRUM,Baseline,0,0.005
1350,97.59615384615384,mimic,KRUM,Baseline,0,0.005
1380,97.81650641025641,mimic,KRUM,Baseline,0,0.005
1410,97.91666666666667,mimic,KRUM,Baseline,0,0.005
1440,97.68629807692308,mimic,KRUM,Baseline,0,0.005
1470,97.93669871794872,mimic,KRUM,Baseline,0,0.005
1500,98.13701923076923,mimic,KRUM,Baseline,0,0.005
30,67.82852564102564,BF,RFA,Baseline-Decay,123,0.05
60,79.58733974358974,BF,RFA,Baseline-Decay,123,0.05
90,82.03125,BF,RFA,Baseline-Decay,123,0.05
120,82.62219551282051,BF,RFA,Baseline-Decay,123,0.05
150,83.82411858974359,BF,RFA,Baseline-Decay,123,0.05
180,84.07451923076923,BF,RFA,Baseline-Decay,123,0.05
210,84.26482371794872,BF,RFA,Baseline-Decay,123,0.05
240,84.70552884615384,BF,RFA,Baseline-Decay,123,0.05
270,84.89583333333333,BF,RFA,Baseline-Decay,123,0.05
300,84.86578525641026,BF,RFA,Baseline-Decay,123,0.05
330,85.22636217948718,BF,RFA,Baseline-Decay,123,0.05
360,85.38661858974359,BF,RFA,Baseline-Decay,123,0.05
390,85.21634615384616,BF,RFA,Baseline-Decay,123,0.05
420,85.51682692307692,BF,RFA,Baseline-Decay,123,0.05
450,85.20633012820512,BF,RFA,Baseline-Decay,123,0.05
480,84.98597756410257,BF,RFA,Baseline-Decay,123,0.05
510,79.65745192307692,BF,RFA,Baseline-Decay,123,0.05
540,83.50360576923077,BF,RFA,Baseline-Decay,123,0.05
570,83.19310897435898,BF,RFA,Baseline-Decay,123,0.05
600,76.45232371794872,BF,RFA,Baseline-Decay,123,0.05
630,82.31169871794872,BF,RFA,Baseline-Decay,123,0.05
660,77.44391025641026,BF,RFA,Baseline-Decay,123,0.05
690,74.8798076923077,BF,RFA,Baseline-Decay,123,0.05
720,83.03285256410257,BF,RFA,Baseline-Decay,123,0.05
750,83.35336538461539,BF,RFA,Baseline-Decay,123,0.05
780,78.29527243589743,BF,RFA,Baseline-Decay,123,0.05
810,70.6630608974359,BF,RFA,Baseline-Decay,123,0.05
840,78.97636217948718,BF,RFA,Baseline-Decay,123,0.05
870,83.11298076923077,BF,RFA,Baseline-Decay,123,0.05
900,80.0380608974359,BF,RFA,Baseline-Decay,123,0.05
930,40.86538461538461,BF,RFA,Baseline-Decay,123,0.05
960,11.478365384615385,BF,RFA,Baseline-Decay,123,0.05
990,11.46834935897436,BF,RFA,Baseline-Decay,123,0.05
1020,11.46834935897436,BF,RFA,Baseline-Decay,123,0.05
1050,11.46834935897436,BF,RFA,Baseline-Decay,123,0.05
1080,11.498397435897436,BF,RFA,Baseline-Decay,123,0.05
1110,11.688701923076923,BF,RFA,Baseline-Decay,123,0.05
1140,11.80889423076923,BF,RFA,Baseline-Decay,123,0.05
1170,17.75841346153846,BF,RFA,Baseline-Decay,123,0.05
1200,11.548477564102564,BF,RFA,Baseline-Decay,123,0.05
1230,11.588541666666666,BF,RFA,Baseline-Decay,123,0.05
1260,11.618589743589743,BF,RFA,Baseline-Decay,123,0.05
1290,11.598557692307692,BF,RFA,Baseline-Decay,123,0.05
1320,11.728766025641026,BF,RFA,Baseline-Decay,123,0.05
1350,11.848958333333334,BF,RFA,Baseline-Decay,123,0.05
1380,11.71875,BF,RFA,Baseline-Decay,123,0.05
1410,11.728766025641026,BF,RFA,Baseline-Decay,123,0.05
1440,11.989182692307692,BF,RFA,Baseline-Decay,123,0.05
1470,12.19951923076923,BF,RFA,Baseline-Decay,123,0.05
1500,12.239583333333334,BF,RFA,Baseline-Decay,123,0.05
30,91.49639423076923,LF,CM,Baseline-Decay,123,0.2
60,93.7099358974359,LF,CM,Baseline-Decay,123,0.2
90,95.3525641025641,LF,CM,Baseline-Decay,123,0.2
120,95.71314102564102,LF,CM,Baseline-Decay,123,0.2
150,96.25400641025641,LF,CM,Baseline-Decay,123,0.2
180,96.55448717948718,LF,CM,Baseline-Decay,123,0.2
210,96.58453525641026,LF,CM,Baseline-Decay,123,0.2
240,96.93509615384616,LF,CM,Baseline-Decay,123,0.2
270,97.12540064102564,LF,CM,Baseline-Decay,123,0.2
300,97.2255608974359,LF,CM,Baseline-Decay,123,0.2
330,97.265625,LF,CM,Baseline-Decay,123,0.2
360,97.46594551282051,LF,CM,Baseline-Decay,123,0.2
390,97.52604166666667,LF,CM,Baseline-Decay,123,0.2
420,97.68629807692308,LF,CM,Baseline-Decay,123,0.2
450,97.68629807692308,LF,CM,Baseline-Decay,123,0.2
480,97.65625,LF,CM,Baseline-Decay,123,0.2
510,97.68629807692308,LF,CM,Baseline-Decay,123,0.2
540,97.71634615384616,LF,CM,Baseline-Decay,123,0.2
570,97.89663461538461,LF,CM,Baseline-Decay,123,0.2
600,97.89663461538461,LF,CM,Baseline-Decay,123,0.2
630,97.94671474358974,LF,CM,Baseline-Decay,123,0.2
660,97.98677884615384,LF,CM,Baseline-Decay,123,0.2
690,98.0068108974359,LF,CM,Baseline-Decay,123,0.2
720,98.046875,LF,CM,Baseline-Decay,123,0.2
750,97.9667467948718,LF,CM,Baseline-Decay,123,0.2
780,98.1270032051282,LF,CM,Baseline-Decay,123,0.2
810,98.05689102564102,LF,CM,Baseline-Decay,123,0.2
840,98.11698717948718,LF,CM,Baseline-Decay,123,0.2
870,98.07692307692308,LF,CM,Baseline-Decay,123,0.2
900,98.19711538461539,LF,CM,Baseline-Decay,123,0.2
930,98.13701923076923,LF,CM,Baseline-Decay,123,0.2
960,98.15705128205128,LF,CM,Baseline-Decay,123,0.2
990,98.24719551282051,LF,CM,Baseline-Decay,123,0.2
1020,98.13701923076923,LF,CM,Baseline-Decay,123,0.2
1050,98.27724358974359,LF,CM,Baseline-Decay,123,0.2
1080,98.29727564102564,LF,CM,Baseline-Decay,123,0.2
1110,98.25721153846153,LF,CM,Baseline-Decay,123,0.2
1140,98.26722756410257,LF,CM,Baseline-Decay,123,0.2
1170,98.17708333333333,LF,CM,Baseline-Decay,123,0.2
1200,98.32732371794872,LF,CM,Baseline-Decay,123,0.2
1230,98.30729166666667,LF,CM,Baseline-Decay,123,0.2
1260,98.25721153846153,LF,CM,Baseline-Decay,123,0.2
1290,98.25721153846153,LF,CM,Baseline-Decay,123,0.2
1320,98.42748397435898,LF,CM,Baseline-Decay,123,0.2
1350,98.26722756410257,LF,CM,Baseline-Decay,123,0.2
1380,98.14703525641026,LF,CM,Baseline-Decay,123,0.2
1410,98.33733974358974,LF,CM,Baseline-Decay,123,0.2
1440,98.3573717948718,LF,CM,Baseline-Decay,123,0.2
1470,98.26722756410257,LF,CM,Baseline-Decay,123,0.2
1500,98.34735576923077,LF,CM,Baseline-Decay,123,0.2
30,79.2568108974359,mimic,CM,Baseline,0,0.01
60,88.52163461538461,mimic,CM,Baseline,0,0.01
90,90.69511217948718,mimic,CM,Baseline,0,0.01
120,92.68830128205128,mimic,CM,Baseline,0,0.01
150,93.02884615384616,mimic,CM,Baseline,0,0.01
180,94.11057692307692,mimic,CM,Baseline,0,0.01
210,94.20072115384616,mimic,CM,Baseline,0,0.01
240,94.60136217948718,mimic,CM,Baseline,0,0.01
270,95.47275641025641,mimic,CM,Baseline,0,0.01
300,95.76322115384616,mimic,CM,Baseline,0,0.01
330,96.1338141025641,mimic,CM,Baseline,0,0.01
360,96.54447115384616,mimic,CM,Baseline,0,0.01
390,96.68469551282051,mimic,CM,Baseline,0,0.01
420,96.82491987179488,mimic,CM,Baseline,0,0.01
450,88.70192307692308,mimic,CM,Baseline,0,0.01
480,89.94391025641026,mimic,CM,Baseline,0,0.01
510,90.87540064102564,mimic,CM,Baseline,0,0.01
540,88.6318108974359,mimic,CM,Baseline,0,0.01
570,88.65184294871794,mimic,CM,Baseline,0,0.01
600,88.31129807692308,mimic,CM,Baseline,0,0.01
630,88.73197115384616,mimic,CM,Baseline,0,0.01
660,88.97235576923077,mimic,CM,Baseline,0,0.01
690,88.80208333333333,mimic,CM,Baseline,0,0.01
720,88.72195512820512,mimic,CM,Baseline,0,0.01
750,88.62179487179488,mimic,CM,Baseline,0,0.01
780,88.60176282051282,mimic,CM,Baseline,0,0.01
810,88.73197115384616,mimic,CM,Baseline,0,0.01
840,88.66185897435898,mimic,CM,Baseline,0,0.01
870,88.93229166666667,mimic,CM,Baseline,0,0.01
900,88.7520032051282,mimic,CM,Baseline,0,0.01
930,88.86217948717949,mimic,CM,Baseline,0,0.01
960,88.86217948717949,mimic,CM,Baseline,0,0.01
990,89.03245192307692,mimic,CM,Baseline,0,0.01
1020,88.96233974358974,mimic,CM,Baseline,0,0.01
1050,88.85216346153847,mimic,CM,Baseline,0,0.01
1080,88.87219551282051,mimic,CM,Baseline,0,0.01
1110,88.9423076923077,mimic,CM,Baseline,0,0.01
1140,89.04246794871794,mimic,CM,Baseline,0,0.01
1170,89.00240384615384,mimic,CM,Baseline,0,0.01
1200,89.0224358974359,mimic,CM,Baseline,0,0.01
1230,89.01241987179488,mimic,CM,Baseline,0,0.01
1260,89.12259615384616,mimic,CM,Baseline,0,0.01
1290,88.83213141025641,mimic,CM,Baseline,0,0.01
1320,88.95232371794872,mimic,CM,Baseline,0,0.01
1350,89.00240384615384,mimic,CM,Baseline,0,0.01
1380,89.05248397435898,mimic,CM,Baseline,0,0.01
1410,89.20272435897436,mimic,CM,Baseline,0,0.01
1440,89.0224358974359,mimic,CM,Baseline,0,0.01
1470,89.12259615384616,mimic,CM,Baseline,0,0.01
1500,89.04246794871794,mimic,CM,Baseline,0,0.01
30,55.939503205128204,BF,CM,Baseline,0,0.002
60,68.0088141025641,BF,CM,Baseline,0,0.002
90,71.84495192307692,BF,CM,Baseline,0,0.002
120,78.40544871794872,BF,CM,Baseline,0,0.002
150,79.89783653846153,BF,CM,Baseline,0,0.002
180,80.79927884615384,BF,CM,Baseline,0,0.002
210,81.11979166666667,BF,CM,Baseline,0,0.002
240,82.06129807692308,BF,CM,Baseline,0,0.002
270,82.01121794871794,BF,CM,Baseline,0,0.002
300,82.5020032051282,BF,CM,Baseline,0,0.002
330,82.98277243589743,BF,CM,Baseline,0,0.002
360,83.3233173076923,BF,CM,Baseline,0,0.002
390,83.43349358974359,BF,CM,Baseline,0,0.002
420,84.12459935897436,BF,CM,Baseline,0,0.002
450,84.39503205128206,BF,CM,Baseline,0,0.002
480,84.36498397435898,BF,CM,Baseline,0,0.002
510,84.36498397435898,BF,CM,Baseline,0,0.002
540,84.85576923076923,BF,CM,Baseline,0,0.002
570,85.28645833333333,BF,CM,Baseline,0,0.002
600,84.42508012820512,BF,CM,Baseline,0,0.002
630,84.04447115384616,BF,CM,Baseline,0,0.002
660,79.75761217948718,BF,CM,Baseline,0,0.002
690,78.73597756410257,BF,CM,Baseline,0,0.002
720,85.52684294871794,BF,CM,Baseline,0,0.002
750,83.75400641025641,BF,CM,Baseline,0,0.002
780,77.34375,BF,CM,Baseline,0,0.002
810,77.3036858974359,BF,CM,Baseline,0,0.002
840,83.29326923076923,BF,CM,Baseline,0,0.002
870,82.3016826923077,BF,CM,Baseline,0,0.002
900,79.81770833333333,BF,CM,Baseline,0,0.002
930,84.4551282051282,BF,CM,Baseline,0,0.002
960,82.97275641025641,BF,CM,Baseline,0,0.002
990,78.29527243589743,BF,CM,Baseline,0,0.002
1020,82.57211538461539,BF,CM,Baseline,0,0.002
1050,84.55528846153847,BF,CM,Baseline,0,0.002
1080,61.83894230769231,BF,CM,Baseline,0,0.002
1110,79.84775641025641,BF,CM,Baseline,0,0.002
1140,47.17548076923077,BF,CM,Baseline,0,0.002
1170,10.336538461538462,BF,CM,Baseline,0,0.002
1200,10.336538461538462,BF,CM,Baseline,0,0.002
1230,10.336538461538462,BF,CM,Baseline,0,0.002
1260,10.336538461538462,BF,CM,Baseline,0,0.002
1290,10.336538461538462,BF,CM,Baseline,0,0.002
1320,10.336538461538462,BF,CM,Baseline,0,0.002
1350,10.336538461538462,BF,CM,Baseline,0,0.002
1380,10.336538461538462,BF,CM,Baseline,0,0.002
1410,10.336538461538462,BF,CM,Baseline,0,0.002
1440,10.336538461538462,BF,CM,Baseline,0,0.002
1470,10.336538461538462,BF,CM,Baseline,0,0.002
1500,11.368189102564102,BF,CM,Baseline,0,0.002
30,31.049679487179485,BF,CM,Byz-NSGDM,0,0.01
60,37.47996794871795,BF,CM,Byz-NSGDM,0,0.01
90,42.80849358974359,BF,CM,Byz-NSGDM,0,0.01
120,47.766426282051285,BF,CM,Byz-NSGDM,0,0.01
150,51.90304487179487,BF,CM,Byz-NSGDM,0,0.01
180,55.34855769230769,BF,CM,Byz-NSGDM,0,0.01
210,57.892628205128204,BF,CM,Byz-NSGDM,0,0.01
240,60.00600961538461,BF,CM,Byz-NSGDM,0,0.01
270,61.59855769230769,BF,CM,Byz-NSGDM,0,0.01
300,62.780448717948715,BF,CM,Byz-NSGDM,0,0.01
330,63.64182692307692,BF,CM,Byz-NSGDM,0,0.01
360,64.453125,BF,CM,Byz-NSGDM,0,0.01
390,65.12419871794872,BF,CM,Byz-NSGDM,0,0.01
420,65.56490384615384,BF,CM,Byz-NSGDM,0,0.01
450,66.0556891025641,BF,CM,Byz-NSGDM,0,0.01
480,66.42628205128206,BF,CM,Byz-NSGDM,0,0.01
510,67.01722756410257,BF,CM,Byz-NSGDM,0,0.01
540,67.29767628205128,BF,CM,Byz-NSGDM,0,0.01
570,67.42788461538461,BF,CM,Byz-NSGDM,0,0.01
600,67.2676282051282,BF,CM,Byz-NSGDM,0,0.01
630,67.11738782051282,BF,CM,Byz-NSGDM,0,0.01
660,66.47636217948718,BF,CM,Byz-NSGDM,0,0.01
690,65.625,BF,CM,Byz-NSGDM,0,0.01
720,64.97395833333333,BF,CM,Byz-NSGDM,0,0.01
750,64.52323717948718,BF,CM,Byz-NSGDM,0,0.01
780,64.16266025641026,BF,CM,Byz-NSGDM,0,0.01
810,63.772035256410255,BF,CM,Byz-NSGDM,0,0.01
840,63.561698717948715,BF,CM,Byz-NSGDM,0,0.01
870,63.40144230769231,BF,CM,Byz-NSGDM,0,0.01
900,63.34134615384615,BF,CM,Byz-NSGDM,0,0.01
930,63.30128205128205,BF,CM,Byz-NSGDM,0,0.01
960,63.13100961538461,BF,CM,Byz-NSGDM,0,0.01
990,63.05088141025641,BF,CM,Byz-NSGDM,0,0.01
1020,63.19110576923077,BF,CM,Byz-NSGDM,0,0.01
1050,63.21113782051282,BF,CM,Byz-NSGDM,0,0.01
1080,63.28125,BF,CM,Byz-NSGDM,0,0.01
1110,63.391426282051285,BF,CM,Byz-NSGDM,0,0.01
1140,63.541666666666664,BF,CM,Byz-NSGDM,0,0.01
1170,63.76201923076923,BF,CM,Byz-NSGDM,0,0.01
1200,63.982371794871796,BF,CM,Byz-NSGDM,0,0.01
1230,64.09254807692308,BF,CM,Byz-NSGDM,0,0.01
1260,64.29286858974359,BF,CM,Byz-NSGDM,0,0.01
1290,64.46314102564102,BF,CM,Byz-NSGDM,0,0.01
1320,64.65344551282051,BF,CM,Byz-NSGDM,0,0.01
1350,64.8838141025641,BF,CM,Byz-NSGDM,0,0.01
1380,65.00400641025641,BF,CM,Byz-NSGDM,0,0.01
1410,65.17427884615384,BF,CM,Byz-NSGDM,0,0.01
1440,65.33453525641026,BF,CM,Byz-NSGDM,0,0.01
1470,65.46474358974359,BF,CM,Byz-NSGDM,0,0.01
1500,65.60496794871794,BF,CM,Byz-NSGDM,0,0.01
30,79.19671474358974,BF,RFA,Byz-NSGDM,0,1.0
60,86.00761217948718,BF,RFA,Byz-NSGDM,0,1.0
90,85.88741987179488,BF,RFA,Byz-NSGDM,0,1.0
120,79.47716346153847,BF,RFA,Byz-NSGDM,0,1.0
150,79.44711538461539,BF,RFA,Byz-NSGDM,0,1.0
180,80.3485576923077,BF,RFA,Byz-NSGDM,0,1.0
210,84.62540064102564,BF,RFA,Byz-NSGDM,0,1.0
240,84.89583333333333,BF,RFA,Byz-NSGDM,0,1.0
270,83.56370192307692,BF,RFA,Byz-NSGDM,0,1.0
300,82.23157051282051,BF,RFA,Byz-NSGDM,0,1.0
330,79.03645833333333,BF,RFA,Byz-NSGDM,0,1.0
360,79.69751602564102,BF,RFA,Byz-NSGDM,0,1.0
390,83.66386217948718,BF,RFA,Byz-NSGDM,0,1.0
420,84.22475961538461,BF,RFA,Byz-NSGDM,0,1.0
450,80.57892628205128,BF,RFA,Byz-NSGDM,0,1.0
480,78.515625,BF,RFA,Byz-NSGDM,0,1.0
510,81.3701923076923,BF,RFA,Byz-NSGDM,0,1.0
540,83.02283653846153,BF,RFA,Byz-NSGDM,0,1.0
570,79.32692307692308,BF,RFA,Byz-NSGDM,0,1.0
600,77.45392628205128,BF,RFA,Byz-NSGDM,0,1.0
630,80.31850961538461,BF,RFA,Byz-NSGDM,0,1.0
660,79.85777243589743,BF,RFA,Byz-NSGDM,0,1.0
690,78.27524038461539,BF,RFA,Byz-NSGDM,0,1.0
720,79.87780448717949,BF,RFA,Byz-NSGDM,0,1.0
750,72.91666666666667,BF,RFA,Byz-NSGDM,0,1.0
780,78.64583333333333,BF,RFA,Byz-NSGDM,0,1.0
810,82.4619391025641,BF,RFA,Byz-NSGDM,0,1.0
840,78.8261217948718,BF,RFA,Byz-NSGDM,0,1.0
870,77.84455128205128,BF,RFA,Byz-NSGDM,0,1.0
900,78.92628205128206,BF,RFA,Byz-NSGDM,0,1.0
930,75.36057692307692,BF,RFA,Byz-NSGDM,0,1.0
960,78.53565705128206,BF,RFA,Byz-NSGDM,0,1.0
990,76.11177884615384,BF,RFA,Byz-NSGDM,0,1.0
1020,75.10016025641026,BF,RFA,Byz-NSGDM,0,1.0
1050,82.40184294871794,BF,RFA,Byz-NSGDM,0,1.0
1080,73.95833333333333,BF,RFA,Byz-NSGDM,0,1.0
1110,77.734375,BF,RFA,Byz-NSGDM,0,1.0
1140,80.859375,BF,RFA,Byz-NSGDM,0,1.0
1170,82.97275641025641,BF,RFA,Byz-NSGDM,0,1.0
1200,82.75240384615384,BF,RFA,Byz-NSGDM,0,1.0
1230,80.63902243589743,BF,RFA,Byz-NSGDM,0,1.0
1260,73.84815705128206,BF,RFA,Byz-NSGDM,0,1.0
1290,76.03165064102564,BF,RFA,Byz-NSGDM,0,1.0
1320,80.66907051282051,BF,RFA,Byz-NSGDM,0,1.0
1350,79.07652243589743,BF,RFA,Byz-NSGDM,0,1.0
1380,78.7860576923077,BF,RFA,Byz-NSGDM,0,1.0
1410,75.5108173076923,BF,RFA,Byz-NSGDM,0,1.0
1440,75.1201923076923,BF,RFA,Byz-NSGDM,0,1.0
1470,79.296875,BF,RFA,Byz-NSGDM,0,1.0
1500,79.39703525641026,BF,RFA,Byz-NSGDM,0,1.0
30,48.147035256410255,BF,CM,Baseline-Decay,123,0.005
60,61.51842948717949,BF,CM,Baseline-Decay,123,0.005
90,71.53445512820512,BF,CM,Baseline-Decay,123,0.005
120,70.6229967948718,BF,CM,Baseline-Decay,123,0.005
150,79.7275641025641,BF,CM,Baseline-Decay,123,0.005
180,81.34014423076923,BF,CM,Baseline-Decay,123,0.005
210,82.83253205128206,BF,CM,Baseline-Decay,123,0.005
240,84.24479166666667,BF,CM,Baseline-Decay,123,0.005
270,85.36658653846153,BF,CM,Baseline-Decay,123,0.005
300,85.86738782051282,BF,CM,Baseline-Decay,123,0.005
330,86.38822115384616,BF,CM,Baseline-Decay,123,0.005
360,86.93910256410257,BF,CM,Baseline-Decay,123,0.005
390,87.16947115384616,BF,CM,Baseline-Decay,123,0.005
420,84.13461538461539,BF,CM,Baseline-Decay,123,0.005
450,79.09655448717949,BF,CM,Baseline-Decay,123,0.005
480,79.46714743589743,BF,CM,Baseline-Decay,123,0.005
510,79.63741987179488,BF,CM,Baseline-Decay,123,0.005
540,79.74759615384616,BF,CM,Baseline-Decay,123,0.005
570,79.97796474358974,BF,CM,Baseline-Decay,123,0.005
600,80.12820512820512,BF,CM,Baseline-Decay,123,0.005
630,80.08814102564102,BF,CM,Baseline-Decay,123,0.005
660,80.43870192307692,BF,CM,Baseline-Decay,123,0.005
690,80.57892628205128,BF,CM,Baseline-Decay,123,0.005
720,80.64903846153847,BF,CM,Baseline-Decay,123,0.005
750,80.5088141025641,BF,CM,Baseline-Decay,123,0.005
780,80.62900641025641,BF,CM,Baseline-Decay,123,0.005
810,80.83934294871794,BF,CM,Baseline-Decay,123,0.005
840,80.78926282051282,BF,CM,Baseline-Decay,123,0.005
870,80.72916666666667,BF,CM,Baseline-Decay,123,0.005
900,80.94951923076923,BF,CM,Baseline-Decay,123,0.005
930,81.10977564102564,BF,CM,Baseline-Decay,123,0.005
960,81.1698717948718,BF,CM,Baseline-Decay,123,0.005
990,81.1298076923077,BF,CM,Baseline-Decay,123,0.005
1020,81.1698717948718,BF,CM,Baseline-Decay,123,0.005
1050,81.3701923076923,BF,CM,Baseline-Decay,123,0.005
1080,81.39022435897436,BF,CM,Baseline-Decay,123,0.005
1110,81.28004807692308,BF,CM,Baseline-Decay,123,0.005
1140,81.5204326923077,BF,CM,Baseline-Decay,123,0.005
1170,81.59054487179488,BF,CM,Baseline-Decay,123,0.005
1200,81.63060897435898,BF,CM,Baseline-Decay,123,0.005
1230,81.640625,BF,CM,Baseline-Decay,123,0.005
1260,81.77083333333333,BF,CM,Baseline-Decay,123,0.005
1290,81.73076923076923,BF,CM,Baseline-Decay,123,0.005
1320,81.73076923076923,BF,CM,Baseline-Decay,123,0.005
1350,81.7207532051282,BF,CM,Baseline-Decay,123,0.005
1380,81.81089743589743,BF,CM,Baseline-Decay,123,0.005
1410,81.80088141025641,BF,CM,Baseline-Decay,123,0.005
1440,81.90104166666667,BF,CM,Baseline-Decay,123,0.005
1470,81.90104166666667,BF,CM,Baseline-Decay,123,0.005
1500,82.01121794871794,BF,CM,Baseline-Decay,123,0.005
30,52.58413461538461,BF,KRUM,Baseline,0,0.002
60,72.35576923076923,BF,KRUM,Baseline,0,0.002
90,84.57532051282051,BF,KRUM,Baseline,0,0.002
120,76.78285256410257,BF,KRUM,Baseline,0,0.002
150,79.44711538461539,BF,KRUM,Baseline,0,0.002
180,80.70913461538461,BF,KRUM,Baseline,0,0.002
210,81.08974358974359,BF,KRUM,Baseline,0,0.002
240,81.87099358974359,BF,KRUM,Baseline,0,0.002
270,82.02123397435898,BF,KRUM,Baseline,0,0.002
300,82.40184294871794,BF,KRUM,Baseline,0,0.002
330,82.96274038461539,BF,KRUM,Baseline,0,0.002
360,83.39342948717949,BF,KRUM,Baseline,0,0.002
390,83.5136217948718,BF,KRUM,Baseline,0,0.002
420,84.21474358974359,BF,KRUM,Baseline,0,0.002
450,84.42508012820512,BF,KRUM,Baseline,0,0.002
480,84.4150641025641,BF,KRUM,Baseline,0,0.002
510,84.32491987179488,BF,KRUM,Baseline,0,0.002
540,84.8056891025641,BF,KRUM,Baseline,0,0.002
570,85.20633012820512,BF,KRUM,Baseline,0,0.002
600,84.35496794871794,BF,KRUM,Baseline,0,0.002
630,83.66386217948718,BF,KRUM,Baseline,0,0.002
660,81.30008012820512,BF,KRUM,Baseline,0,0.002
690,73.11698717948718,BF,KRUM,Baseline,0,0.002
720,82.92267628205128,BF,KRUM,Baseline,0,0.002
750,85.09615384615384,BF,KRUM,Baseline,0,0.002
780,85.52684294871794,BF,KRUM,Baseline,0,0.002
810,77.10336538461539,BF,KRUM,Baseline,0,0.002
840,79.14663461538461,BF,KRUM,Baseline,0,0.002
870,85.0360576923077,BF,KRUM,Baseline,0,0.002
900,84.8858173076923,BF,KRUM,Baseline,0,0.002
930,79.30689102564102,BF,KRUM,Baseline,0,0.002
960,81.3301282051282,BF,KRUM,Baseline,0,0.002
990,84.11458333333333,BF,KRUM,Baseline,0,0.002
1020,83.40344551282051,BF,KRUM,Baseline,0,0.002
1050,78.4354967948718,BF,KRUM,Baseline,0,0.002
1080,83.83413461538461,BF,KRUM,Baseline,0,0.002
1110,80.1983173076923,BF,KRUM,Baseline,0,0.002
1140,83.53365384615384,BF,KRUM,Baseline,0,0.002
1170,71.90504807692308,BF,KRUM,Baseline,0,0.002
1200,72.74639423076923,BF,KRUM,Baseline,0,0.002
1230,69.8417467948718,BF,KRUM,Baseline,0,0.002
1260,50.310496794871796,BF,KRUM,Baseline,0,0.002
1290,57.56209935897436,BF,KRUM,Baseline,0,0.002
1320,62.83052884615385,BF,KRUM,Baseline,0,0.002
1350,64.4130608974359,BF,KRUM,Baseline,0,0.002
1380,66.98717948717949,BF,KRUM,Baseline,0,0.002
1410,68.89022435897436,BF,KRUM,Baseline,0,0.002
1440,68.58974358974359,BF,KRUM,Baseline,0,0.002
1470,69.94190705128206,BF,KRUM,Baseline,0,0.002
1500,70.59294871794872,BF,KRUM,Baseline,0,0.002
30,51.83293269230769,mimic,CM,Baseline,123,0.002
60,74.46915064102564,mimic,CM,Baseline,123,0.002
90,79.6073717948718,mimic,CM,Baseline,123,0.002
120,80.82932692307692,mimic,CM,Baseline,123,0.002
150,81.9911858974359,mimic,CM,Baseline,123,0.002
180,82.56209935897436,mimic,CM,Baseline,123,0.002
210,83.09294871794872,mimic,CM,Baseline,123,0.002
240,83.13301282051282,mimic,CM,Baseline,123,0.002
270,83.8641826923077,mimic,CM,Baseline,123,0.002
300,83.89423076923077,mimic,CM,Baseline,123,0.002
330,84.375,mimic,CM,Baseline,123,0.002
360,84.78565705128206,mimic,CM,Baseline,123,0.002
390,84.57532051282051,mimic,CM,Baseline,123,0.002
420,84.74559294871794,mimic,CM,Baseline,123,0.002
450,85.08613782051282,mimic,CM,Baseline,123,0.002
480,85.25641025641026,mimic,CM,Baseline,123,0.002
510,85.13621794871794,mimic,CM,Baseline,123,0.002
540,85.52684294871794,mimic,CM,Baseline,123,0.002
570,85.57692307692308,mimic,CM,Baseline,123,0.002
600,85.9775641025641,mimic,CM,Baseline,123,0.002
630,85.9375,mimic,CM,Baseline,123,0.002
660,85.91746794871794,mimic,CM,Baseline,123,0.002
690,85.84735576923077,mimic,CM,Baseline,123,0.002
720,85.8974358974359,mimic,CM,Baseline,123,0.002
750,86.26802884615384,mimic,CM,Baseline,123,0.002
780,86.31810897435898,mimic,CM,Baseline,123,0.002
810,86.47836538461539,mimic,CM,Baseline,123,0.002
840,86.66866987179488,mimic,CM,Baseline,123,0.002
870,87.0292467948718,mimic,CM,Baseline,123,0.002
900,86.81891025641026,mimic,CM,Baseline,123,0.002
930,86.95913461538461,mimic,CM,Baseline,123,0.002
960,86.87900641025641,mimic,CM,Baseline,123,0.002
990,87.12940705128206,mimic,CM,Baseline,123,0.002
1020,87.34975961538461,mimic,CM,Baseline,123,0.002
1050,87.4599358974359,mimic,CM,Baseline,123,0.002
1080,87.4599358974359,mimic,CM,Baseline,123,0.002
1110,87.87059294871794,mimic,CM,Baseline,123,0.002
1140,87.91065705128206,mimic,CM,Baseline,123,0.002
1170,88.07091346153847,mimic,CM,Baseline,123,0.002
1200,88.04086538461539,mimic,CM,Baseline,123,0.002
1230,87.86057692307692,mimic,CM,Baseline,123,0.002
1260,88.06089743589743,mimic,CM,Baseline,123,0.002
1290,88.05088141025641,mimic,CM,Baseline,123,0.002
1320,88.13100961538461,mimic,CM,Baseline,123,0.002
1350,88.04086538461539,mimic,CM,Baseline,123,0.002
1380,88.2011217948718,mimic,CM,Baseline,123,0.002
1410,88.39142628205128,mimic,CM,Baseline,123,0.002
1440,88.03084935897436,mimic,CM,Baseline,123,0.002
1470,88.3613782051282,mimic,CM,Baseline,123,0.002
1500,88.51161858974359,mimic,CM,Baseline,123,0.002
30,82.09134615384616,LF,RFA,Baseline-Decay,42,0.2
60,84.63541666666667,LF,RFA,Baseline-Decay,42,0.2
90,85.95753205128206,LF,RFA,Baseline-Decay,42,0.2
120,86.38822115384616,LF,RFA,Baseline-Decay,42,0.2
150,86.89903846153847,LF,RFA,Baseline-Decay,42,0.2
180,87.19951923076923,LF,RFA,Baseline-Decay,42,0.2
210,87.36979166666667,LF,RFA,Baseline-Decay,42,0.2
240,87.60016025641026,LF,RFA,Baseline-Decay,42,0.2
270,87.66025641025641,LF,RFA,Baseline-Decay,42,0.2
300,87.76041666666667,LF,RFA,Baseline-Decay,42,0.2
330,87.9306891025641,LF,RFA,Baseline-Decay,42,0.2
360,88.05088141025641,LF,RFA,Baseline-Decay,42,0.2
390,87.88060897435898,LF,RFA,Baseline-Decay,42,0.2
420,88.28125,LF,RFA,Baseline-Decay,42,0.2
450,88.17107371794872,LF,RFA,Baseline-Decay,42,0.2
480,88.13100961538461,LF,RFA,Baseline-Decay,42,0.2
510,88.18108974358974,LF,RFA,Baseline-Decay,42,0.2
540,88.29126602564102,LF,RFA,Baseline-Decay,42,0.2
570,88.28125,LF,RFA,Baseline-Decay,42,0.2
600,88.37139423076923,LF,RFA,Baseline-Decay,42,0.2
630,88.3613782051282,LF,RFA,Baseline-Decay,42,0.2
660,88.39142628205128,LF,RFA,Baseline-Decay,42,0.2
690,88.53165064102564,LF,RFA,Baseline-Decay,42,0.2
720,88.44150641025641,LF,RFA,Baseline-Decay,42,0.2
750,88.43149038461539,LF,RFA,Baseline-Decay,42,0.2
780,88.50160256410257,LF,RFA,Baseline-Decay,42,0.2
810,88.50160256410257,LF,RFA,Baseline-Decay,42,0.2
840,88.52163461538461,LF,RFA,Baseline-Decay,42,0.2
870,88.5516826923077,LF,RFA,Baseline-Decay,42,0.2
900,88.61177884615384,LF,RFA,Baseline-Decay,42,0.2
930,88.68189102564102,LF,RFA,Baseline-Decay,42,0.2
960,88.66185897435898,LF,RFA,Baseline-Decay,42,0.2
990,88.74198717948718,LF,RFA,Baseline-Decay,42,0.2
1020,88.671875,LF,RFA,Baseline-Decay,42,0.2
1050,88.65184294871794,LF,RFA,Baseline-Decay,42,0.2
1080,88.73197115384616,LF,RFA,Baseline-Decay,42,0.2
1110,88.69190705128206,LF,RFA,Baseline-Decay,42,0.2
1140,88.61177884615384,LF,RFA,Baseline-Decay,42,0.2
1170,88.57171474358974,LF,RFA,Baseline-Decay,42,0.2
1200,88.69190705128206,LF,RFA,Baseline-Decay,42,0.2
1230,88.66185897435898,LF,RFA,Baseline-Decay,42,0.2
1260,88.78205128205128,LF,RFA,Baseline-Decay,42,0.2
1290,88.68189102564102,LF,RFA,Baseline-Decay,42,0.2
1320,88.70192307692308,LF,RFA,Baseline-Decay,42,0.2
1350,88.74198717948718,LF,RFA,Baseline-Decay,42,0.2
1380,88.671875,LF,RFA,Baseline-Decay,42,0.2
1410,88.82211538461539,LF,RFA,Baseline-Decay,42,0.2
1440,88.82211538461539,LF,RFA,Baseline-Decay,42,0.2
1470,88.7520032051282,LF,RFA,Baseline-Decay,42,0.2
1500,88.72195512820512,LF,RFA,Baseline-Decay,42,0.2
30,50.8213141025641,mimic,RFA,Baseline,0,0.001
60,37.4599358974359,mimic,RFA,Baseline,0,0.001
90,64.32291666666667,mimic,RFA,Baseline,0,0.001
120,73.85817307692308,mimic,RFA,Baseline,0,0.001
150,81.10977564102564,mimic,RFA,Baseline,0,0.001
180,83.65384615384616,mimic,RFA,Baseline,0,0.001
210,85.64703525641026,mimic,RFA,Baseline,0,0.001
240,86.85897435897436,mimic,RFA,Baseline,0,0.001
270,87.55008012820512,mimic,RFA,Baseline,0,0.001
300,87.79046474358974,mimic,RFA,Baseline,0,0.001
330,88.9823717948718,mimic,RFA,Baseline,0,0.001
360,89.1826923076923,mimic,RFA,Baseline,0,0.001
390,89.4130608974359,mimic,RFA,Baseline,0,0.001
420,89.90384615384616,mimic,RFA,Baseline,0,0.001
450,90.10416666666667,mimic,RFA,Baseline,0,0.001
480,90.75520833333333,mimic,RFA,Baseline,0,0.001
510,91.02564102564102,mimic,RFA,Baseline,0,0.001
540,90.91546474358974,mimic,RFA,Baseline,0,0.001
570,91.10576923076923,mimic,RFA,Baseline,0,0.001
600,91.15584935897436,mimic,RFA,Baseline,0,0.001
630,91.62660256410257,mimic,RFA,Baseline,0,0.001
660,91.86698717948718,mimic,RFA,Baseline,0,0.001
690,91.77684294871794,mimic,RFA,Baseline,0,0.001
720,92.2275641025641,mimic,RFA,Baseline,0,0.001
750,92.31770833333333,mimic,RFA,Baseline,0,0.001
780,92.40785256410257,mimic,RFA,Baseline,0,0.001
810,92.8485576923077,mimic,RFA,Baseline,0,0.001
840,92.52804487179488,mimic,RFA,Baseline,0,0.001
870,93.03886217948718,mimic,RFA,Baseline,0,0.001
900,93.02884615384616,mimic,RFA,Baseline,0,0.001
930,92.99879807692308,mimic,RFA,Baseline,0,0.001
960,93.59975961538461,mimic,RFA,Baseline,0,0.001
990,93.33934294871794,mimic,RFA,Baseline,0,0.001
1020,93.50961538461539,mimic,RFA,Baseline,0,0.001
1050,93.30929487179488,mimic,RFA,Baseline,0,0.001
1080,93.76001602564102,mimic,RFA,Baseline,0,0.001
1110,93.81009615384616,mimic,RFA,Baseline,0,0.001
1140,93.86017628205128,mimic,RFA,Baseline,0,0.001
1170,94.25080128205128,mimic,RFA,Baseline,0,0.001
1200,94.31089743589743,mimic,RFA,Baseline,0,0.001
1230,94.54126602564102,mimic,RFA,Baseline,0,0.001
1260,94.38100961538461,mimic,RFA,Baseline,0,0.001
1290,94.4911858974359,mimic,RFA,Baseline,0,0.001
1320,94.44110576923077,mimic,RFA,Baseline,0,0.001
1350,94.4511217948718,mimic,RFA,Baseline,0,0.001
1380,94.4511217948718,mimic,RFA,Baseline,0,0.001
1410,94.76161858974359,mimic,RFA,Baseline,0,0.001
1440,94.60136217948718,mimic,RFA,Baseline,0,0.001
1470,95.01201923076923,mimic,RFA,Baseline,0,0.001
1500,94.87179487179488,mimic,RFA,Baseline,0,0.001
30,48.31730769230769,LF,CM,Baseline-Decay,0,0.005
60,67.09735576923077,LF,CM,Baseline-Decay,0,0.005
90,62.84054487179487,LF,CM,Baseline-Decay,0,0.005
120,67.58814102564102,LF,CM,Baseline-Decay,0,0.005
150,71.68469551282051,LF,CM,Baseline-Decay,0,0.005
180,76.2119391025641,LF,CM,Baseline-Decay,0,0.005
210,78.68589743589743,LF,CM,Baseline-Decay,0,0.005
240,73.37740384615384,LF,CM,Baseline-Decay,0,0.005
270,75.29046474358974,LF,CM,Baseline-Decay,0,0.005
300,75.88141025641026,LF,CM,Baseline-Decay,0,0.005
330,76.23197115384616,LF,CM,Baseline-Decay,0,0.005
360,76.84294871794872,LF,CM,Baseline-Decay,0,0.005
390,77.12339743589743,LF,CM,Baseline-Decay,0,0.005
420,77.37379807692308,LF,CM,Baseline-Decay,0,0.005
450,77.80448717948718,LF,CM,Baseline-Decay,0,0.005
480,78.0849358974359,LF,CM,Baseline-Decay,0,0.005
510,78.49559294871794,LF,CM,Baseline-Decay,0,0.005
540,78.60576923076923,LF,CM,Baseline-Decay,0,0.005
570,78.90625,LF,CM,Baseline-Decay,0,0.005
600,79.01642628205128,LF,CM,Baseline-Decay,0,0.005
630,79.11658653846153,LF,CM,Baseline-Decay,0,0.005
660,79.36698717948718,LF,CM,Baseline-Decay,0,0.005
690,79.48717948717949,LF,CM,Baseline-Decay,0,0.005
720,79.6474358974359,LF,CM,Baseline-Decay,0,0.005
750,79.75761217948718,LF,CM,Baseline-Decay,0,0.005
780,79.82772435897436,LF,CM,Baseline-Decay,0,0.005
810,79.9979967948718,LF,CM,Baseline-Decay,0,0.005
840,80.02804487179488,LF,CM,Baseline-Decay,0,0.005
870,80.10817307692308,LF,CM,Baseline-Decay,0,0.005
900,80.18830128205128,LF,CM,Baseline-Decay,0,0.005
930,80.41866987179488,LF,CM,Baseline-Decay,0,0.005
960,80.5088141025641,LF,CM,Baseline-Decay,0,0.005
990,80.41866987179488,LF,CM,Baseline-Decay,0,0.005
1020,80.5088141025641,LF,CM,Baseline-Decay,0,0.005
1050,80.63902243589743,LF,CM,Baseline-Decay,0,0.005
1080,80.69911858974359,LF,CM,Baseline-Decay,0,0.005
1110,80.70913461538461,LF,CM,Baseline-Decay,0,0.005
1140,80.76923076923077,LF,CM,Baseline-Decay,0,0.005
1170,80.75921474358974,LF,CM,Baseline-Decay,0,0.005
1200,80.84935897435898,LF,CM,Baseline-Decay,0,0.005
1230,80.94951923076923,LF,CM,Baseline-Decay,0,0.005
1260,81.02964743589743,LF,CM,Baseline-Decay,0,0.005
1290,81.05969551282051,LF,CM,Baseline-Decay,0,0.005
1320,81.1298076923077,LF,CM,Baseline-Decay,0,0.005
1350,81.19991987179488,LF,CM,Baseline-Decay,0,0.005
1380,81.19991987179488,LF,CM,Baseline-Decay,0,0.005
1410,81.25,LF,CM,Baseline-Decay,0,0.005
1440,81.30008012820512,LF,CM,Baseline-Decay,0,0.005
1470,81.34014423076923,LF,CM,Baseline-Decay,0,0.005
1500,81.43028846153847,LF,CM,Baseline-Decay,0,0.005
30,60.47676282051282,mimic,RFA,Baseline,0,0.002
60,66.19591346153847,mimic,RFA,Baseline,0,0.002
90,80.98958333333333,mimic,RFA,Baseline,0,0.002
120,85.16626602564102,mimic,RFA,Baseline,0,0.002
150,87.6201923076923,mimic,RFA,Baseline,0,0.002
180,88.42147435897436,mimic,RFA,Baseline,0,0.002
210,89.35296474358974,mimic,RFA,Baseline,0,0.002
240,90.03405448717949,mimic,RFA,Baseline,0,0.002
270,90.83533653846153,mimic,RFA,Baseline,0,0.002
300,90.75520833333333,mimic,RFA,Baseline,0,0.002
330,91.58653846153847,mimic,RFA,Baseline,0,0.002
360,91.77684294871794,mimic,RFA,Baseline,0,0.002
390,91.7568108974359,mimic,RFA,Baseline,0,0.002
420,92.6181891025641,mimic,RFA,Baseline,0,0.002
450,92.59815705128206,mimic,RFA,Baseline,0,0.002
480,93.17908653846153,mimic,RFA,Baseline,0,0.002
510,93.46955128205128,mimic,RFA,Baseline,0,0.002
540,93.05889423076923,mimic,RFA,Baseline,0,0.002
570,93.68990384615384,mimic,RFA,Baseline,0,0.002
600,93.44951923076923,mimic,RFA,Baseline,0,0.002
630,94.05048076923077,mimic,RFA,Baseline,0,0.002
660,94.15064102564102,mimic,RFA,Baseline,0,0.002
690,93.92027243589743,mimic,RFA,Baseline,0,0.002
720,94.53125,mimic,RFA,Baseline,0,0.002
750,94.54126602564102,mimic,RFA,Baseline,0,0.002
780,94.37099358974359,mimic,RFA,Baseline,0,0.002
810,94.83173076923077,mimic,RFA,Baseline,0,0.002
840,94.75160256410257,mimic,RFA,Baseline,0,0.002
870,95.12219551282051,mimic,RFA,Baseline,0,0.002
900,94.93189102564102,mimic,RFA,Baseline,0,0.002
930,95.33253205128206,mimic,RFA,Baseline,0,0.002
960,95.47275641025641,mimic,RFA,Baseline,0,0.002
990,95.3525641025641,mimic,RFA,Baseline,0,0.002
1020,95.41266025641026,mimic,RFA,Baseline,0,0.002
1050,95.17227564102564,mimic,RFA,Baseline,0,0.002
1080,95.53285256410257,mimic,RFA,Baseline,0,0.002
1110,95.63301282051282,mimic,RFA,Baseline,0,0.002
1140,95.89342948717949,mimic,RFA,Baseline,0,0.002
1170,95.99358974358974,mimic,RFA,Baseline,0,0.002
1200,95.87339743589743,mimic,RFA,Baseline,0,0.002
1230,95.95352564102564,mimic,RFA,Baseline,0,0.002
1260,95.89342948717949,mimic,RFA,Baseline,0,0.002
1290,96.02363782051282,mimic,RFA,Baseline,0,0.002
1320,96.12379807692308,mimic,RFA,Baseline,0,0.002
1350,96.00360576923077,mimic,RFA,Baseline,0,0.002
1380,96.0536858974359,mimic,RFA,Baseline,0,0.002
1410,96.31410256410257,mimic,RFA,Baseline,0,0.002
1440,95.96354166666667,mimic,RFA,Baseline,0,0.002
1470,96.50440705128206,mimic,RFA,Baseline,0,0.002
1500,96.53445512820512,mimic,RFA,Baseline,0,0.002
30,50.80128205128205,mimic,CM,Baseline,0,0.001
60,37.68028846153846,mimic,CM,Baseline,0,0.001
90,64.62339743589743,mimic,CM,Baseline,0,0.001
120,73.76802884615384,mimic,CM,Baseline,0,0.001
150,81.11979166666667,mimic,CM,Baseline,0,0.001
180,83.62379807692308,mimic,CM,Baseline,0,0.001
210,85.60697115384616,mimic,CM,Baseline,0,0.001
240,86.85897435897436,mimic,CM,Baseline,0,0.001
270,87.5400641025641,mimic,CM,Baseline,0,0.001
300,87.66025641025641,mimic,CM,Baseline,0,0.001
330,88.95232371794872,mimic,CM,Baseline,0,0.001
360,89.1426282051282,mimic,CM,Baseline,0,0.001
390,89.34294871794872,mimic,CM,Baseline,0,0.001
420,89.91386217948718,mimic,CM,Baseline,0,0.001
450,90.02403846153847,mimic,CM,Baseline,0,0.001
480,90.7451923076923,mimic,CM,Baseline,0,0.001
510,91.015625,mimic,CM,Baseline,0,0.001
540,90.87540064102564,mimic,CM,Baseline,0,0.001
570,91.10576923076923,mimic,CM,Baseline,0,0.001
600,91.10576923076923,mimic,CM,Baseline,0,0.001
630,91.61658653846153,mimic,CM,Baseline,0,0.001
660,91.80689102564102,mimic,CM,Baseline,0,0.001
690,91.72676282051282,mimic,CM,Baseline,0,0.001
720,92.21754807692308,mimic,CM,Baseline,0,0.001
750,92.3076923076923,mimic,CM,Baseline,0,0.001
780,92.40785256410257,mimic,CM,Baseline,0,0.001
810,92.78846153846153,mimic,CM,Baseline,0,0.001
840,92.4979967948718,mimic,CM,Baseline,0,0.001
870,93.0088141025641,mimic,CM,Baseline,0,0.001
900,93.06891025641026,mimic,CM,Baseline,0,0.001
930,92.99879807692308,mimic,CM,Baseline,0,0.001
960,93.54967948717949,mimic,CM,Baseline,0,0.001
990,93.3193108974359,mimic,CM,Baseline,0,0.001
1020,93.49959935897436,mimic,CM,Baseline,0,0.001
1050,93.25921474358974,mimic,CM,Baseline,0,0.001
1080,93.72996794871794,mimic,CM,Baseline,0,0.001
1110,93.7900641025641,mimic,CM,Baseline,0,0.001
1140,93.86017628205128,mimic,CM,Baseline,0,0.001
1170,94.23076923076923,mimic,CM,Baseline,0,0.001
1200,94.28084935897436,mimic,CM,Baseline,0,0.001
1230,94.52123397435898,mimic,CM,Baseline,0,0.001
1260,94.38100961538461,mimic,CM,Baseline,0,0.001
1290,94.4511217948718,mimic,CM,Baseline,0,0.001
1320,94.44110576923077,mimic,CM,Baseline,0,0.001
1350,94.46113782051282,mimic,CM,Baseline,0,0.001
1380,94.4110576923077,mimic,CM,Baseline,0,0.001
1410,94.68149038461539,mimic,CM,Baseline,0,0.001
1440,94.54126602564102,mimic,CM,Baseline,0,0.001
1470,94.97195512820512,mimic,CM,Baseline,0,0.001
1500,94.8417467948718,mimic,CM,Baseline,0,0.001
30,31.300080128205128,BF,RFA,Byz-NSGDM,0,0.01
60,36.979166666666664,BF,RFA,Byz-NSGDM,0,0.01
90,42.69831730769231,BF,RFA,Byz-NSGDM,0,0.01
120,49.23878205128205,BF,RFA,Byz-NSGDM,0,0.01
150,54.17668269230769,BF,RFA,Byz-NSGDM,0,0.01
180,57.8125,BF,RFA,Byz-NSGDM,0,0.01
210,60.29647435897436,BF,RFA,Byz-NSGDM,0,0.01
240,61.73878205128205,BF,RFA,Byz-NSGDM,0,0.01
270,63.000801282051285,BF,RFA,Byz-NSGDM,0,0.01
300,63.89222756410256,BF,RFA,Byz-NSGDM,0,0.01
330,64.85376602564102,BF,RFA,Byz-NSGDM,0,0.01
360,65.59495192307692,BF,RFA,Byz-NSGDM,0,0.01
390,65.43469551282051,BF,RFA,Byz-NSGDM,0,0.01
420,65.21434294871794,BF,RFA,Byz-NSGDM,0,0.01
450,65.00400641025641,BF,RFA,Byz-NSGDM,0,0.01
480,64.17267628205128,BF,RFA,Byz-NSGDM,0,0.01
510,63.541666666666664,BF,RFA,Byz-NSGDM,0,0.01
540,62.810496794871796,BF,RFA,Byz-NSGDM,0,0.01
570,62.13942307692308,BF,RFA,Byz-NSGDM,0,0.01
600,61.6786858974359,BF,RFA,Byz-NSGDM,0,0.01
630,61.39823717948718,BF,RFA,Byz-NSGDM,0,0.01
660,61.217948717948715,BF,RFA,Byz-NSGDM,0,0.01
690,61.17788461538461,BF,RFA,Byz-NSGDM,0,0.01
720,61.18790064102564,BF,RFA,Byz-NSGDM,0,0.01
750,61.247996794871796,BF,RFA,Byz-NSGDM,0,0.01
780,61.49839743589744,BF,RFA,Byz-NSGDM,0,0.01
810,61.62860576923077,BF,RFA,Byz-NSGDM,0,0.01
840,61.848958333333336,BF,RFA,Byz-NSGDM,0,0.01
870,61.999198717948715,BF,RFA,Byz-NSGDM,0,0.01
900,62.25961538461539,BF,RFA,Byz-NSGDM,0,0.01
930,62.419871794871796,BF,RFA,Byz-NSGDM,0,0.01
960,62.52003205128205,BF,RFA,Byz-NSGDM,0,0.01
990,62.59014423076923,BF,RFA,Byz-NSGDM,0,0.01
1020,62.80048076923077,BF,RFA,Byz-NSGDM,0,0.01
1050,63.020833333333336,BF,RFA,Byz-NSGDM,0,0.01
1080,63.14102564102564,BF,RFA,Byz-NSGDM,0,0.01
1110,63.34134615384615,BF,RFA,Byz-NSGDM,0,0.01
1140,63.51161858974359,BF,RFA,Byz-NSGDM,0,0.01
1170,63.82211538461539,BF,RFA,Byz-NSGDM,0,0.01
1200,63.92227564102564,BF,RFA,Byz-NSGDM,0,0.01
1230,64.04246794871794,BF,RFA,Byz-NSGDM,0,0.01
1260,64.19270833333333,BF,RFA,Byz-NSGDM,0,0.01
1290,64.44310897435898,BF,RFA,Byz-NSGDM,0,0.01
1320,64.7235576923077,BF,RFA,Byz-NSGDM,0,0.01
1350,64.91386217948718,BF,RFA,Byz-NSGDM,0,0.01
1380,65.10416666666667,BF,RFA,Byz-NSGDM,0,0.01
1410,65.21434294871794,BF,RFA,Byz-NSGDM,0,0.01
1440,65.28445512820512,BF,RFA,Byz-NSGDM,0,0.01
1470,65.42467948717949,BF,RFA,Byz-NSGDM,0,0.01
1500,65.56490384615384,BF,RFA,Byz-NSGDM,0,0.01
30,70.33253205128206,mimic,CM,Byz-NSGDM,123,0.1
60,81.5204326923077,mimic,CM,Byz-NSGDM,123,0.1
90,86.93910256410257,mimic,CM,Byz-NSGDM,123,0.1
120,88.25120192307692,mimic,CM,Byz-NSGDM,123,0.1
150,89.75360576923077,mimic,CM,Byz-NSGDM,123,0.1
180,90.28445512820512,mimic,CM,Byz-NSGDM,123,0.1
210,91.18589743589743,mimic,CM,Byz-NSGDM,123,0.1
240,91.0556891025641,mimic,CM,Byz-NSGDM,123,0.1
270,91.85697115384616,mimic,CM,Byz-NSGDM,123,0.1
300,91.85697115384616,mimic,CM,Byz-NSGDM,123,0.1
330,92.15745192307692,mimic,CM,Byz-NSGDM,123,0.1
360,92.66826923076923,mimic,CM,Byz-NSGDM,123,0.1
390,92.8485576923077,mimic,CM,Byz-NSGDM,123,0.1
420,92.43790064102564,mimic,CM,Byz-NSGDM,123,0.1
450,92.97876602564102,mimic,CM,Byz-NSGDM,123,0.1
480,93.19911858974359,mimic,CM,Byz-NSGDM,123,0.1
510,93.22916666666667,mimic,CM,Byz-NSGDM,123,0.1
540,93.18910256410257,mimic,CM,Byz-NSGDM,123,0.1
570,93.6298076923077,mimic,CM,Byz-NSGDM,123,0.1
600,93.81009615384616,mimic,CM,Byz-NSGDM,123,0.1
630,93.55969551282051,mimic,CM,Byz-NSGDM,123,0.1
660,94.01041666666667,mimic,CM,Byz-NSGDM,123,0.1
690,93.72996794871794,mimic,CM,Byz-NSGDM,123,0.1
720,93.7099358974359,mimic,CM,Byz-NSGDM,123,0.1
750,93.91025641025641,mimic,CM,Byz-NSGDM,123,0.1
780,93.7900641025641,mimic,CM,Byz-NSGDM,123,0.1
810,94.03044871794872,mimic,CM,Byz-NSGDM,123,0.1
840,94.21073717948718,mimic,CM,Byz-NSGDM,123,0.1
870,94.52123397435898,mimic,CM,Byz-NSGDM,123,0.1
900,94.52123397435898,mimic,CM,Byz-NSGDM,123,0.1
930,94.5713141025641,mimic,CM,Byz-NSGDM,123,0.1
960,94.72155448717949,mimic,CM,Byz-NSGDM,123,0.1
990,94.67147435897436,mimic,CM,Byz-NSGDM,123,0.1
1020,94.43108974358974,mimic,CM,Byz-NSGDM,123,0.1
1050,95.0020032051282,mimic,CM,Byz-NSGDM,123,0.1
1080,94.97195512820512,mimic,CM,Byz-NSGDM,123,0.1
1110,95.0020032051282,mimic,CM,Byz-NSGDM,123,0.1
1140,94.79166666666667,mimic,CM,Byz-NSGDM,123,0.1
1170,95.22235576923077,mimic,CM,Byz-NSGDM,123,0.1
1200,95.05208333333333,mimic,CM,Byz-NSGDM,123,0.1
1230,94.9619391025641,mimic,CM,Byz-NSGDM,123,0.1
1260,95.02203525641026,mimic,CM,Byz-NSGDM,123,0.1
1290,95.17227564102564,mimic,CM,Byz-NSGDM,123,0.1
1320,95.09214743589743,mimic,CM,Byz-NSGDM,123,0.1
1350,95.12219551282051,mimic,CM,Byz-NSGDM,123,0.1
1380,95.25240384615384,mimic,CM,Byz-NSGDM,123,0.1
1410,95.28245192307692,mimic,CM,Byz-NSGDM,123,0.1
1440,95.37259615384616,mimic,CM,Byz-NSGDM,123,0.1
1470,95.40264423076923,mimic,CM,Byz-NSGDM,123,0.1
1500,95.2724358974359,mimic,CM,Byz-NSGDM,123,0.1
30,74.31891025641026,LF,RFA,Baseline,42,0.01
60,81.67067307692308,LF,RFA,Baseline,42,0.01
90,82.80248397435898,LF,RFA,Baseline,42,0.01
120,83.88421474358974,LF,RFA,Baseline,42,0.01
150,84.50520833333333,LF,RFA,Baseline,42,0.01
180,85.37660256410257,LF,RFA,Baseline,42,0.01
210,85.53685897435898,LF,RFA,Baseline,42,0.01
240,86.43830128205128,LF,RFA,Baseline,42,0.01
270,86.25801282051282,LF,RFA,Baseline,42,0.01
300,86.78886217948718,LF,RFA,Baseline,42,0.01
330,86.73878205128206,LF,RFA,Baseline,42,0.01
360,87.05929487179488,LF,RFA,Baseline,42,0.01
390,86.91907051282051,LF,RFA,Baseline,42,0.01
420,87.42988782051282,LF,RFA,Baseline,42,0.01
450,87.31971153846153,LF,RFA,Baseline,42,0.01
480,87.21955128205128,LF,RFA,Baseline,42,0.01
510,87.44991987179488,LF,RFA,Baseline,42,0.01
540,87.55008012820512,LF,RFA,Baseline,42,0.01
570,87.52003205128206,LF,RFA,Baseline,42,0.01
600,87.5400641025641,LF,RFA,Baseline,42,0.01
630,87.61017628205128,LF,RFA,Baseline,42,0.01
660,87.70032051282051,LF,RFA,Baseline,42,0.01
690,87.70032051282051,LF,RFA,Baseline,42,0.01
720,87.91065705128206,LF,RFA,Baseline,42,0.01
750,87.79046474358974,LF,RFA,Baseline,42,0.01
780,88.15104166666667,LF,RFA,Baseline,42,0.01
810,87.90064102564102,LF,RFA,Baseline,42,0.01
840,87.98076923076923,LF,RFA,Baseline,42,0.01
870,88.15104166666667,LF,RFA,Baseline,42,0.01
900,87.96073717948718,LF,RFA,Baseline,42,0.01
930,88.34134615384616,LF,RFA,Baseline,42,0.01
960,88.30128205128206,LF,RFA,Baseline,42,0.01
990,88.3213141025641,LF,RFA,Baseline,42,0.01
1020,88.1610576923077,LF,RFA,Baseline,42,0.01
1050,88.27123397435898,LF,RFA,Baseline,42,0.01
1080,88.48157051282051,LF,RFA,Baseline,42,0.01
1110,88.52163461538461,LF,RFA,Baseline,42,0.01
1140,88.48157051282051,LF,RFA,Baseline,42,0.01
1170,88.37139423076923,LF,RFA,Baseline,42,0.01
1200,88.60176282051282,LF,RFA,Baseline,42,0.01
1230,88.4014423076923,LF,RFA,Baseline,42,0.01
1260,88.5516826923077,LF,RFA,Baseline,42,0.01
1290,88.57171474358974,LF,RFA,Baseline,42,0.01
1320,88.5917467948718,LF,RFA,Baseline,42,0.01
1350,88.60176282051282,LF,RFA,Baseline,42,0.01
1380,88.671875,LF,RFA,Baseline,42,0.01
1410,88.68189102564102,LF,RFA,Baseline,42,0.01
1440,88.45152243589743,LF,RFA,Baseline,42,0.01
1470,88.7520032051282,LF,RFA,Baseline,42,0.01
1500,88.671875,LF,RFA,Baseline,42,0.01
30,68.10897435897436,LF,KRUM,Byz-NSGDM,0,0.1
60,82.49198717948718,LF,KRUM,Byz-NSGDM,0,0.1
90,86.13782051282051,LF,KRUM,Byz-NSGDM,0,0.1
120,88.11097756410257,LF,KRUM,Byz-NSGDM,0,0.1
150,80.5889423076923,LF,KRUM,Byz-NSGDM,0,0.1
180,81.44030448717949,LF,KRUM,Byz-NSGDM,0,0.1
210,82.09134615384616,LF,KRUM,Byz-NSGDM,0,0.1
240,82.99278846153847,LF,KRUM,Byz-NSGDM,0,0.1
270,82.88261217948718,LF,KRUM,Byz-NSGDM,0,0.1
300,83.38341346153847,LF,KRUM,Byz-NSGDM,0,0.1
330,83.75400641025641,LF,KRUM,Byz-NSGDM,0,0.1
360,84.00440705128206,LF,KRUM,Byz-NSGDM,0,0.1
390,84.26482371794872,LF,KRUM,Byz-NSGDM,0,0.1
420,84.51522435897436,LF,KRUM,Byz-NSGDM,0,0.1
450,84.67548076923077,LF,KRUM,Byz-NSGDM,0,0.1
480,84.85576923076923,LF,KRUM,Byz-NSGDM,0,0.1
510,85.10616987179488,LF,KRUM,Byz-NSGDM,0,0.1
540,85.25641025641026,LF,KRUM,Byz-NSGDM,0,0.1
570,85.15625,LF,KRUM,Byz-NSGDM,0,0.1
600,85.30649038461539,LF,KRUM,Byz-NSGDM,0,0.1
630,85.41666666666667,LF,KRUM,Byz-NSGDM,0,0.1
660,85.51682692307692,LF,KRUM,Byz-NSGDM,0,0.1
690,85.73717948717949,LF,KRUM,Byz-NSGDM,0,0.1
720,85.87740384615384,LF,KRUM,Byz-NSGDM,0,0.1
750,85.8173076923077,LF,KRUM,Byz-NSGDM,0,0.1
780,85.82732371794872,LF,KRUM,Byz-NSGDM,0,0.1
810,85.90745192307692,LF,KRUM,Byz-NSGDM,0,0.1
840,85.82732371794872,LF,KRUM,Byz-NSGDM,0,0.1
870,85.8573717948718,LF,KRUM,Byz-NSGDM,0,0.1
900,85.94751602564102,LF,KRUM,Byz-NSGDM,0,0.1
930,86.19791666666667,LF,KRUM,Byz-NSGDM,0,0.1
960,86.10777243589743,LF,KRUM,Byz-NSGDM,0,0.1
990,86.12780448717949,LF,KRUM,Byz-NSGDM,0,0.1
1020,86.25801282051282,LF,KRUM,Byz-NSGDM,0,0.1
1050,86.2479967948718,LF,KRUM,Byz-NSGDM,0,0.1
1080,86.18790064102564,LF,KRUM,Byz-NSGDM,0,0.1
1110,86.16786858974359,LF,KRUM,Byz-NSGDM,0,0.1
1140,86.22796474358974,LF,KRUM,Byz-NSGDM,0,0.1
1170,86.4082532051282,LF,KRUM,Byz-NSGDM,0,0.1
1200,86.70873397435898,LF,KRUM,Byz-NSGDM,0,0.1
1230,86.50841346153847,LF,KRUM,Byz-NSGDM,0,0.1
1260,86.65865384615384,LF,KRUM,Byz-NSGDM,0,0.1
1290,86.2880608974359,LF,KRUM,Byz-NSGDM,0,0.1
1320,86.49839743589743,LF,KRUM,Byz-NSGDM,0,0.1
1350,86.64863782051282,LF,KRUM,Byz-NSGDM,0,0.1
1380,86.60857371794872,LF,KRUM,Byz-NSGDM,0,0.1
1410,86.65865384615384,LF,KRUM,Byz-NSGDM,0,0.1
1440,86.60857371794872,LF,KRUM,Byz-NSGDM,0,0.1
1470,86.66866987179488,LF,KRUM,Byz-NSGDM,0,0.1
1500,86.61858974358974,LF,KRUM,Byz-NSGDM,0,0.1
30,41.67668269230769,mimic,KRUM,Baseline,123,0.001
60,64.3729967948718,mimic,KRUM,Baseline,123,0.001
90,74.8798076923077,mimic,KRUM,Baseline,123,0.001
120,78.71594551282051,mimic,KRUM,Baseline,123,0.001
150,80.3886217948718,mimic,KRUM,Baseline,123,0.001
180,81.07972756410257,mimic,KRUM,Baseline,123,0.001
210,82.02123397435898,mimic,KRUM,Baseline,123,0.001
240,82.27163461538461,mimic,KRUM,Baseline,123,0.001
270,82.8125,mimic,KRUM,Baseline,123,0.001
300,83.1229967948718,mimic,KRUM,Baseline,123,0.001
330,83.39342948717949,mimic,KRUM,Baseline,123,0.001
360,83.45352564102564,mimic,KRUM,Baseline,123,0.001
390,83.62379807692308,mimic,KRUM,Baseline,123,0.001
420,83.85416666666667,mimic,KRUM,Baseline,123,0.001
450,83.99439102564102,mimic,KRUM,Baseline,123,0.001
480,84.04447115384616,mimic,KRUM,Baseline,123,0.001
510,84.375,mimic,KRUM,Baseline,123,0.001
540,84.51522435897436,mimic,KRUM,Baseline,123,0.001
570,84.2948717948718,mimic,KRUM,Baseline,123,0.001
600,84.74559294871794,mimic,KRUM,Baseline,123,0.001
630,84.60536858974359,mimic,KRUM,Baseline,123,0.001
660,84.70552884615384,mimic,KRUM,Baseline,123,0.001
690,84.765625,mimic,KRUM,Baseline,123,0.001
720,84.8056891025641,mimic,KRUM,Baseline,123,0.001
750,85.18629807692308,mimic,KRUM,Baseline,123,0.001
780,85.08613782051282,mimic,KRUM,Baseline,123,0.001
810,85.22636217948718,mimic,KRUM,Baseline,123,0.001
840,85.36658653846153,mimic,KRUM,Baseline,123,0.001
870,85.56690705128206,mimic,KRUM,Baseline,123,0.001
900,85.64703525641026,mimic,KRUM,Baseline,123,0.001
930,85.4667467948718,mimic,KRUM,Baseline,123,0.001
960,85.5869391025641,mimic,KRUM,Baseline,123,0.001
990,85.70713141025641,mimic,KRUM,Baseline,123,0.001
1020,85.69711538461539,mimic,KRUM,Baseline,123,0.001
1050,85.67708333333333,mimic,KRUM,Baseline,123,0.001
1080,85.8173076923077,mimic,KRUM,Baseline,123,0.001
1110,85.84735576923077,mimic,KRUM,Baseline,123,0.001
1140,85.75721153846153,mimic,KRUM,Baseline,123,0.001
1170,86.18790064102564,mimic,KRUM,Baseline,123,0.001
1200,86.0576923076923,mimic,KRUM,Baseline,123,0.001
1230,85.98758012820512,mimic,KRUM,Baseline,123,0.001
1260,86.18790064102564,mimic,KRUM,Baseline,123,0.001
1290,86.04767628205128,mimic,KRUM,Baseline,123,0.001
1320,86.30809294871794,mimic,KRUM,Baseline,123,0.001
1350,86.3681891025641,mimic,KRUM,Baseline,123,0.001
1380,86.19791666666667,mimic,KRUM,Baseline,123,0.001
1410,86.22796474358974,mimic,KRUM,Baseline,123,0.001
1440,86.38822115384616,mimic,KRUM,Baseline,123,0.001
1470,86.43830128205128,mimic,KRUM,Baseline,123,0.001
1500,86.328125,mimic,KRUM,Baseline,123,0.001
30,9.344951923076923,LF,RFA,Byz-NSGDM,0,0.001
60,10.526842948717949,LF,RFA,Byz-NSGDM,0,0.001
90,11.428285256410257,LF,RFA,Byz-NSGDM,0,0.001
120,12.239583333333334,LF,RFA,Byz-NSGDM,0,0.001
150,13.020833333333334,LF,RFA,Byz-NSGDM,0,0.001
180,13.611778846153847,LF,RFA,Byz-NSGDM,0,0.001
210,14.15264423076923,LF,RFA,Byz-NSGDM,0,0.001
240,14.643429487179487,LF,RFA,Byz-NSGDM,0,0.001
270,15.034054487179487,LF,RFA,Byz-NSGDM,0,0.001
300,15.444711538461538,LF,RFA,Byz-NSGDM,0,0.001
330,15.725160256410257,LF,RFA,Byz-NSGDM,0,0.001
360,16.115785256410255,LF,RFA,Byz-NSGDM,0,0.001
390,16.38621794871795,LF,RFA,Byz-NSGDM,0,0.001
420,16.736778846153847,LF,RFA,Byz-NSGDM,0,0.001
450,16.967147435897434,LF,RFA,Byz-NSGDM,0,0.001
480,17.237580128205128,LF,RFA,Byz-NSGDM,0,0.001
510,17.548076923076923,LF,RFA,Byz-NSGDM,0,0.001
540,17.838541666666668,LF,RFA,Byz-NSGDM,0,0.001
570,18.209134615384617,LF,RFA,Byz-NSGDM,0,0.001
600,18.780048076923077,LF,RFA,Byz-NSGDM,0,0.001
630,19.25080128205128,LF,RFA,Byz-NSGDM,0,0.001
660,19.76161858974359,LF,RFA,Byz-NSGDM,0,0.001
690,20.282451923076923,LF,RFA,Byz-NSGDM,0,0.001
720,20.81330128205128,LF,RFA,Byz-NSGDM,0,0.001
750,21.294070512820515,LF,RFA,Byz-NSGDM,0,0.001
780,21.734775641025642,LF,RFA,Byz-NSGDM,0,0.001
810,22.24559294871795,LF,RFA,Byz-NSGDM,0,0.001
840,22.67628205128205,LF,RFA,Byz-NSGDM,0,0.001
870,22.986778846153847,LF,RFA,Byz-NSGDM,0,0.001
900,23.397435897435898,LF,RFA,Byz-NSGDM,0,0.001
930,23.64783653846154,LF,RFA,Byz-NSGDM,0,0.001
960,23.928285256410255,LF,RFA,Byz-NSGDM,0,0.001
990,24.23878205128205,LF,RFA,Byz-NSGDM,0,0.001
1020,24.509214743589745,LF,RFA,Byz-NSGDM,0,0.001
1050,24.809695512820515,LF,RFA,Byz-NSGDM,0,0.001
1080,25.23036858974359,LF,RFA,Byz-NSGDM,0,0.001
1110,25.46073717948718,LF,RFA,Byz-NSGDM,0,0.001
1140,25.62099358974359,LF,RFA,Byz-NSGDM,0,0.001
1170,25.89142628205128,LF,RFA,Byz-NSGDM,0,0.001
1200,26.131810897435898,LF,RFA,Byz-NSGDM,0,0.001
1230,26.442307692307693,LF,RFA,Byz-NSGDM,0,0.001
1260,26.602564102564102,LF,RFA,Byz-NSGDM,0,0.001
1290,26.812900641025642,LF,RFA,Byz-NSGDM,0,0.001
1320,27.053285256410255,LF,RFA,Byz-NSGDM,0,0.001
1350,27.18349358974359,LF,RFA,Byz-NSGDM,0,0.001
1380,27.353766025641026,LF,RFA,Byz-NSGDM,0,0.001
1410,27.57411858974359,LF,RFA,Byz-NSGDM,0,0.001
1440,27.744391025641026,LF,RFA,Byz-NSGDM,0,0.001
1470,27.934695512820515,LF,RFA,Byz-NSGDM,0,0.001
1500,28.155048076923077,LF,RFA,Byz-NSGDM,0,0.001
30,74.01842948717949,BF,CM,Baseline-Decay,42,0.1
60,82.25160256410257,BF,CM,Baseline-Decay,42,0.1
90,83.6738782051282,BF,CM,Baseline-Decay,42,0.1
120,84.3349358974359,BF,CM,Baseline-Decay,42,0.1
150,85.38661858974359,BF,CM,Baseline-Decay,42,0.1
180,85.33653846153847,BF,CM,Baseline-Decay,42,0.1
210,84.08453525641026,BF,CM,Baseline-Decay,42,0.1
240,82.96274038461539,BF,CM,Baseline-Decay,42,0.1
270,85.06610576923077,BF,CM,Baseline-Decay,42,0.1
300,84.91586538461539,BF,CM,Baseline-Decay,42,0.1
330,75.45072115384616,BF,CM,Baseline-Decay,42,0.1
360,79.23677884615384,BF,CM,Baseline-Decay,42,0.1
390,21.25400641025641,BF,CM,Baseline-Decay,42,0.1
420,16.08573717948718,BF,CM,Baseline-Decay,42,0.1
450,8.934294871794872,BF,CM,Baseline-Decay,42,0.1
480,8.964342948717949,BF,CM,Baseline-Decay,42,0.1
510,9.294871794871796,BF,CM,Baseline-Decay,42,0.1
540,10.216346153846153,BF,CM,Baseline-Decay,42,0.1
570,10.146233974358974,BF,CM,Baseline-Decay,42,0.1
600,10.136217948717949,BF,CM,Baseline-Decay,42,0.1
630,10.116185897435898,BF,CM,Baseline-Decay,42,0.1
660,10.29647435897436,BF,CM,Baseline-Decay,42,0.1
690,10.116185897435898,BF,CM,Baseline-Decay,42,0.1
720,10.336538461538462,BF,CM,Baseline-Decay,42,0.1
750,10.116185897435898,BF,CM,Baseline-Decay,42,0.1
780,10.116185897435898,BF,CM,Baseline-Decay,42,0.1
810,10.116185897435898,BF,CM,Baseline-Decay,42,0.1
840,10.336538461538462,BF,CM,Baseline-Decay,42,0.1
870,10.29647435897436,BF,CM,Baseline-Decay,42,0.1
900,10.336538461538462,BF,CM,Baseline-Decay,42,0.1
930,10.116185897435898,BF,CM,Baseline-Decay,42,0.1
960,10.336538461538462,BF,CM,Baseline-Decay,42,0.1
990,9.595352564102564,BF,CM,Baseline-Decay,42,0.1
1020,9.595352564102564,BF,CM,Baseline-Decay,42,0.1
1050,10.116185897435898,BF,CM,Baseline-Decay,42,0.1
1080,10.116185897435898,BF,CM,Baseline-Decay,42,0.1
1110,10.116185897435898,BF,CM,Baseline-Decay,42,0.1
1140,10.116185897435898,BF,CM,Baseline-Decay,42,0.1
1170,10.116185897435898,BF,CM,Baseline-Decay,42,0.1
1200,10.116185897435898,BF,CM,Baseline-Decay,42,0.1
1230,10.116185897435898,BF,CM,Baseline-Decay,42,0.1
1260,10.116185897435898,BF,CM,Baseline-Decay,42,0.1
1290,10.116185897435898,BF,CM,Baseline-Decay,42,0.1
1320,10.116185897435898,BF,CM,Baseline-Decay,42,0.1
1350,10.116185897435898,BF,CM,Baseline-Decay,42,0.1
1380,10.116185897435898,BF,CM,Baseline-Decay,42,0.1
1410,9.835737179487179,BF,CM,Baseline-Decay,42,0.1
1440,9.835737179487179,BF,CM,Baseline-Decay,42,0.1
1470,9.835737179487179,BF,CM,Baseline-Decay,42,0.1
1500,9.835737179487179,BF,CM,Baseline-Decay,42,0.1
30,73.76802884615384,BF,CM,Byz-NSGDM,0,0.2
60,78.79607371794872,BF,CM,Byz-NSGDM,0,0.2
90,82.16145833333333,BF,CM,Byz-NSGDM,0,0.2
120,83.1630608974359,BF,CM,Byz-NSGDM,0,0.2
150,83.58373397435898,BF,CM,Byz-NSGDM,0,0.2
180,84.38501602564102,BF,CM,Byz-NSGDM,0,0.2
210,85.0761217948718,BF,CM,Byz-NSGDM,0,0.2
240,85.33653846153847,BF,CM,Byz-NSGDM,0,0.2
270,85.22636217948718,BF,CM,Byz-NSGDM,0,0.2
300,85.02604166666667,BF,CM,Byz-NSGDM,0,0.2
330,85.8974358974359,BF,CM,Byz-NSGDM,0,0.2
360,85.06610576923077,BF,CM,Byz-NSGDM,0,0.2
390,85.41666666666667,BF,CM,Byz-NSGDM,0,0.2
420,85.74719551282051,BF,CM,Byz-NSGDM,0,0.2
450,85.2764423076923,BF,CM,Byz-NSGDM,0,0.2
480,85.00600961538461,BF,CM,Byz-NSGDM,0,0.2
510,84.2548076923077,BF,CM,Byz-NSGDM,0,0.2
540,85.4667467948718,BF,CM,Byz-NSGDM,0,0.2
570,85.9375,BF,CM,Byz-NSGDM,0,0.2
600,84.375,BF,CM,Byz-NSGDM,0,0.2
630,81.67067307692308,BF,CM,Byz-NSGDM,0,0.2
660,81.43028846153847,BF,CM,Byz-NSGDM,0,0.2
690,80.04807692307692,BF,CM,Byz-NSGDM,0,0.2
720,84.78565705128206,BF,CM,Byz-NSGDM,0,0.2
750,85.21634615384616,BF,CM,Byz-NSGDM,0,0.2
780,85.36658653846153,BF,CM,Byz-NSGDM,0,0.2
810,82.94270833333333,BF,CM,Byz-NSGDM,0,0.2
840,85.01602564102564,BF,CM,Byz-NSGDM,0,0.2
870,84.85576923076923,BF,CM,Byz-NSGDM,0,0.2
900,84.70552884615384,BF,CM,Byz-NSGDM,0,0.2
930,84.86578525641026,BF,CM,Byz-NSGDM,0,0.2
960,85.67708333333333,BF,CM,Byz-NSGDM,0,0.2
990,79.91786858974359,BF,CM,Byz-NSGDM,0,0.2
1020,84.61538461538461,BF,CM,Byz-NSGDM,0,0.2
1050,84.16466346153847,BF,CM,Byz-NSGDM,0,0.2
1080,83.57371794871794,BF,CM,Byz-NSGDM,0,0.2
1110,84.70552884615384,BF,CM,Byz-NSGDM,0,0.2
1140,80.0380608974359,BF,CM,Byz-NSGDM,0,0.2
1170,84.39503205128206,BF,CM,Byz-NSGDM,0,0.2
1200,84.34495192307692,BF,CM,Byz-NSGDM,0,0.2
1230,81.640625,BF,CM,Byz-NSGDM,0,0.2
1260,79.79767628205128,BF,CM,Byz-NSGDM,0,0.2
1290,82.76241987179488,BF,CM,Byz-NSGDM,0,0.2
1320,84.99599358974359,BF,CM,Byz-NSGDM,0,0.2
1350,81.34014423076923,BF,CM,Byz-NSGDM,0,0.2
1380,85.38661858974359,BF,CM,Byz-NSGDM,0,0.2
1410,84.35496794871794,BF,CM,Byz-NSGDM,0,0.2
1440,78.5957532051282,BF,CM,Byz-NSGDM,0,0.2
1470,81.41025641025641,BF,CM,Byz-NSGDM,0,0.2
1500,79.79767628205128,BF,CM,Byz-NSGDM,0,0.2
30,18.870192307692307,BF,RFA,Byz-NSGDM,0,0.005
60,26.47235576923077,BF,RFA,Byz-NSGDM,0,0.005
90,29.91786858974359,BF,RFA,Byz-NSGDM,0,0.005
120,32.01121794871795,BF,RFA,Byz-NSGDM,0,0.005
150,33.44350961538461,BF,RFA,Byz-NSGDM,0,0.005
180,35.13621794871795,BF,RFA,Byz-NSGDM,0,0.005
210,36.71875,BF,RFA,Byz-NSGDM,0,0.005
30,77.47395833333333,LF,KRUM,Baseline,123,0.01
60,89.70352564102564,LF,KRUM,Baseline,123,0.01
90,91.94711538461539,LF,KRUM,Baseline,123,0.01
120,92.62820512820512,LF,KRUM,Baseline,123,0.01
150,93.3994391025641,LF,KRUM,Baseline,123,0.01
180,93.7099358974359,LF,KRUM,Baseline,123,0.01
210,93.98036858974359,LF,KRUM,Baseline,123,0.01
240,95.2323717948718,LF,KRUM,Baseline,123,0.01
270,95.20232371794872,LF,KRUM,Baseline,123,0.01
300,95.26241987179488,LF,KRUM,Baseline,123,0.01
330,95.79326923076923,LF,KRUM,Baseline,123,0.01
360,95.95352564102564,LF,KRUM,Baseline,123,0.01
390,96.18389423076923,LF,KRUM,Baseline,123,0.01
420,96.59455128205128,LF,KRUM,Baseline,123,0.01
450,96.67467948717949,LF,KRUM,Baseline,123,0.01
480,96.62459935897436,LF,KRUM,Baseline,123,0.01
510,96.51442307692308,LF,KRUM,Baseline,123,0.01
540,96.9551282051282,LF,KRUM,Baseline,123,0.01
570,97.08533653846153,LF,KRUM,Baseline,123,0.01
600,97.28565705128206,LF,KRUM,Baseline,123,0.01
630,97.49599358974359,LF,KRUM,Baseline,123,0.01
660,97.46594551282051,LF,KRUM,Baseline,123,0.01
690,97.27564102564102,LF,KRUM,Baseline,123,0.01
720,97.6963141025641,LF,KRUM,Baseline,123,0.01
750,97.64623397435898,LF,KRUM,Baseline,123,0.01
780,97.71634615384616,LF,KRUM,Baseline,123,0.01
810,97.78645833333333,LF,KRUM,Baseline,123,0.01
840,97.63621794871794,LF,KRUM,Baseline,123,0.01
870,97.81650641025641,LF,KRUM,Baseline,123,0.01
900,98.10697115384616,LF,KRUM,Baseline,123,0.01
930,98.20713141025641,LF,KRUM,Baseline,123,0.01
960,97.97676282051282,LF,KRUM,Baseline,123,0.01
990,98.19711538461539,LF,KRUM,Baseline,123,0.01
1020,98.11698717948718,LF,KRUM,Baseline,123,0.01
1050,98.21714743589743,LF,KRUM,Baseline,123,0.01
1080,98.21714743589743,LF,KRUM,Baseline,123,0.01
1110,98.19711538461539,LF,KRUM,Baseline,123,0.01
1140,98.25721153846153,LF,KRUM,Baseline,123,0.01
1170,98.11698717948718,LF,KRUM,Baseline,123,0.01
1200,98.3573717948718,LF,KRUM,Baseline,123,0.01
1230,98.09695512820512,LF,KRUM,Baseline,123,0.01
1260,98.26722756410257,LF,KRUM,Baseline,123,0.01
1290,98.27724358974359,LF,KRUM,Baseline,123,0.01
1320,98.3974358974359,LF,KRUM,Baseline,123,0.01
1350,98.38741987179488,LF,KRUM,Baseline,123,0.01
1380,98.36738782051282,LF,KRUM,Baseline,123,0.01
1410,98.34735576923077,LF,KRUM,Baseline,123,0.01
1440,98.26722756410257,LF,KRUM,Baseline,123,0.01
1470,98.42748397435898,LF,KRUM,Baseline,123,0.01
1500,98.40745192307692,LF,KRUM,Baseline,123,0.01
30,80.0380608974359,LF,KRUM,Byz-NSGDM,42,1.0
60,84.87580128205128,LF,KRUM,Byz-NSGDM,42,1.0
90,86.46834935897436,LF,KRUM,Byz-NSGDM,42,1.0
120,87.09935897435898,LF,KRUM,Byz-NSGDM,42,1.0
150,87.20953525641026,LF,KRUM,Byz-NSGDM,42,1.0
180,87.53004807692308,LF,KRUM,Byz-NSGDM,42,1.0
210,88.02083333333333,LF,KRUM,Byz-NSGDM,42,1.0
240,88.27123397435898,LF,KRUM,Byz-NSGDM,42,1.0
270,88.37139423076923,LF,KRUM,Byz-NSGDM,42,1.0
300,88.5917467948718,LF,KRUM,Byz-NSGDM,42,1.0
330,88.53165064102564,LF,KRUM,Byz-NSGDM,42,1.0
360,88.85216346153847,LF,KRUM,Byz-NSGDM,42,1.0
390,88.65184294871794,LF,KRUM,Byz-NSGDM,42,1.0
420,88.7920673076923,LF,KRUM,Byz-NSGDM,42,1.0
450,88.90224358974359,LF,KRUM,Byz-NSGDM,42,1.0
480,88.89222756410257,LF,KRUM,Byz-NSGDM,42,1.0
510,88.93229166666667,LF,KRUM,Byz-NSGDM,42,1.0
540,88.87219551282051,LF,KRUM,Byz-NSGDM,42,1.0
570,88.91225961538461,LF,KRUM,Byz-NSGDM,42,1.0
600,88.99238782051282,LF,KRUM,Byz-NSGDM,42,1.0
630,88.97235576923077,LF,KRUM,Byz-NSGDM,42,1.0
660,88.89222756410257,LF,KRUM,Byz-NSGDM,42,1.0
690,88.91225961538461,LF,KRUM,Byz-NSGDM,42,1.0
720,89.04246794871794,LF,KRUM,Byz-NSGDM,42,1.0
750,89.05248397435898,LF,KRUM,Byz-NSGDM,42,1.0
780,89.08253205128206,LF,KRUM,Byz-NSGDM,42,1.0
810,89.11258012820512,LF,KRUM,Byz-NSGDM,42,1.0
840,88.96233974358974,LF,KRUM,Byz-NSGDM,42,1.0
870,89.09254807692308,LF,KRUM,Byz-NSGDM,42,1.0
900,89.0625,LF,KRUM,Byz-NSGDM,42,1.0
930,89.08253205128206,LF,KRUM,Byz-NSGDM,42,1.0
960,89.13261217948718,LF,KRUM,Byz-NSGDM,42,1.0
990,89.09254807692308,LF,KRUM,Byz-NSGDM,42,1.0
1020,89.16266025641026,LF,KRUM,Byz-NSGDM,42,1.0
1050,88.99238782051282,LF,KRUM,Byz-NSGDM,42,1.0
1080,89.20272435897436,LF,KRUM,Byz-NSGDM,42,1.0
1110,89.13261217948718,LF,KRUM,Byz-NSGDM,42,1.0
1140,89.07251602564102,LF,KRUM,Byz-NSGDM,42,1.0
1170,89.07251602564102,LF,KRUM,Byz-NSGDM,42,1.0
1200,89.13261217948718,LF,KRUM,Byz-NSGDM,42,1.0
1230,89.03245192307692,LF,KRUM,Byz-NSGDM,42,1.0
1260,89.22275641025641,LF,KRUM,Byz-NSGDM,42,1.0
1290,89.15264423076923,LF,KRUM,Byz-NSGDM,42,1.0
1320,89.05248397435898,LF,KRUM,Byz-NSGDM,42,1.0
1350,89.20272435897436,LF,KRUM,Byz-NSGDM,42,1.0
1380,89.12259615384616,LF,KRUM,Byz-NSGDM,42,1.0
1410,89.22275641025641,LF,KRUM,Byz-NSGDM,42,1.0
1440,89.03245192307692,LF,KRUM,Byz-NSGDM,42,1.0
1470,89.15264423076923,LF,KRUM,Byz-NSGDM,42,1.0
1500,89.15264423076923,LF,KRUM,Byz-NSGDM,42,1.0
30,61.52844551282051,BF,CM,Baseline,0,0.005
60,70.86338141025641,BF,CM,Baseline,0,0.005
90,80.51883012820512,BF,CM,Baseline,0,0.005
120,81.69070512820512,BF,CM,Baseline,0,0.005
150,83.37339743589743,BF,CM,Baseline,0,0.005
180,83.64383012820512,BF,CM,Baseline,0,0.005
210,84.28485576923077,BF,CM,Baseline,0,0.005
240,85.0761217948718,BF,CM,Baseline,0,0.005
270,84.69551282051282,BF,CM,Baseline,0,0.005
300,85.64703525641026,BF,CM,Baseline,0,0.005
330,79.9579326923077,BF,CM,Baseline,0,0.005
360,84.12459935897436,BF,CM,Baseline,0,0.005
390,84.42508012820512,BF,CM,Baseline,0,0.005
420,78.57572115384616,BF,CM,Baseline,0,0.005
450,84.8858173076923,BF,CM,Baseline,0,0.005
480,85.31650641025641,BF,CM,Baseline,0,0.005
510,76.65264423076923,BF,CM,Baseline,0,0.005
540,80.9395032051282,BF,CM,Baseline,0,0.005
570,84.43509615384616,BF,CM,Baseline,0,0.005
600,79.38701923076923,BF,CM,Baseline,0,0.005
630,81.07972756410257,BF,CM,Baseline,0,0.005
660,82.49198717948718,BF,CM,Baseline,0,0.005
690,75.42067307692308,BF,CM,Baseline,0,0.005
720,81.640625,BF,CM,Baseline,0,0.005
750,65.05408653846153,BF,CM,Baseline,0,0.005
780,10.116185897435898,BF,CM,Baseline,0,0.005
810,10.206330128205128,BF,CM,Baseline,0,0.005
840,10.426682692307692,BF,CM,Baseline,0,0.005
870,11.368189102564102,BF,CM,Baseline,0,0.005
900,11.368189102564102,BF,CM,Baseline,0,0.005
930,11.368189102564102,BF,CM,Baseline,0,0.005
960,11.368189102564102,BF,CM,Baseline,0,0.005
990,11.408253205128204,BF,CM,Baseline,0,0.005
1020,12.19951923076923,BF,CM,Baseline,0,0.005
1050,11.368189102564102,BF,CM,Baseline,0,0.005
1080,11.368189102564102,BF,CM,Baseline,0,0.005
1110,11.378205128205128,BF,CM,Baseline,0,0.005
1140,11.55849358974359,BF,CM,Baseline,0,0.005
1170,11.448317307692308,BF,CM,Baseline,0,0.005
1200,11.398237179487179,BF,CM,Baseline,0,0.005
1230,11.378205128205128,BF,CM,Baseline,0,0.005
1260,11.378205128205128,BF,CM,Baseline,0,0.005
1290,11.408253205128204,BF,CM,Baseline,0,0.005
1320,11.388221153846153,BF,CM,Baseline,0,0.005
1350,11.378205128205128,BF,CM,Baseline,0,0.005
1380,11.378205128205128,BF,CM,Baseline,0,0.005
1410,11.46834935897436,BF,CM,Baseline,0,0.005
1440,11.438301282051283,BF,CM,Baseline,0,0.005
1470,11.368189102564102,BF,CM,Baseline,0,0.005
1500,11.388221153846153,BF,CM,Baseline,0,0.005
30,9.395032051282051,BF,RFA,Byz-NSGDM,0,0.001
60,10.647035256410257,BF,RFA,Byz-NSGDM,0,0.001
90,11.548477564102564,BF,RFA,Byz-NSGDM,0,0.001
120,12.389823717948717,BF,RFA,Byz-NSGDM,0,0.001
150,13.080929487179487,BF,RFA,Byz-NSGDM,0,0.001
180,13.76201923076923,BF,RFA,Byz-NSGDM,0,0.001
210,14.262820512820513,BF,RFA,Byz-NSGDM,0,0.001
240,14.723557692307692,BF,RFA,Byz-NSGDM,0,0.001
270,15.084134615384615,BF,RFA,Byz-NSGDM,0,0.001
300,15.474759615384615,BF,RFA,Byz-NSGDM,0,0.001
330,15.865384615384615,BF,RFA,Byz-NSGDM,0,0.001
360,16.10576923076923,BF,RFA,Byz-NSGDM,0,0.001
390,16.47636217948718,BF,RFA,Byz-NSGDM,0,0.001
420,16.716746794871796,BF,RFA,Byz-NSGDM,0,0.001
450,16.987179487179485,BF,RFA,Byz-NSGDM,0,0.001
480,17.267628205128204,BF,RFA,Byz-NSGDM,0,0.001
510,17.578125,BF,RFA,Byz-NSGDM,0,0.001
540,17.85857371794872,BF,RFA,Byz-NSGDM,0,0.001
570,18.279246794871796,BF,RFA,Byz-NSGDM,0,0.001
600,18.82011217948718,BF,RFA,Byz-NSGDM,0,0.001
630,19.240785256410255,BF,RFA,Byz-NSGDM,0,0.001
660,19.69150641025641,BF,RFA,Byz-NSGDM,0,0.001
690,20.262419871794872,BF,RFA,Byz-NSGDM,0,0.001
720,20.713141025641026,BF,RFA,Byz-NSGDM,0,0.001
750,21.133814102564102,BF,RFA,Byz-NSGDM,0,0.001
780,21.634615384615383,BF,RFA,Byz-NSGDM,0,0.001
810,22.115384615384617,BF,RFA,Byz-NSGDM,0,0.001
840,22.49599358974359,BF,RFA,Byz-NSGDM,0,0.001
870,22.906650641025642,BF,RFA,Byz-NSGDM,0,0.001
900,23.237179487179485,BF,RFA,Byz-NSGDM,0,0.001
930,23.557692307692307,BF,RFA,Byz-NSGDM,0,0.001
960,23.878205128205128,BF,RFA,Byz-NSGDM,0,0.001
990,24.10857371794872,BF,RFA,Byz-NSGDM,0,0.001
1020,24.389022435897434,BF,RFA,Byz-NSGDM,0,0.001
1050,24.669471153846153,BF,RFA,Byz-NSGDM,0,0.001
1080,25.09014423076923,BF,RFA,Byz-NSGDM,0,0.001
1110,25.390625,BF,RFA,Byz-NSGDM,0,0.001
1140,25.55088141025641,BF,RFA,Byz-NSGDM,0,0.001
1170,25.721153846153847,BF,RFA,Byz-NSGDM,0,0.001
1200,25.99158653846154,BF,RFA,Byz-NSGDM,0,0.001
1230,26.26201923076923,BF,RFA,Byz-NSGDM,0,0.001
1260,26.532451923076923,BF,RFA,Byz-NSGDM,0,0.001
1290,26.712740384615383,BF,RFA,Byz-NSGDM,0,0.001
1320,26.84294871794872,BF,RFA,Byz-NSGDM,0,0.001
1350,26.993189102564102,BF,RFA,Byz-NSGDM,0,0.001
1380,27.213541666666668,BF,RFA,Byz-NSGDM,0,0.001
1410,27.32371794871795,BF,RFA,Byz-NSGDM,0,0.001
1440,27.534054487179485,BF,RFA,Byz-NSGDM,0,0.001
1470,27.734375,BF,RFA,Byz-NSGDM,0,0.001
1500,27.904647435897434,BF,RFA,Byz-NSGDM,0,0.001
30,63.37139423076923,BF,CM,Baseline-Decay,0,0.05
60,79.6474358974359,BF,CM,Baseline-Decay,0,0.05
90,81.31009615384616,BF,CM,Baseline-Decay,0,0.05
120,82.10136217948718,BF,CM,Baseline-Decay,0,0.05
150,83.52363782051282,BF,CM,Baseline-Decay,0,0.05
180,83.9042467948718,BF,CM,Baseline-Decay,0,0.05
210,83.89423076923077,BF,CM,Baseline-Decay,0,0.05
240,84.42508012820512,BF,CM,Baseline-Decay,0,0.05
270,84.27483974358974,BF,CM,Baseline-Decay,0,0.05
300,84.71554487179488,BF,CM,Baseline-Decay,0,0.05
330,84.75560897435898,BF,CM,Baseline-Decay,0,0.05
360,85.0761217948718,BF,CM,Baseline-Decay,0,0.05
390,84.99599358974359,BF,CM,Baseline-Decay,0,0.05
420,85.10616987179488,BF,CM,Baseline-Decay,0,0.05
450,83.80408653846153,BF,CM,Baseline-Decay,0,0.05
480,79.6073717948718,BF,CM,Baseline-Decay,0,0.05
510,84.22475961538461,BF,CM,Baseline-Decay,0,0.05
540,79.78766025641026,BF,CM,Baseline-Decay,0,0.05
570,81.6005608974359,BF,CM,Baseline-Decay,0,0.05
600,83.87419871794872,BF,CM,Baseline-Decay,0,0.05
630,84.82572115384616,BF,CM,Baseline-Decay,0,0.05
660,85.68709935897436,BF,CM,Baseline-Decay,0,0.05
690,78.85616987179488,BF,CM,Baseline-Decay,0,0.05
720,73.5576923076923,BF,CM,Baseline-Decay,0,0.05
750,83.27323717948718,BF,CM,Baseline-Decay,0,0.05
780,82.45192307692308,BF,CM,Baseline-Decay,0,0.05
810,77.58413461538461,BF,CM,Baseline-Decay,0,0.05
840,79.51722756410257,BF,CM,Baseline-Decay,0,0.05
870,83.17307692307692,BF,CM,Baseline-Decay,0,0.05
900,83.69391025641026,BF,CM,Baseline-Decay,0,0.05
930,81.03966346153847,BF,CM,Baseline-Decay,0,0.05
960,78.75600961538461,BF,CM,Baseline-Decay,0,0.05
990,79.86778846153847,BF,CM,Baseline-Decay,0,0.05
1020,77.3838141025641,BF,CM,Baseline-Decay,0,0.05
1050,76.42227564102564,BF,CM,Baseline-Decay,0,0.05
1080,56.83092948717949,BF,CM,Baseline-Decay,0,0.05
1110,35.20633012820513,BF,CM,Baseline-Decay,0,0.05
1140,47.766426282051285,BF,CM,Baseline-Decay,0,0.05
1170,58.6338141025641,BF,CM,Baseline-Decay,0,0.05
1200,61.39823717948718,BF,CM,Baseline-Decay,0,0.05
1230,57.74238782051282,BF,CM,Baseline-Decay,0,0.05
1260,60.446714743589745,BF,CM,Baseline-Decay,0,0.05
1290,73.69791666666667,BF,CM,Baseline-Decay,0,0.05
1320,74.9599358974359,BF,CM,Baseline-Decay,0,0.05
1350,72.51602564102564,BF,CM,Baseline-Decay,0,0.05
1380,65.05408653846153,BF,CM,Baseline-Decay,0,0.05
1410,70.26241987179488,BF,CM,Baseline-Decay,0,0.05
1440,69.56129807692308,BF,CM,Baseline-Decay,0,0.05
1470,72.68629807692308,BF,CM,Baseline-Decay,0,0.05
1500,73.7479967948718,BF,CM,Baseline-Decay,0,0.05
30,76.88301282051282,mimic,KRUM,Byz-NSGDM,0,1.0
60,94.42107371794872,mimic,KRUM,Byz-NSGDM,0,1.0
90,96.30408653846153,mimic,KRUM,Byz-NSGDM,0,1.0
120,97.45592948717949,mimic,KRUM,Byz-NSGDM,0,1.0
150,98.10697115384616,mimic,KRUM,Byz-NSGDM,0,1.0
180,98.09695512820512,mimic,KRUM,Byz-NSGDM,0,1.0
210,98.18709935897436,mimic,KRUM,Byz-NSGDM,0,1.0
240,98.19711538461539,mimic,KRUM,Byz-NSGDM,0,1.0
270,98.50761217948718,mimic,KRUM,Byz-NSGDM,0,1.0
300,98.52764423076923,mimic,KRUM,Byz-NSGDM,0,1.0
330,98.57772435897436,mimic,KRUM,Byz-NSGDM,0,1.0
360,91.6766826923077,mimic,KRUM,Byz-NSGDM,0,1.0
390,94.51121794871794,mimic,KRUM,Byz-NSGDM,0,1.0
420,94.19070512820512,mimic,KRUM,Byz-NSGDM,0,1.0
450,94.37099358974359,mimic,KRUM,Byz-NSGDM,0,1.0
480,93.96033653846153,mimic,KRUM,Byz-NSGDM,0,1.0
510,94.1005608974359,mimic,KRUM,Byz-NSGDM,0,1.0
540,92.37780448717949,mimic,KRUM,Byz-NSGDM,0,1.0
570,91.8369391025641,mimic,KRUM,Byz-NSGDM,0,1.0
600,91.07572115384616,mimic,KRUM,Byz-NSGDM,0,1.0
630,91.00560897435898,mimic,KRUM,Byz-NSGDM,0,1.0
660,90.83533653846153,mimic,KRUM,Byz-NSGDM,0,1.0
690,90.77524038461539,mimic,KRUM,Byz-NSGDM,0,1.0
720,90.59495192307692,mimic,KRUM,Byz-NSGDM,0,1.0
750,90.41466346153847,mimic,KRUM,Byz-NSGDM,0,1.0
780,90.02403846153847,mimic,KRUM,Byz-NSGDM,0,1.0
810,90.46474358974359,mimic,KRUM,Byz-NSGDM,0,1.0
840,90.3145032051282,mimic,KRUM,Byz-NSGDM,0,1.0
870,90.39463141025641,mimic,KRUM,Byz-NSGDM,0,1.0
900,90.625,mimic,KRUM,Byz-NSGDM,0,1.0
930,90.47475961538461,mimic,KRUM,Byz-NSGDM,0,1.0
960,90.43469551282051,mimic,KRUM,Byz-NSGDM,0,1.0
990,90.6650641025641,mimic,KRUM,Byz-NSGDM,0,1.0
1020,90.20432692307692,mimic,KRUM,Byz-NSGDM,0,1.0
1050,89.71354166666667,mimic,KRUM,Byz-NSGDM,0,1.0
1080,89.83373397435898,mimic,KRUM,Byz-NSGDM,0,1.0
1110,89.83373397435898,mimic,KRUM,Byz-NSGDM,0,1.0
1140,89.70352564102564,mimic,KRUM,Byz-NSGDM,0,1.0
1170,89.62339743589743,mimic,KRUM,Byz-NSGDM,0,1.0
1200,89.82371794871794,mimic,KRUM,Byz-NSGDM,0,1.0
1230,89.74358974358974,mimic,KRUM,Byz-NSGDM,0,1.0
1260,90.08413461538461,mimic,KRUM,Byz-NSGDM,0,1.0
1290,89.85376602564102,mimic,KRUM,Byz-NSGDM,0,1.0
1320,90.06410256410257,mimic,KRUM,Byz-NSGDM,0,1.0
1350,90.08413461538461,mimic,KRUM,Byz-NSGDM,0,1.0
1380,90.42467948717949,mimic,KRUM,Byz-NSGDM,0,1.0
1410,89.98397435897436,mimic,KRUM,Byz-NSGDM,0,1.0
1440,90.09415064102564,mimic,KRUM,Byz-NSGDM,0,1.0
1470,90.17427884615384,mimic,KRUM,Byz-NSGDM,0,1.0
1500,90.02403846153847,mimic,KRUM,Byz-NSGDM,0,1.0
30,40.134214743589745,LF,RFA,Baseline,0,0.001
60,63.79206730769231,LF,RFA,Baseline,0,0.001
90,65.9755608974359,LF,RFA,Baseline,0,0.001
120,75.16025641025641,LF,RFA,Baseline,0,0.001
150,74.18870192307692,LF,RFA,Baseline,0,0.001
180,77.63421474358974,LF,RFA,Baseline,0,0.001
210,78.17508012820512,LF,RFA,Baseline,0,0.001
240,79.30689102564102,LF,RFA,Baseline,0,0.001
270,79.84775641025641,LF,RFA,Baseline,0,0.001
300,80.4286858974359,LF,RFA,Baseline,0,0.001
330,80.79927884615384,LF,RFA,Baseline,0,0.001
360,81.11979166666667,LF,RFA,Baseline,0,0.001
390,81.39022435897436,LF,RFA,Baseline,0,0.001
420,81.640625,LF,RFA,Baseline,0,0.001
450,81.90104166666667,LF,RFA,Baseline,0,0.001
480,82.20152243589743,LF,RFA,Baseline,0,0.001
510,82.83253205128206,LF,RFA,Baseline,0,0.001
540,82.88261217948718,LF,RFA,Baseline,0,0.001
570,82.60216346153847,LF,RFA,Baseline,0,0.001
600,83.02283653846153,LF,RFA,Baseline,0,0.001
630,83.29326923076923,LF,RFA,Baseline,0,0.001
660,83.5536858974359,LF,RFA,Baseline,0,0.001
690,83.64383012820512,LF,RFA,Baseline,0,0.001
720,84.13461538461539,LF,RFA,Baseline,0,0.001
750,83.78405448717949,LF,RFA,Baseline,0,0.001
780,84.09455128205128,LF,RFA,Baseline,0,0.001
810,84.3349358974359,LF,RFA,Baseline,0,0.001
840,84.08453525641026,LF,RFA,Baseline,0,0.001
870,84.3349358974359,LF,RFA,Baseline,0,0.001
900,84.59535256410257,LF,RFA,Baseline,0,0.001
930,84.765625,LF,RFA,Baseline,0,0.001
960,84.83573717948718,LF,RFA,Baseline,0,0.001
990,85.0761217948718,LF,RFA,Baseline,0,0.001
1020,85.10616987179488,LF,RFA,Baseline,0,0.001
1050,85.22636217948718,LF,RFA,Baseline,0,0.001
1080,85.0761217948718,LF,RFA,Baseline,0,0.001
1110,85.16626602564102,LF,RFA,Baseline,0,0.001
1140,85.1963141025641,LF,RFA,Baseline,0,0.001
1170,85.36658653846153,LF,RFA,Baseline,0,0.001
1200,85.6670673076923,LF,RFA,Baseline,0,0.001
1230,85.546875,LF,RFA,Baseline,0,0.001
1260,85.64703525641026,LF,RFA,Baseline,0,0.001
1290,85.4266826923077,LF,RFA,Baseline,0,0.001
1320,85.69711538461539,LF,RFA,Baseline,0,0.001
1350,85.70713141025641,LF,RFA,Baseline,0,0.001
1380,85.64703525641026,LF,RFA,Baseline,0,0.001
1410,85.8974358974359,LF,RFA,Baseline,0,0.001
1440,85.83733974358974,LF,RFA,Baseline,0,0.001
1470,85.99759615384616,LF,RFA,Baseline,0,0.001
1500,85.86738782051282,LF,RFA,Baseline,0,0.001
30,35.546875,mimic,KRUM,Baseline-Decay,0,0.005
60,51.77283653846154,mimic,KRUM,Baseline-Decay,0,0.005
90,63.201121794871796,mimic,KRUM,Baseline-Decay,0,0.005
120,65.9755608974359,mimic,KRUM,Baseline-Decay,0,0.005
150,70.75320512820512,mimic,KRUM,Baseline-Decay,0,0.005
180,74.57932692307692,mimic,KRUM,Baseline-Decay,0,0.005
210,77.33373397435898,mimic,KRUM,Baseline-Decay,0,0.005
240,79.28685897435898,mimic,KRUM,Baseline-Decay,0,0.005
270,80.62900641025641,mimic,KRUM,Baseline-Decay,0,0.005
300,81.89102564102564,mimic,KRUM,Baseline-Decay,0,0.005
330,82.33173076923077,mimic,KRUM,Baseline-Decay,0,0.005
360,83.50360576923077,mimic,KRUM,Baseline-Decay,0,0.005
390,83.75400641025641,mimic,KRUM,Baseline-Decay,0,0.005
420,84.44511217948718,mimic,KRUM,Baseline-Decay,0,0.005
450,85.01602564102564,mimic,KRUM,Baseline-Decay,0,0.005
480,85.53685897435898,mimic,KRUM,Baseline-Decay,0,0.005
510,85.73717948717949,mimic,KRUM,Baseline-Decay,0,0.005
540,86.0176282051282,mimic,KRUM,Baseline-Decay,0,0.005
570,86.27804487179488,mimic,KRUM,Baseline-Decay,0,0.005
600,86.45833333333333,mimic,KRUM,Baseline-Decay,0,0.005
630,86.68870192307692,mimic,KRUM,Baseline-Decay,0,0.005
660,86.89903846153847,mimic,KRUM,Baseline-Decay,0,0.005
690,87.11939102564102,mimic,KRUM,Baseline-Decay,0,0.005
720,87.07932692307692,mimic,KRUM,Baseline-Decay,0,0.005
750,87.4599358974359,mimic,KRUM,Baseline-Decay,0,0.005
780,87.4198717948718,mimic,KRUM,Baseline-Decay,0,0.005
810,87.6201923076923,mimic,KRUM,Baseline-Decay,0,0.005
840,87.42988782051282,mimic,KRUM,Baseline-Decay,0,0.005
870,87.92067307692308,mimic,KRUM,Baseline-Decay,0,0.005
900,87.94070512820512,mimic,KRUM,Baseline-Decay,0,0.005
930,88.13100961538461,mimic,KRUM,Baseline-Decay,0,0.005
960,88.14102564102564,mimic,KRUM,Baseline-Decay,0,0.005
990,88.48157051282051,mimic,KRUM,Baseline-Decay,0,0.005
1020,88.2011217948718,mimic,KRUM,Baseline-Decay,0,0.005
1050,88.52163461538461,mimic,KRUM,Baseline-Decay,0,0.005
1080,88.6318108974359,mimic,KRUM,Baseline-Decay,0,0.005
1110,88.88221153846153,mimic,KRUM,Baseline-Decay,0,0.005
1140,88.9423076923077,mimic,KRUM,Baseline-Decay,0,0.005
1170,88.89222756410257,mimic,KRUM,Baseline-Decay,0,0.005
1200,89.04246794871794,mimic,KRUM,Baseline-Decay,0,0.005
1230,89.1426282051282,mimic,KRUM,Baseline-Decay,0,0.005
1260,89.09254807692308,mimic,KRUM,Baseline-Decay,0,0.005
1290,89.17267628205128,mimic,KRUM,Baseline-Decay,0,0.005
1320,89.25280448717949,mimic,KRUM,Baseline-Decay,0,0.005
1350,89.28285256410257,mimic,KRUM,Baseline-Decay,0,0.005
1380,89.34294871794872,mimic,KRUM,Baseline-Decay,0,0.005
1410,89.29286858974359,mimic,KRUM,Baseline-Decay,0,0.005
1440,89.43309294871794,mimic,KRUM,Baseline-Decay,0,0.005
1470,89.5733173076923,mimic,KRUM,Baseline-Decay,0,0.005
1500,89.71354166666667,mimic,KRUM,Baseline-Decay,0,0.005
30,90.55488782051282,mimic,RFA,Baseline-Decay,0,0.2
60,93.58974358974359,mimic,RFA,Baseline-Decay,0,0.2
90,94.86177884615384,mimic,RFA,Baseline-Decay,0,0.2
120,96.08373397435898,mimic,RFA,Baseline-Decay,0,0.2
150,96.41426282051282,mimic,RFA,Baseline-Decay,0,0.2
180,96.7948717948718,mimic,RFA,Baseline-Decay,0,0.2
210,97.06530448717949,mimic,RFA,Baseline-Decay,0,0.2
240,97.32572115384616,mimic,RFA,Baseline-Decay,0,0.2
270,97.49599358974359,mimic,RFA,Baseline-Decay,0,0.2
300,97.52604166666667,mimic,RFA,Baseline-Decay,0,0.2
330,97.79647435897436,mimic,RFA,Baseline-Decay,0,0.2
360,97.74639423076923,mimic,RFA,Baseline-Decay,0,0.2
390,97.9266826923077,mimic,RFA,Baseline-Decay,0,0.2
420,97.86658653846153,mimic,RFA,Baseline-Decay,0,0.2
450,97.95673076923077,mimic,RFA,Baseline-Decay,0,0.2
480,97.93669871794872,mimic,RFA,Baseline-Decay,0,0.2
510,98.1270032051282,mimic,RFA,Baseline-Decay,0,0.2
540,97.94671474358974,mimic,RFA,Baseline-Decay,0,0.2
570,98.13701923076923,mimic,RFA,Baseline-Decay,0,0.2
600,98.0869391025641,mimic,RFA,Baseline-Decay,0,0.2
630,98.20713141025641,mimic,RFA,Baseline-Decay,0,0.2
660,98.20713141025641,mimic,RFA,Baseline-Decay,0,0.2
690,98.24719551282051,mimic,RFA,Baseline-Decay,0,0.2
720,98.30729166666667,mimic,RFA,Baseline-Decay,0,0.2
750,98.28725961538461,mimic,RFA,Baseline-Decay,0,0.2
780,98.23717948717949,mimic,RFA,Baseline-Decay,0,0.2
810,98.32732371794872,mimic,RFA,Baseline-Decay,0,0.2
840,98.41746794871794,mimic,RFA,Baseline-Decay,0,0.2
870,98.34735576923077,mimic,RFA,Baseline-Decay,0,0.2
900,98.3974358974359,mimic,RFA,Baseline-Decay,0,0.2
930,98.42748397435898,mimic,RFA,Baseline-Decay,0,0.2
960,98.40745192307692,mimic,RFA,Baseline-Decay,0,0.2
990,98.5176282051282,mimic,RFA,Baseline-Decay,0,0.2
1020,98.52764423076923,mimic,RFA,Baseline-Decay,0,0.2
1050,98.50761217948718,mimic,RFA,Baseline-Decay,0,0.2
1080,98.57772435897436,mimic,RFA,Baseline-Decay,0,0.2
1110,98.5176282051282,mimic,RFA,Baseline-Decay,0,0.2
1140,98.49759615384616,mimic,RFA,Baseline-Decay,0,0.2
1170,98.5576923076923,mimic,RFA,Baseline-Decay,0,0.2
1200,98.48758012820512,mimic,RFA,Baseline-Decay,0,0.2
1230,98.52764423076923,mimic,RFA,Baseline-Decay,0,0.2
1260,98.4775641025641,mimic,RFA,Baseline-Decay,0,0.2
1290,98.56770833333333,mimic,RFA,Baseline-Decay,0,0.2
1320,98.57772435897436,mimic,RFA,Baseline-Decay,0,0.2
1350,98.53766025641026,mimic,RFA,Baseline-Decay,0,0.2
1380,98.59775641025641,mimic,RFA,Baseline-Decay,0,0.2
1410,98.5576923076923,mimic,RFA,Baseline-Decay,0,0.2
1440,98.58774038461539,mimic,RFA,Baseline-Decay,0,0.2
1470,98.56770833333333,mimic,RFA,Baseline-Decay,0,0.2
1500,98.53766025641026,mimic,RFA,Baseline-Decay,0,0.2
30,79.81770833333333,LF,RFA,Baseline,0,0.01
60,81.46033653846153,LF,RFA,Baseline,0,0.01
90,82.97275641025641,LF,RFA,Baseline,0,0.01
120,84.20472756410257,LF,RFA,Baseline,0,0.01
150,84.99599358974359,LF,RFA,Baseline,0,0.01
180,85.45673076923077,LF,RFA,Baseline,0,0.01
210,85.8573717948718,LF,RFA,Baseline,0,0.01
240,86.43830128205128,LF,RFA,Baseline,0,0.01
270,86.22796474358974,LF,RFA,Baseline,0,0.01
300,86.61858974358974,LF,RFA,Baseline,0,0.01
330,86.97916666666667,LF,RFA,Baseline,0,0.01
360,86.94911858974359,LF,RFA,Baseline,0,0.01
390,87.35977564102564,LF,RFA,Baseline,0,0.01
420,87.59014423076923,LF,RFA,Baseline,0,0.01
450,87.57011217948718,LF,RFA,Baseline,0,0.01
480,87.79046474358974,LF,RFA,Baseline,0,0.01
510,87.83052884615384,LF,RFA,Baseline,0,0.01
540,87.91065705128206,LF,RFA,Baseline,0,0.01
570,87.71033653846153,LF,RFA,Baseline,0,0.01
600,88.03084935897436,LF,RFA,Baseline,0,0.01
630,88.00080128205128,LF,RFA,Baseline,0,0.01
660,87.92067307692308,LF,RFA,Baseline,0,0.01
690,88.2011217948718,LF,RFA,Baseline,0,0.01
720,88.14102564102564,LF,RFA,Baseline,0,0.01
750,88.22115384615384,LF,RFA,Baseline,0,0.01
780,88.38141025641026,LF,RFA,Baseline,0,0.01
810,88.41145833333333,LF,RFA,Baseline,0,0.01
840,88.33133012820512,LF,RFA,Baseline,0,0.01
870,88.39142628205128,LF,RFA,Baseline,0,0.01
900,88.3613782051282,LF,RFA,Baseline,0,0.01
930,88.61177884615384,LF,RFA,Baseline,0,0.01
960,88.64182692307692,LF,RFA,Baseline,0,0.01
990,88.50160256410257,LF,RFA,Baseline,0,0.01
1020,88.6318108974359,LF,RFA,Baseline,0,0.01
1050,88.61177884615384,LF,RFA,Baseline,0,0.01
1080,88.671875,LF,RFA,Baseline,0,0.01
1110,88.57171474358974,LF,RFA,Baseline,0,0.01
1140,88.5917467948718,LF,RFA,Baseline,0,0.01
1170,88.60176282051282,LF,RFA,Baseline,0,0.01
1200,88.7920673076923,LF,RFA,Baseline,0,0.01
1230,88.66185897435898,LF,RFA,Baseline,0,0.01
1260,88.68189102564102,LF,RFA,Baseline,0,0.01
1290,88.68189102564102,LF,RFA,Baseline,0,0.01
1320,88.65184294871794,LF,RFA,Baseline,0,0.01
1350,88.80208333333333,LF,RFA,Baseline,0,0.01
1380,88.70192307692308,LF,RFA,Baseline,0,0.01
1410,88.7920673076923,LF,RFA,Baseline,0,0.01
1440,88.53165064102564,LF,RFA,Baseline,0,0.01
1470,88.81209935897436,LF,RFA,Baseline,0,0.01
1500,88.7119391025641,LF,RFA,Baseline,0,0.01
30,82.47195512820512,LF,KRUM,Baseline-Decay,42,0.2
60,84.15464743589743,LF,KRUM,Baseline-Decay,42,0.2
90,85.69711538461539,LF,KRUM,Baseline-Decay,42,0.2
120,86.06770833333333,LF,KRUM,Baseline-Decay,42,0.2
150,86.38822115384616,LF,KRUM,Baseline-Decay,42,0.2
180,86.88902243589743,LF,KRUM,Baseline-Decay,42,0.2
210,87.12940705128206,LF,KRUM,Baseline-Decay,42,0.2
240,87.43990384615384,LF,KRUM,Baseline-Decay,42,0.2
270,87.48998397435898,LF,KRUM,Baseline-Decay,42,0.2
300,87.64022435897436,LF,KRUM,Baseline-Decay,42,0.2
330,87.78044871794872,LF,KRUM,Baseline-Decay,42,0.2
360,87.95072115384616,LF,KRUM,Baseline-Decay,42,0.2
390,87.92067307692308,LF,KRUM,Baseline-Decay,42,0.2
420,88.03084935897436,LF,KRUM,Baseline-Decay,42,0.2
450,88.17107371794872,LF,KRUM,Baseline-Decay,42,0.2
480,88.02083333333333,LF,KRUM,Baseline-Decay,42,0.2
510,88.18108974358974,LF,KRUM,Baseline-Decay,42,0.2
540,88.12099358974359,LF,KRUM,Baseline-Decay,42,0.2
570,88.2011217948718,LF,KRUM,Baseline-Decay,42,0.2
600,88.30128205128206,LF,KRUM,Baseline-Decay,42,0.2
630,88.35136217948718,LF,KRUM,Baseline-Decay,42,0.2
660,88.39142628205128,LF,KRUM,Baseline-Decay,42,0.2
690,88.43149038461539,LF,KRUM,Baseline-Decay,42,0.2
720,88.37139423076923,LF,KRUM,Baseline-Decay,42,0.2
750,88.41145833333333,LF,KRUM,Baseline-Decay,42,0.2
780,88.44150641025641,LF,KRUM,Baseline-Decay,42,0.2
810,88.53165064102564,LF,KRUM,Baseline-Decay,42,0.2
840,88.54166666666667,LF,KRUM,Baseline-Decay,42,0.2
870,88.47155448717949,LF,KRUM,Baseline-Decay,42,0.2
900,88.50160256410257,LF,KRUM,Baseline-Decay,42,0.2
930,88.5917467948718,LF,KRUM,Baseline-Decay,42,0.2
960,88.57171474358974,LF,KRUM,Baseline-Decay,42,0.2
990,88.61177884615384,LF,KRUM,Baseline-Decay,42,0.2
1020,88.62179487179488,LF,KRUM,Baseline-Decay,42,0.2
1050,88.69190705128206,LF,KRUM,Baseline-Decay,42,0.2
1080,88.76201923076923,LF,KRUM,Baseline-Decay,42,0.2
1110,88.69190705128206,LF,KRUM,Baseline-Decay,42,0.2
1140,88.58173076923077,LF,KRUM,Baseline-Decay,42,0.2
1170,88.62179487179488,LF,KRUM,Baseline-Decay,42,0.2
1200,88.73197115384616,LF,KRUM,Baseline-Decay,42,0.2
1230,88.73197115384616,LF,KRUM,Baseline-Decay,42,0.2
1260,88.74198717948718,LF,KRUM,Baseline-Decay,42,0.2
1290,88.68189102564102,LF,KRUM,Baseline-Decay,42,0.2
1320,88.65184294871794,LF,KRUM,Baseline-Decay,42,0.2
1350,88.69190705128206,LF,KRUM,Baseline-Decay,42,0.2
1380,88.72195512820512,LF,KRUM,Baseline-Decay,42,0.2
1410,88.87219551282051,LF,KRUM,Baseline-Decay,42,0.2
1440,88.72195512820512,LF,KRUM,Baseline-Decay,42,0.2
1470,88.82211538461539,LF,KRUM,Baseline-Decay,42,0.2
1500,88.76201923076923,LF,KRUM,Baseline-Decay,42,0.2
30,84.52524038461539,mimic,RFA,Byz-NSGDM,123,0.2
60,89.43309294871794,mimic,RFA,Byz-NSGDM,123,0.2
90,90.88541666666667,mimic,RFA,Byz-NSGDM,123,0.2
120,91.80689102564102,mimic,RFA,Byz-NSGDM,123,0.2
150,93.16907051282051,mimic,RFA,Byz-NSGDM,123,0.2
180,93.32932692307692,mimic,RFA,Byz-NSGDM,123,0.2
210,94.13060897435898,mimic,RFA,Byz-NSGDM,123,0.2
240,86.4082532051282,mimic,RFA,Byz-NSGDM,123,0.2
270,86.86899038461539,mimic,RFA,Byz-NSGDM,123,0.2
300,86.38822115384616,mimic,RFA,Byz-NSGDM,123,0.2
330,86.6786858974359,mimic,RFA,Byz-NSGDM,123,0.2
360,86.85897435897436,mimic,RFA,Byz-NSGDM,123,0.2
390,86.90905448717949,mimic,RFA,Byz-NSGDM,123,0.2
420,86.85897435897436,mimic,RFA,Byz-NSGDM,123,0.2
450,86.78886217948718,mimic,RFA,Byz-NSGDM,123,0.2
480,86.91907051282051,mimic,RFA,Byz-NSGDM,123,0.2
510,87.03926282051282,mimic,RFA,Byz-NSGDM,123,0.2
540,87.09935897435898,mimic,RFA,Byz-NSGDM,123,0.2
570,87.11939102564102,mimic,RFA,Byz-NSGDM,123,0.2
600,87.1494391025641,mimic,RFA,Byz-NSGDM,123,0.2
630,87.33974358974359,mimic,RFA,Byz-NSGDM,123,0.2
660,87.1494391025641,mimic,RFA,Byz-NSGDM,123,0.2
690,87.24959935897436,mimic,RFA,Byz-NSGDM,123,0.2
720,87.31971153846153,mimic,RFA,Byz-NSGDM,123,0.2
750,87.47996794871794,mimic,RFA,Byz-NSGDM,123,0.2
780,87.48998397435898,mimic,RFA,Byz-NSGDM,123,0.2
810,87.53004807692308,mimic,RFA,Byz-NSGDM,123,0.2
840,87.69030448717949,mimic,RFA,Byz-NSGDM,123,0.2
870,87.6201923076923,mimic,RFA,Byz-NSGDM,123,0.2
900,87.61017628205128,mimic,RFA,Byz-NSGDM,123,0.2
930,87.67027243589743,mimic,RFA,Byz-NSGDM,123,0.2
960,87.6201923076923,mimic,RFA,Byz-NSGDM,123,0.2
990,87.72035256410257,mimic,RFA,Byz-NSGDM,123,0.2
1020,87.66025641025641,mimic,RFA,Byz-NSGDM,123,0.2
1050,87.7704326923077,mimic,RFA,Byz-NSGDM,123,0.2
1080,87.76041666666667,mimic,RFA,Byz-NSGDM,123,0.2
1110,87.7704326923077,mimic,RFA,Byz-NSGDM,123,0.2
1140,87.76041666666667,mimic,RFA,Byz-NSGDM,123,0.2
1170,88.03084935897436,mimic,RFA,Byz-NSGDM,123,0.2
1200,88.00080128205128,mimic,RFA,Byz-NSGDM,123,0.2
1230,87.82051282051282,mimic,RFA,Byz-NSGDM,123,0.2
1260,87.9707532051282,mimic,RFA,Byz-NSGDM,123,0.2
1290,87.890625,mimic,RFA,Byz-NSGDM,123,0.2
1320,88.06089743589743,mimic,RFA,Byz-NSGDM,123,0.2
1350,88.02083333333333,mimic,RFA,Byz-NSGDM,123,0.2
1380,87.90064102564102,mimic,RFA,Byz-NSGDM,123,0.2
1410,88.00080128205128,mimic,RFA,Byz-NSGDM,123,0.2
1440,88.21113782051282,mimic,RFA,Byz-NSGDM,123,0.2
1470,88.1610576923077,mimic,RFA,Byz-NSGDM,123,0.2
1500,88.12099358974359,mimic,RFA,Byz-NSGDM,123,0.2
30,57.98277243589744,BF,RFA,Baseline-Decay,42,0.01
60,69.01041666666667,BF,RFA,Baseline-Decay,42,0.01
90,72.44591346153847,BF,RFA,Baseline-Decay,42,0.01
120,76.65264423076923,BF,RFA,Baseline-Decay,42,0.01
150,78.22516025641026,BF,RFA,Baseline-Decay,42,0.01
180,79.39703525641026,BF,RFA,Baseline-Decay,42,0.01
210,79.75761217948718,BF,RFA,Baseline-Decay,42,0.01
240,80.1582532051282,BF,RFA,Baseline-Decay,42,0.01
270,80.79927884615384,BF,RFA,Baseline-Decay,42,0.01
300,80.92948717948718,BF,RFA,Baseline-Decay,42,0.01
330,80.9395032051282,BF,RFA,Baseline-Decay,42,0.01
360,81.3301282051282,BF,RFA,Baseline-Decay,42,0.01
390,81.70072115384616,BF,RFA,Baseline-Decay,42,0.01
420,81.5204326923077,BF,RFA,Baseline-Decay,42,0.01
450,81.84094551282051,BF,RFA,Baseline-Decay,42,0.01
480,82.17147435897436,BF,RFA,Baseline-Decay,42,0.01
510,82.13141025641026,BF,RFA,Baseline-Decay,42,0.01
540,82.31169871794872,BF,RFA,Baseline-Decay,42,0.01
570,82.23157051282051,BF,RFA,Baseline-Decay,42,0.01
600,82.4619391025641,BF,RFA,Baseline-Decay,42,0.01
630,82.49198717948718,BF,RFA,Baseline-Decay,42,0.01
660,82.64222756410257,BF,RFA,Baseline-Decay,42,0.01
690,82.66225961538461,BF,RFA,Baseline-Decay,42,0.01
720,82.8125,BF,RFA,Baseline-Decay,42,0.01
750,82.72235576923077,BF,RFA,Baseline-Decay,42,0.01
780,82.79246794871794,BF,RFA,Baseline-Decay,42,0.01
810,83.06290064102564,BF,RFA,Baseline-Decay,42,0.01
840,83.01282051282051,BF,RFA,Baseline-Decay,42,0.01
870,83.0829326923077,BF,RFA,Baseline-Decay,42,0.01
900,83.26322115384616,BF,RFA,Baseline-Decay,42,0.01
930,83.33333333333333,BF,RFA,Baseline-Decay,42,0.01
960,83.23317307692308,BF,RFA,Baseline-Decay,42,0.01
990,83.29326923076923,BF,RFA,Baseline-Decay,42,0.01
1020,83.39342948717949,BF,RFA,Baseline-Decay,42,0.01
1050,83.46354166666667,BF,RFA,Baseline-Decay,42,0.01
1080,83.5536858974359,BF,RFA,Baseline-Decay,42,0.01
1110,83.5136217948718,BF,RFA,Baseline-Decay,42,0.01
1140,83.62379807692308,BF,RFA,Baseline-Decay,42,0.01
1170,83.68389423076923,BF,RFA,Baseline-Decay,42,0.01
1200,83.70392628205128,BF,RFA,Baseline-Decay,42,0.01
1230,83.57371794871794,BF,RFA,Baseline-Decay,42,0.01
1260,83.73397435897436,BF,RFA,Baseline-Decay,42,0.01
1290,83.69391025641026,BF,RFA,Baseline-Decay,42,0.01
1320,83.87419871794872,BF,RFA,Baseline-Decay,42,0.01
1350,83.9042467948718,BF,RFA,Baseline-Decay,42,0.01
1380,83.9042467948718,BF,RFA,Baseline-Decay,42,0.01
1410,83.82411858974359,BF,RFA,Baseline-Decay,42,0.01
1440,83.97435897435898,BF,RFA,Baseline-Decay,42,0.01
1470,84.15464743589743,BF,RFA,Baseline-Decay,42,0.01
1500,84.11458333333333,BF,RFA,Baseline-Decay,42,0.01
30,82.97275641025641,BF,CM,Baseline,0,0.01
60,76.55248397435898,BF,CM,Baseline,0,0.01
90,82.62219551282051,BF,CM,Baseline,0,0.01
120,83.43349358974359,BF,CM,Baseline,0,0.01
150,85.33653846153847,BF,CM,Baseline,0,0.01
180,85.13621794871794,BF,CM,Baseline,0,0.01
210,83.57371794871794,BF,CM,Baseline,0,0.01
240,80.3886217948718,BF,CM,Baseline,0,0.01
270,85.43669871794872,BF,CM,Baseline,0,0.01
300,83.04286858974359,BF,CM,Baseline,0,0.01
330,77.66426282051282,BF,CM,Baseline,0,0.01
360,75.91145833333333,BF,CM,Baseline,0,0.01
390,9.815705128205128,BF,CM,Baseline,0,0.01
420,9.815705128205128,BF,CM,Baseline,0,0.01
450,9.815705128205128,BF,CM,Baseline,0,0.01
480,9.815705128205128,BF,CM,Baseline,0,0.01
510,9.815705128205128,BF,CM,Baseline,0,0.01
540,9.815705128205128,BF,CM,Baseline,0,0.01
570,9.815705128205128,BF,CM,Baseline,0,0.01
600,9.815705128205128,BF,CM,Baseline,0,0.01
630,9.815705128205128,BF,CM,Baseline,0,0.01
660,9.815705128205128,BF,CM,Baseline,0,0.01
690,9.815705128205128,BF,CM,Baseline,0,0.01
720,9.815705128205128,BF,CM,Baseline,0,0.01
750,9.815705128205128,BF,CM,Baseline,0,0.01
780,9.815705128205128,BF,CM,Baseline,0,0.01
810,9.815705128205128,BF,CM,Baseline,0,0.01
840,9.815705128205128,BF,CM,Baseline,0,0.01
870,9.815705128205128,BF,CM,Baseline,0,0.01
900,9.815705128205128,BF,CM,Baseline,0,0.01
930,9.815705128205128,BF,CM,Baseline,0,0.01
960,9.815705128205128,BF,CM,Baseline,0,0.01
990,9.815705128205128,BF,CM,Baseline,0,0.01
1020,9.815705128205128,BF,CM,Baseline,0,0.01
1050,9.815705128205128,BF,CM,Baseline,0,0.01
1080,9.815705128205128,BF,CM,Baseline,0,0.01
1110,9.815705128205128,BF,CM,Baseline,0,0.01
1140,9.815705128205128,BF,CM,Baseline,0,0.01
1170,9.815705128205128,BF,CM,Baseline,0,0.01
1200,9.815705128205128,BF,CM,Baseline,0,0.01
1230,9.815705128205128,BF,CM,Baseline,0,0.01
1260,9.815705128205128,BF,CM,Baseline,0,0.01
1290,9.815705128205128,BF,CM,Baseline,0,0.01
1320,9.815705128205128,BF,CM,Baseline,0,0.01
1350,9.815705128205128,BF,CM,Baseline,0,0.01
1380,9.815705128205128,BF,CM,Baseline,0,0.01
1410,9.815705128205128,BF,CM,Baseline,0,0.01
1440,9.815705128205128,BF,CM,Baseline,0,0.01
1470,9.815705128205128,BF,CM,Baseline,0,0.01
1500,9.815705128205128,BF,CM,Baseline,0,0.01
30,41.37620192307692,BF,CM,Baseline,123,0.001
60,61.41826923076923,BF,CM,Baseline,123,0.001
90,79.8076923076923,BF,CM,Baseline,123,0.001
120,83.56370192307692,BF,CM,Baseline,123,0.001
150,85.68709935897436,BF,CM,Baseline,123,0.001
180,87.19951923076923,BF,CM,Baseline,123,0.001
210,88.02083333333333,BF,CM,Baseline,123,0.001
240,80.17828525641026,BF,CM,Baseline,123,0.001
270,80.61899038461539,BF,CM,Baseline,123,0.001
300,81.02964743589743,BF,CM,Baseline,123,0.001
330,81.67067307692308,BF,CM,Baseline,123,0.001
360,81.9110576923077,BF,CM,Baseline,123,0.001
390,81.88100961538461,BF,CM,Baseline,123,0.001
420,82.04126602564102,BF,CM,Baseline,123,0.001
450,82.25160256410257,BF,CM,Baseline,123,0.001
480,82.70232371794872,BF,CM,Baseline,123,0.001
510,83.0829326923077,BF,CM,Baseline,123,0.001
540,83.5536858974359,BF,CM,Baseline,123,0.001
570,83.29326923076923,BF,CM,Baseline,123,0.001
600,83.64383012820512,BF,CM,Baseline,123,0.001
630,83.92427884615384,BF,CM,Baseline,123,0.001
660,84.0244391025641,BF,CM,Baseline,123,0.001
690,84.15464743589743,BF,CM,Baseline,123,0.001
720,84.27483974358974,BF,CM,Baseline,123,0.001
750,84.1045673076923,BF,CM,Baseline,123,0.001
780,84.52524038461539,BF,CM,Baseline,123,0.001
810,84.65544871794872,BF,CM,Baseline,123,0.001
840,84.69551282051282,BF,CM,Baseline,123,0.001
870,84.7255608974359,BF,CM,Baseline,123,0.001
900,84.90584935897436,BF,CM,Baseline,123,0.001
930,84.94591346153847,BF,CM,Baseline,123,0.001
960,85.20633012820512,BF,CM,Baseline,123,0.001
990,85.25641025641026,BF,CM,Baseline,123,0.001
1020,85.41666666666667,BF,CM,Baseline,123,0.001
1050,85.25641025641026,BF,CM,Baseline,123,0.001
1080,85.43669871794872,BF,CM,Baseline,123,0.001
1110,85.30649038461539,BF,CM,Baseline,123,0.001
1140,85.38661858974359,BF,CM,Baseline,123,0.001
1170,85.546875,BF,CM,Baseline,123,0.001
1200,85.68709935897436,BF,CM,Baseline,123,0.001
1230,85.70713141025641,BF,CM,Baseline,123,0.001
1260,85.80729166666667,BF,CM,Baseline,123,0.001
1290,85.65705128205128,BF,CM,Baseline,123,0.001
1320,85.79727564102564,BF,CM,Baseline,123,0.001
1350,86.26802884615384,BF,CM,Baseline,123,0.001
1380,85.4667467948718,BF,CM,Baseline,123,0.001
1410,85.68709935897436,BF,CM,Baseline,123,0.001
1440,85.49679487179488,BF,CM,Baseline,123,0.001
1470,84.46514423076923,BF,CM,Baseline,123,0.001
1500,74.3389423076923,BF,CM,Baseline,123,0.001
30,9.815705128205128,mimic,RFA,Baseline-Decay,123,0.2
60,9.815705128205128,mimic,RFA,Baseline-Decay,123,0.2
90,9.815705128205128,mimic,RFA,Baseline-Decay,123,0.2
120,9.815705128205128,mimic,RFA,Baseline-Decay,123,0.2
150,9.815705128205128,mimic,RFA,Baseline-Decay,123,0.2
180,9.815705128205128,mimic,RFA,Baseline-Decay,123,0.2
210,9.815705128205128,mimic,RFA,Baseline-Decay,123,0.2
240,9.815705128205128,mimic,RFA,Baseline-Decay,123,0.2
270,9.815705128205128,mimic,RFA,Baseline-Decay,123,0.2
300,9.815705128205128,mimic,RFA,Baseline-Decay,123,0.2
330,9.815705128205128,mimic,RFA,Baseline-Decay,123,0.2
360,9.815705128205128,mimic,RFA,Baseline-Decay,123,0.2
390,9.815705128205128,mimic,RFA,Baseline-Decay,123,0.2
420,9.815705128205128,mimic,RFA,Baseline-Decay,123,0.2
450,9.815705128205128,mimic,RFA,Baseline-Decay,123,0.2
480,9.815705128205128,mimic,RFA,Baseline-Decay,123,0.2
510,9.815705128205128,mimic,RFA,Baseline-Decay,123,0.2
540,9.815705128205128,mimic,RFA,Baseline-Decay,123,0.2
570,9.815705128205128,mimic,RFA,Baseline-Decay,123,0.2
600,9.815705128205128,mimic,RFA,Baseline-Decay,123,0.2
630,9.815705128205128,mimic,RFA,Baseline-Decay,123,0.2
660,9.815705128205128,mimic,RFA,Baseline-Decay,123,0.2
690,9.815705128205128,mimic,RFA,Baseline-Decay,123,0.2
720,9.815705128205128,mimic,RFA,Baseline-Decay,123,0.2
750,9.815705128205128,mimic,RFA,Baseline-Decay,123,0.2
780,9.815705128205128,mimic,RFA,Baseline-Decay,123,0.2
810,9.815705128205128,mimic,RFA,Baseline-Decay,123,0.2
840,9.815705128205128,mimic,RFA,Baseline-Decay,123,0.2
870,9.815705128205128,mimic,RFA,Baseline-Decay,123,0.2
900,9.815705128205128,mimic,RFA,Baseline-Decay,123,0.2
930,9.815705128205128,mimic,RFA,Baseline-Decay,123,0.2
960,9.815705128205128,mimic,RFA,Baseline-Decay,123,0.2
990,9.815705128205128,mimic,RFA,Baseline-Decay,123,0.2
1020,9.815705128205128,mimic,RFA,Baseline-Decay,123,0.2
1050,9.815705128205128,mimic,RFA,Baseline-Decay,123,0.2
1080,9.815705128205128,mimic,RFA,Baseline-Decay,123,0.2
1110,9.815705128205128,mimic,RFA,Baseline-Decay,123,0.2
1140,9.815705128205128,mimic,RFA,Baseline-Decay,123,0.2
1170,9.815705128205128,mimic,RFA,Baseline-Decay,123,0.2
1200,9.815705128205128,mimic,RFA,Baseline-Decay,123,0.2
1230,9.815705128205128,mimic,RFA,Baseline-Decay,123,0.2
1260,9.815705128205128,mimic,RFA,Baseline-Decay,123,0.2
1290,9.815705128205128,mimic,RFA,Baseline-Decay,123,0.2
1320,9.815705128205128,mimic,RFA,Baseline-Decay,123,0.2
1350,9.815705128205128,mimic,RFA,Baseline-Decay,123,0.2
1380,9.815705128205128,mimic,RFA,Baseline-Decay,123,0.2
1410,9.815705128205128,mimic,RFA,Baseline-Decay,123,0.2
1440,9.815705128205128,mimic,RFA,Baseline-Decay,123,0.2
1470,9.815705128205128,mimic,RFA,Baseline-Decay,123,0.2
1500,9.815705128205128,mimic,RFA,Baseline-Decay,123,0.2
30,69.35096153846153,mimic,RFA,Baseline,123,0.005
60,80.31850961538461,mimic,RFA,Baseline,123,0.005
90,82.14142628205128,mimic,RFA,Baseline,123,0.005
120,83.18309294871794,mimic,RFA,Baseline,123,0.005
150,84.03445512820512,mimic,RFA,Baseline,123,0.005
180,84.19471153846153,mimic,RFA,Baseline,123,0.005
210,84.94591346153847,mimic,RFA,Baseline,123,0.005
240,85.02604166666667,mimic,RFA,Baseline,123,0.005
270,85.71714743589743,mimic,RFA,Baseline,123,0.005
300,85.51682692307692,mimic,RFA,Baseline,123,0.005
330,86.35817307692308,mimic,RFA,Baseline,123,0.005
360,86.6786858974359,mimic,RFA,Baseline,123,0.005
390,86.45833333333333,mimic,RFA,Baseline,123,0.005
420,86.96915064102564,mimic,RFA,Baseline,123,0.005
450,87.34975961538461,mimic,RFA,Baseline,123,0.005
480,87.32972756410257,mimic,RFA,Baseline,123,0.005
510,87.39983974358974,mimic,RFA,Baseline,123,0.005
540,87.65024038461539,mimic,RFA,Baseline,123,0.005
570,87.6201923076923,mimic,RFA,Baseline,123,0.005
600,88.04086538461539,mimic,RFA,Baseline,123,0.005
630,87.90064102564102,mimic,RFA,Baseline,123,0.005
660,88.74198717948718,mimic,RFA,Baseline,123,0.005
690,87.57011217948718,mimic,RFA,Baseline,123,0.005
720,88.29126602564102,mimic,RFA,Baseline,123,0.005
750,88.39142628205128,mimic,RFA,Baseline,123,0.005
780,88.51161858974359,mimic,RFA,Baseline,123,0.005
810,89.07251602564102,mimic,RFA,Baseline,123,0.005
840,89.39302884615384,mimic,RFA,Baseline,123,0.005
870,89.52323717948718,mimic,RFA,Baseline,123,0.005
900,89.63341346153847,mimic,RFA,Baseline,123,0.005
930,89.13261217948718,mimic,RFA,Baseline,123,0.005
960,89.12259615384616,mimic,RFA,Baseline,123,0.005
990,89.4931891025641,mimic,RFA,Baseline,123,0.005
1020,89.65344551282051,mimic,RFA,Baseline,123,0.005
1050,89.82371794871794,mimic,RFA,Baseline,123,0.005
1080,89.99399038461539,mimic,RFA,Baseline,123,0.005
1110,90.42467948717949,mimic,RFA,Baseline,123,0.005
1140,90.21434294871794,mimic,RFA,Baseline,123,0.005
1170,90.625,mimic,RFA,Baseline,123,0.005
1200,90.03405448717949,mimic,RFA,Baseline,123,0.005
1230,90.09415064102564,mimic,RFA,Baseline,123,0.005
1260,90.29447115384616,mimic,RFA,Baseline,123,0.005
1290,90.57491987179488,mimic,RFA,Baseline,123,0.005
1320,90.28445512820512,mimic,RFA,Baseline,123,0.005
1350,90.34455128205128,mimic,RFA,Baseline,123,0.005
1380,90.08413461538461,mimic,RFA,Baseline,123,0.005
1410,90.42467948717949,mimic,RFA,Baseline,123,0.005
1440,90.02403846153847,mimic,RFA,Baseline,123,0.005
1470,90.80528846153847,mimic,RFA,Baseline,123,0.005
1500,90.5448717948718,mimic,RFA,Baseline,123,0.005
30,71.35416666666667,mimic,RFA,Byz-NSGDM,0,1.0
60,94.58133012820512,mimic,RFA,Byz-NSGDM,0,1.0
90,95.9735576923077,mimic,RFA,Byz-NSGDM,0,1.0
120,97.45592948717949,mimic,RFA,Byz-NSGDM,0,1.0
150,88.62179487179488,mimic,RFA,Byz-NSGDM,0,1.0
180,88.65184294871794,mimic,RFA,Byz-NSGDM,0,1.0
210,88.70192307692308,mimic,RFA,Byz-NSGDM,0,1.0
240,88.68189102564102,mimic,RFA,Byz-NSGDM,0,1.0
270,89.0224358974359,mimic,RFA,Byz-NSGDM,0,1.0
300,89.1826923076923,mimic,RFA,Byz-NSGDM,0,1.0
330,89.51322115384616,mimic,RFA,Byz-NSGDM,0,1.0
360,89.65344551282051,mimic,RFA,Byz-NSGDM,0,1.0
390,90.06410256410257,mimic,RFA,Byz-NSGDM,0,1.0
420,89.65344551282051,mimic,RFA,Byz-NSGDM,0,1.0
450,90.17427884615384,mimic,RFA,Byz-NSGDM,0,1.0
480,90.78525641025641,mimic,RFA,Byz-NSGDM,0,1.0
510,90.7451923076923,mimic,RFA,Byz-NSGDM,0,1.0
540,90.51482371794872,mimic,RFA,Byz-NSGDM,0,1.0
570,90.95552884615384,mimic,RFA,Byz-NSGDM,0,1.0
600,90.53485576923077,mimic,RFA,Byz-NSGDM,0,1.0
630,90.55488782051282,mimic,RFA,Byz-NSGDM,0,1.0
660,92.33774038461539,mimic,RFA,Byz-NSGDM,0,1.0
690,91.4463141025641,mimic,RFA,Byz-NSGDM,0,1.0
720,91.74679487179488,mimic,RFA,Byz-NSGDM,0,1.0
750,91.19591346153847,mimic,RFA,Byz-NSGDM,0,1.0
780,90.64503205128206,mimic,RFA,Byz-NSGDM,0,1.0
810,91.4863782051282,mimic,RFA,Byz-NSGDM,0,1.0
840,91.6766826923077,mimic,RFA,Byz-NSGDM,0,1.0
870,91.35616987179488,mimic,RFA,Byz-NSGDM,0,1.0
900,91.31610576923077,mimic,RFA,Byz-NSGDM,0,1.0
930,91.84695512820512,mimic,RFA,Byz-NSGDM,0,1.0
960,91.65665064102564,mimic,RFA,Byz-NSGDM,0,1.0
990,91.06570512820512,mimic,RFA,Byz-NSGDM,0,1.0
1020,92.13741987179488,mimic,RFA,Byz-NSGDM,0,1.0
1050,92.48798076923077,mimic,RFA,Byz-NSGDM,0,1.0
1080,91.93709935897436,mimic,RFA,Byz-NSGDM,0,1.0
1110,92.83854166666667,mimic,RFA,Byz-NSGDM,0,1.0
1140,92.85857371794872,mimic,RFA,Byz-NSGDM,0,1.0
1170,93.0088141025641,mimic,RFA,Byz-NSGDM,0,1.0
1200,91.89703525641026,mimic,RFA,Byz-NSGDM,0,1.0
1230,93.36939102564102,mimic,RFA,Byz-NSGDM,0,1.0
1260,93.22916666666667,mimic,RFA,Byz-NSGDM,0,1.0
1290,92.90865384615384,mimic,RFA,Byz-NSGDM,0,1.0
1320,93.71995192307692,mimic,RFA,Byz-NSGDM,0,1.0
1350,93.20913461538461,mimic,RFA,Byz-NSGDM,0,1.0
1380,93.34935897435898,mimic,RFA,Byz-NSGDM,0,1.0
1410,93.91025641025641,mimic,RFA,Byz-NSGDM,0,1.0
1440,93.76001602564102,mimic,RFA,Byz-NSGDM,0,1.0
1470,94.37099358974359,mimic,RFA,Byz-NSGDM,0,1.0
1500,94.27083333333333,mimic,RFA,Byz-NSGDM,0,1.0
30,83.40344551282051,mimic,CM,Byz-NSGDM,0,1.0
60,94.82171474358974,mimic,CM,Byz-NSGDM,0,1.0
90,96.16386217948718,mimic,CM,Byz-NSGDM,0,1.0
120,97.3056891025641,mimic,CM,Byz-NSGDM,0,1.0
150,95.02203525641026,mimic,CM,Byz-NSGDM,0,1.0
180,89.56330128205128,mimic,CM,Byz-NSGDM,0,1.0
210,89.0625,mimic,CM,Byz-NSGDM,0,1.0
240,89.03245192307692,mimic,CM,Byz-NSGDM,0,1.0
270,89.22275641025641,mimic,CM,Byz-NSGDM,0,1.0
300,89.38301282051282,mimic,CM,Byz-NSGDM,0,1.0
330,89.24278846153847,mimic,CM,Byz-NSGDM,0,1.0
360,89.32291666666667,mimic,CM,Byz-NSGDM,0,1.0
390,89.4931891025641,mimic,CM,Byz-NSGDM,0,1.0
420,89.32291666666667,mimic,CM,Byz-NSGDM,0,1.0
450,89.43309294871794,mimic,CM,Byz-NSGDM,0,1.0
480,89.40304487179488,mimic,CM,Byz-NSGDM,0,1.0
510,89.23277243589743,mimic,CM,Byz-NSGDM,0,1.0
540,89.22275641025641,mimic,CM,Byz-NSGDM,0,1.0
570,89.42307692307692,mimic,CM,Byz-NSGDM,0,1.0
600,89.0224358974359,mimic,CM,Byz-NSGDM,0,1.0
630,89.16266025641026,mimic,CM,Byz-NSGDM,0,1.0
660,89.28285256410257,mimic,CM,Byz-NSGDM,0,1.0
690,89.27283653846153,mimic,CM,Byz-NSGDM,0,1.0
720,89.23277243589743,mimic,CM,Byz-NSGDM,0,1.0
750,89.1426282051282,mimic,CM,Byz-NSGDM,0,1.0
780,89.30288461538461,mimic,CM,Byz-NSGDM,0,1.0
810,89.15264423076923,mimic,CM,Byz-NSGDM,0,1.0
840,89.1025641025641,mimic,CM,Byz-NSGDM,0,1.0
870,89.17267628205128,mimic,CM,Byz-NSGDM,0,1.0
900,89.19270833333333,mimic,CM,Byz-NSGDM,0,1.0
930,89.1826923076923,mimic,CM,Byz-NSGDM,0,1.0
960,89.27283653846153,mimic,CM,Byz-NSGDM,0,1.0
990,89.26282051282051,mimic,CM,Byz-NSGDM,0,1.0
1020,89.24278846153847,mimic,CM,Byz-NSGDM,0,1.0
1050,89.1426282051282,mimic,CM,Byz-NSGDM,0,1.0
1080,89.20272435897436,mimic,CM,Byz-NSGDM,0,1.0
1110,89.24278846153847,mimic,CM,Byz-NSGDM,0,1.0
1140,89.16266025641026,mimic,CM,Byz-NSGDM,0,1.0
1170,89.20272435897436,mimic,CM,Byz-NSGDM,0,1.0
1200,89.1426282051282,mimic,CM,Byz-NSGDM,0,1.0
1230,89.32291666666667,mimic,CM,Byz-NSGDM,0,1.0
1260,89.17267628205128,mimic,CM,Byz-NSGDM,0,1.0
1290,89.21274038461539,mimic,CM,Byz-NSGDM,0,1.0
1320,89.32291666666667,mimic,CM,Byz-NSGDM,0,1.0
1350,89.3729967948718,mimic,CM,Byz-NSGDM,0,1.0
1380,89.29286858974359,mimic,CM,Byz-NSGDM,0,1.0
1410,89.21274038461539,mimic,CM,Byz-NSGDM,0,1.0
1440,89.28285256410257,mimic,CM,Byz-NSGDM,0,1.0
1470,89.31290064102564,mimic,CM,Byz-NSGDM,0,1.0
1500,89.32291666666667,mimic,CM,Byz-NSGDM,0,1.0
30,9.815705128205128,LF,CM,Baseline-Decay,0,0.5
60,9.815705128205128,LF,CM,Baseline-Decay,0,0.5
90,9.815705128205128,LF,CM,Baseline-Decay,0,0.5
120,9.815705128205128,LF,CM,Baseline-Decay,0,0.5
150,9.815705128205128,LF,CM,Baseline-Decay,0,0.5
180,9.815705128205128,LF,CM,Baseline-Decay,0,0.5
210,9.815705128205128,LF,CM,Baseline-Decay,0,0.5
240,9.815705128205128,LF,CM,Baseline-Decay,0,0.5
270,9.815705128205128,LF,CM,Baseline-Decay,0,0.5
300,9.815705128205128,LF,CM,Baseline-Decay,0,0.5
330,9.815705128205128,LF,CM,Baseline-Decay,0,0.5
360,9.815705128205128,LF,CM,Baseline-Decay,0,0.5
390,9.815705128205128,LF,CM,Baseline-Decay,0,0.5
420,9.815705128205128,LF,CM,Baseline-Decay,0,0.5
450,9.815705128205128,LF,CM,Baseline-Decay,0,0.5
480,9.815705128205128,LF,CM,Baseline-Decay,0,0.5
510,9.815705128205128,LF,CM,Baseline-Decay,0,0.5
540,9.815705128205128,LF,CM,Baseline-Decay,0,0.5
570,9.815705128205128,LF,CM,Baseline-Decay,0,0.5
600,9.815705128205128,LF,CM,Baseline-Decay,0,0.5
630,9.815705128205128,LF,CM,Baseline-Decay,0,0.5
660,9.815705128205128,LF,CM,Baseline-Decay,0,0.5
690,9.815705128205128,LF,CM,Baseline-Decay,0,0.5
720,9.815705128205128,LF,CM,Baseline-Decay,0,0.5
750,9.815705128205128,LF,CM,Baseline-Decay,0,0.5
780,9.815705128205128,LF,CM,Baseline-Decay,0,0.5
810,9.815705128205128,LF,CM,Baseline-Decay,0,0.5
840,9.815705128205128,LF,CM,Baseline-Decay,0,0.5
870,9.815705128205128,LF,CM,Baseline-Decay,0,0.5
900,9.815705128205128,LF,CM,Baseline-Decay,0,0.5
930,9.815705128205128,LF,CM,Baseline-Decay,0,0.5
960,9.815705128205128,LF,CM,Baseline-Decay,0,0.5
990,9.815705128205128,LF,CM,Baseline-Decay,0,0.5
1020,9.815705128205128,LF,CM,Baseline-Decay,0,0.5
1050,9.815705128205128,LF,CM,Baseline-Decay,0,0.5
1080,9.815705128205128,LF,CM,Baseline-Decay,0,0.5
1110,9.815705128205128,LF,CM,Baseline-Decay,0,0.5
1140,9.815705128205128,LF,CM,Baseline-Decay,0,0.5
1170,9.815705128205128,LF,CM,Baseline-Decay,0,0.5
1200,9.815705128205128,LF,CM,Baseline-Decay,0,0.5
1230,9.815705128205128,LF,CM,Baseline-Decay,0,0.5
1260,9.815705128205128,LF,CM,Baseline-Decay,0,0.5
1290,9.815705128205128,LF,CM,Baseline-Decay,0,0.5
1320,9.815705128205128,LF,CM,Baseline-Decay,0,0.5
1350,9.815705128205128,LF,CM,Baseline-Decay,0,0.5
1380,9.815705128205128,LF,CM,Baseline-Decay,0,0.5
1410,9.815705128205128,LF,CM,Baseline-Decay,0,0.5
1440,9.815705128205128,LF,CM,Baseline-Decay,0,0.5
1470,9.815705128205128,LF,CM,Baseline-Decay,0,0.5
1500,9.815705128205128,LF,CM,Baseline-Decay,0,0.5
30,57.41185897435897,mimic,KRUM,Byz-NSGDM,42,0.1
60,72.10536858974359,mimic,KRUM,Byz-NSGDM,42,0.1
90,75.19030448717949,mimic,KRUM,Byz-NSGDM,42,0.1
120,78.40544871794872,mimic,KRUM,Byz-NSGDM,42,0.1
150,80.70913461538461,mimic,KRUM,Byz-NSGDM,42,0.1
180,81.94110576923077,mimic,KRUM,Byz-NSGDM,42,0.1
210,82.08133012820512,mimic,KRUM,Byz-NSGDM,42,0.1
240,83.00280448717949,mimic,KRUM,Byz-NSGDM,42,0.1
270,83.04286858974359,mimic,KRUM,Byz-NSGDM,42,0.1
300,83.33333333333333,mimic,KRUM,Byz-NSGDM,42,0.1
330,83.87419871794872,mimic,KRUM,Byz-NSGDM,42,0.1
360,84.07451923076923,mimic,KRUM,Byz-NSGDM,42,0.1
390,84.12459935897436,mimic,KRUM,Byz-NSGDM,42,0.1
420,84.38501602564102,mimic,KRUM,Byz-NSGDM,42,0.1
450,84.8056891025641,mimic,KRUM,Byz-NSGDM,42,0.1
480,84.65544871794872,mimic,KRUM,Byz-NSGDM,42,0.1
510,85.13621794871794,mimic,KRUM,Byz-NSGDM,42,0.1
540,85.05608974358974,mimic,KRUM,Byz-NSGDM,42,0.1
570,85.15625,mimic,KRUM,Byz-NSGDM,42,0.1
600,85.36658653846153,mimic,KRUM,Byz-NSGDM,42,0.1
630,85.36658653846153,mimic,KRUM,Byz-NSGDM,42,0.1
660,85.33653846153847,mimic,KRUM,Byz-NSGDM,42,0.1
690,85.78725961538461,mimic,KRUM,Byz-NSGDM,42,0.1
720,85.96754807692308,mimic,KRUM,Byz-NSGDM,42,0.1
750,85.64703525641026,mimic,KRUM,Byz-NSGDM,42,0.1
780,85.99759615384616,mimic,KRUM,Byz-NSGDM,42,0.1
810,85.95753205128206,mimic,KRUM,Byz-NSGDM,42,0.1
840,85.96754807692308,mimic,KRUM,Byz-NSGDM,42,0.1
870,85.95753205128206,mimic,KRUM,Byz-NSGDM,42,0.1
900,86.26802884615384,mimic,KRUM,Byz-NSGDM,42,0.1
930,86.13782051282051,mimic,KRUM,Byz-NSGDM,42,0.1
960,86.23798076923077,mimic,KRUM,Byz-NSGDM,42,0.1
990,86.47836538461539,mimic,KRUM,Byz-NSGDM,42,0.1
1020,86.4483173076923,mimic,KRUM,Byz-NSGDM,42,0.1
1050,86.39823717948718,mimic,KRUM,Byz-NSGDM,42,0.1
1080,86.34815705128206,mimic,KRUM,Byz-NSGDM,42,0.1
1110,86.72876602564102,mimic,KRUM,Byz-NSGDM,42,0.1
1140,86.69871794871794,mimic,KRUM,Byz-NSGDM,42,0.1
1170,86.62860576923077,mimic,KRUM,Byz-NSGDM,42,0.1
1200,86.77884615384616,mimic,KRUM,Byz-NSGDM,42,0.1
1230,86.66866987179488,mimic,KRUM,Byz-NSGDM,42,0.1
1260,86.71875,mimic,KRUM,Byz-NSGDM,42,0.1
1290,86.61858974358974,mimic,KRUM,Byz-NSGDM,42,0.1
1320,86.80889423076923,mimic,KRUM,Byz-NSGDM,42,0.1
1350,86.8389423076923,mimic,KRUM,Byz-NSGDM,42,0.1
1380,86.77884615384616,mimic,KRUM,Byz-NSGDM,42,0.1
1410,86.93910256410257,mimic,KRUM,Byz-NSGDM,42,0.1
1440,87.00921474358974,mimic,KRUM,Byz-NSGDM,42,0.1
1470,87.08934294871794,mimic,KRUM,Byz-NSGDM,42,0.1
1500,87.0292467948718,mimic,KRUM,Byz-NSGDM,42,0.1
30,76.14182692307692,mimic,CM,Byz-NSGDM,42,0.2
60,79.43709935897436,mimic,CM,Byz-NSGDM,42,0.2
90,81.43028846153847,mimic,CM,Byz-NSGDM,42,0.2
120,83.39342948717949,mimic,CM,Byz-NSGDM,42,0.2
150,84.21474358974359,mimic,CM,Byz-NSGDM,42,0.2
180,84.98597756410257,mimic,CM,Byz-NSGDM,42,0.2
210,85.34655448717949,mimic,CM,Byz-NSGDM,42,0.2
240,85.95753205128206,mimic,CM,Byz-NSGDM,42,0.2
270,85.78725961538461,mimic,CM,Byz-NSGDM,42,0.2
300,86.14783653846153,mimic,CM,Byz-NSGDM,42,0.2
330,86.2079326923077,mimic,CM,Byz-NSGDM,42,0.2
360,86.3681891025641,mimic,CM,Byz-NSGDM,42,0.2
390,86.15785256410257,mimic,CM,Byz-NSGDM,42,0.2
420,86.61858974358974,mimic,CM,Byz-NSGDM,42,0.2
450,86.86899038461539,mimic,CM,Byz-NSGDM,42,0.2
480,86.5985576923077,mimic,CM,Byz-NSGDM,42,0.2
510,86.87900641025641,mimic,CM,Byz-NSGDM,42,0.2
540,86.65865384615384,mimic,CM,Byz-NSGDM,42,0.2
570,86.8389423076923,mimic,CM,Byz-NSGDM,42,0.2
600,87.09935897435898,mimic,CM,Byz-NSGDM,42,0.2
630,87.0292467948718,mimic,CM,Byz-NSGDM,42,0.2
660,87.109375,mimic,CM,Byz-NSGDM,42,0.2
690,87.29967948717949,mimic,CM,Byz-NSGDM,42,0.2
720,87.30969551282051,mimic,CM,Byz-NSGDM,42,0.2
750,87.16947115384616,mimic,CM,Byz-NSGDM,42,0.2
780,87.28966346153847,mimic,CM,Byz-NSGDM,42,0.2
810,87.36979166666667,mimic,CM,Byz-NSGDM,42,0.2
840,87.27964743589743,mimic,CM,Byz-NSGDM,42,0.2
870,87.5,mimic,CM,Byz-NSGDM,42,0.2
900,87.65024038461539,mimic,CM,Byz-NSGDM,42,0.2
930,87.56009615384616,mimic,CM,Byz-NSGDM,42,0.2
960,87.68028846153847,mimic,CM,Byz-NSGDM,42,0.2
990,87.67027243589743,mimic,CM,Byz-NSGDM,42,0.2
1020,87.75040064102564,mimic,CM,Byz-NSGDM,42,0.2
1050,87.56009615384616,mimic,CM,Byz-NSGDM,42,0.2
1080,87.55008012820512,mimic,CM,Byz-NSGDM,42,0.2
1110,87.71033653846153,mimic,CM,Byz-NSGDM,42,0.2
1140,87.80048076923077,mimic,CM,Byz-NSGDM,42,0.2
1170,87.91065705128206,mimic,CM,Byz-NSGDM,42,0.2
1200,87.74038461538461,mimic,CM,Byz-NSGDM,42,0.2
1230,87.71033653846153,mimic,CM,Byz-NSGDM,42,0.2
1260,87.87059294871794,mimic,CM,Byz-NSGDM,42,0.2
1290,87.6201923076923,mimic,CM,Byz-NSGDM,42,0.2
1320,87.78044871794872,mimic,CM,Byz-NSGDM,42,0.2
1350,87.8505608974359,mimic,CM,Byz-NSGDM,42,0.2
1380,87.75040064102564,mimic,CM,Byz-NSGDM,42,0.2
1410,88.00080128205128,mimic,CM,Byz-NSGDM,42,0.2
1440,87.8505608974359,mimic,CM,Byz-NSGDM,42,0.2
1470,88.03084935897436,mimic,CM,Byz-NSGDM,42,0.2
1500,87.9306891025641,mimic,CM,Byz-NSGDM,42,0.2
30,71.08373397435898,mimic,KRUM,Byz-NSGDM,42,0.2
60,80.64903846153847,mimic,KRUM,Byz-NSGDM,42,0.2
90,82.06129807692308,mimic,KRUM,Byz-NSGDM,42,0.2
120,83.46354166666667,mimic,KRUM,Byz-NSGDM,42,0.2
150,84.1045673076923,mimic,KRUM,Byz-NSGDM,42,0.2
180,84.7255608974359,mimic,KRUM,Byz-NSGDM,42,0.2
210,85.17628205128206,mimic,KRUM,Byz-NSGDM,42,0.2
240,85.70713141025641,mimic,KRUM,Byz-NSGDM,42,0.2
270,85.60697115384616,mimic,KRUM,Byz-NSGDM,42,0.2
300,85.80729166666667,mimic,KRUM,Byz-NSGDM,42,0.2
330,86.2479967948718,mimic,KRUM,Byz-NSGDM,42,0.2
360,86.17788461538461,mimic,KRUM,Byz-NSGDM,42,0.2
390,85.86738782051282,mimic,KRUM,Byz-NSGDM,42,0.2
420,86.47836538461539,mimic,KRUM,Byz-NSGDM,42,0.2
450,86.70873397435898,mimic,KRUM,Byz-NSGDM,42,0.2
480,86.53846153846153,mimic,KRUM,Byz-NSGDM,42,0.2
510,86.80889423076923,mimic,KRUM,Byz-NSGDM,42,0.2
540,86.3681891025641,mimic,KRUM,Byz-NSGDM,42,0.2
570,86.73878205128206,mimic,KRUM,Byz-NSGDM,42,0.2
600,86.90905448717949,mimic,KRUM,Byz-NSGDM,42,0.2
630,86.93910256410257,mimic,KRUM,Byz-NSGDM,42,0.2
660,87.08934294871794,mimic,KRUM,Byz-NSGDM,42,0.2
690,87.20953525641026,mimic,KRUM,Byz-NSGDM,42,0.2
720,87.1494391025641,mimic,KRUM,Byz-NSGDM,42,0.2
750,87.12940705128206,mimic,KRUM,Byz-NSGDM,42,0.2
780,87.21955128205128,mimic,KRUM,Byz-NSGDM,42,0.2
810,87.38982371794872,mimic,KRUM,Byz-NSGDM,42,0.2
840,87.23958333333333,mimic,KRUM,Byz-NSGDM,42,0.2
870,87.39983974358974,mimic,KRUM,Byz-NSGDM,42,0.2
900,87.55008012820512,mimic,KRUM,Byz-NSGDM,42,0.2
930,87.5400641025641,mimic,KRUM,Byz-NSGDM,42,0.2
960,87.59014423076923,mimic,KRUM,Byz-NSGDM,42,0.2
990,87.6201923076923,mimic,KRUM,Byz-NSGDM,42,0.2
1020,87.64022435897436,mimic,KRUM,Byz-NSGDM,42,0.2
1050,87.48998397435898,mimic,KRUM,Byz-NSGDM,42,0.2
1080,87.55008012820512,mimic,KRUM,Byz-NSGDM,42,0.2
1110,87.60016025641026,mimic,KRUM,Byz-NSGDM,42,0.2
1140,87.69030448717949,mimic,KRUM,Byz-NSGDM,42,0.2
1170,87.83052884615384,mimic,KRUM,Byz-NSGDM,42,0.2
1200,87.6201923076923,mimic,KRUM,Byz-NSGDM,42,0.2
1230,87.66025641025641,mimic,KRUM,Byz-NSGDM,42,0.2
1260,87.78044871794872,mimic,KRUM,Byz-NSGDM,42,0.2
1290,87.67027243589743,mimic,KRUM,Byz-NSGDM,42,0.2
1320,87.69030448717949,mimic,KRUM,Byz-NSGDM,42,0.2
1350,87.80048076923077,mimic,KRUM,Byz-NSGDM,42,0.2
1380,87.83052884615384,mimic,KRUM,Byz-NSGDM,42,0.2
1410,87.7704326923077,mimic,KRUM,Byz-NSGDM,42,0.2
1440,87.8104967948718,mimic,KRUM,Byz-NSGDM,42,0.2
1470,87.92067307692308,mimic,KRUM,Byz-NSGDM,42,0.2
1500,87.9306891025641,mimic,KRUM,Byz-NSGDM,42,0.2
30,75.42067307692308,BF,CM,Baseline-Decay,123,0.1
60,82.52203525641026,BF,CM,Baseline-Decay,123,0.1
90,83.87419871794872,BF,CM,Baseline-Decay,123,0.1
120,84.58533653846153,BF,CM,Baseline-Decay,123,0.1
150,85.4667467948718,BF,CM,Baseline-Decay,123,0.1
180,85.59695512820512,BF,CM,Baseline-Decay,123,0.1
210,85.49679487179488,BF,CM,Baseline-Decay,123,0.1
240,84.66546474358974,BF,CM,Baseline-Decay,123,0.1
270,81.81089743589743,BF,CM,Baseline-Decay,123,0.1
300,83.22315705128206,BF,CM,Baseline-Decay,123,0.1
330,85.86738782051282,BF,CM,Baseline-Decay,123,0.1
360,74.40905448717949,BF,CM,Baseline-Decay,123,0.1
390,78.31530448717949,BF,CM,Baseline-Decay,123,0.1
420,83.85416666666667,BF,CM,Baseline-Decay,123,0.1
450,82.64222756410257,BF,CM,Baseline-Decay,123,0.1
480,83.52363782051282,BF,CM,Baseline-Decay,123,0.1
510,79.47716346153847,BF,CM,Baseline-Decay,123,0.1
540,77.7744391025641,BF,CM,Baseline-Decay,123,0.1
570,83.66386217948718,BF,CM,Baseline-Decay,123,0.1
600,50.78125,BF,CM,Baseline-Decay,123,0.1
630,9.755608974358974,BF,CM,Baseline-Decay,123,0.1
660,9.755608974358974,BF,CM,Baseline-Decay,123,0.1
690,11.368189102564102,BF,CM,Baseline-Decay,123,0.1
720,11.368189102564102,BF,CM,Baseline-Decay,123,0.1
750,11.368189102564102,BF,CM,Baseline-Decay,123,0.1
780,11.368189102564102,BF,CM,Baseline-Decay,123,0.1
810,11.368189102564102,BF,CM,Baseline-Decay,123,0.1
840,11.368189102564102,BF,CM,Baseline-Decay,123,0.1
870,11.368189102564102,BF,CM,Baseline-Decay,123,0.1
900,11.368189102564102,BF,CM,Baseline-Decay,123,0.1
930,11.368189102564102,BF,CM,Baseline-Decay,123,0.1
960,11.368189102564102,BF,CM,Baseline-Decay,123,0.1
990,11.368189102564102,BF,CM,Baseline-Decay,123,0.1
1020,11.368189102564102,BF,CM,Baseline-Decay,123,0.1
1050,11.368189102564102,BF,CM,Baseline-Decay,123,0.1
1080,11.368189102564102,BF,CM,Baseline-Decay,123,0.1
1110,11.368189102564102,BF,CM,Baseline-Decay,123,0.1
1140,11.368189102564102,BF,CM,Baseline-Decay,123,0.1
1170,11.368189102564102,BF,CM,Baseline-Decay,123,0.1
1200,11.368189102564102,BF,CM,Baseline-Decay,123,0.1
1230,11.368189102564102,BF,CM,Baseline-Decay,123,0.1
1260,11.368189102564102,BF,CM,Baseline-Decay,123,0.1
1290,9.595352564102564,BF,CM,Baseline-Decay,123,0.1
1320,9.595352564102564,BF,CM,Baseline-Decay,123,0.1
1350,9.595352564102564,BF,CM,Baseline-Decay,123,0.1
1380,9.595352564102564,BF,CM,Baseline-Decay,123,0.1
1410,9.595352564102564,BF,CM,Baseline-Decay,123,0.1
1440,9.595352564102564,BF,CM,Baseline-Decay,123,0.1
1470,9.595352564102564,BF,CM,Baseline-Decay,123,0.1
1500,9.595352564102564,BF,CM,Baseline-Decay,123,0.1
30,83.54366987179488,LF,KRUM,Baseline,0,0.01
60,75.53084935897436,LF,KRUM,Baseline,0,0.01
90,82.76241987179488,LF,KRUM,Baseline,0,0.01
120,83.95432692307692,LF,KRUM,Baseline,0,0.01
150,84.97596153846153,LF,KRUM,Baseline,0,0.01
180,85.64703525641026,LF,KRUM,Baseline,0,0.01
210,85.77724358974359,LF,KRUM,Baseline,0,0.01
240,86.19791666666667,LF,KRUM,Baseline,0,0.01
270,86.26802884615384,LF,KRUM,Baseline,0,0.01
300,86.45833333333333,LF,KRUM,Baseline,0,0.01
330,86.99919871794872,LF,KRUM,Baseline,0,0.01
360,87.00921474358974,LF,KRUM,Baseline,0,0.01
390,87.15945512820512,LF,KRUM,Baseline,0,0.01
420,87.51001602564102,LF,KRUM,Baseline,0,0.01
450,87.3798076923077,LF,KRUM,Baseline,0,0.01
480,87.71033653846153,LF,KRUM,Baseline,0,0.01
510,87.76041666666667,LF,KRUM,Baseline,0,0.01
540,87.73036858974359,LF,KRUM,Baseline,0,0.01
570,87.78044871794872,LF,KRUM,Baseline,0,0.01
600,87.88060897435898,LF,KRUM,Baseline,0,0.01
630,88.07091346153847,LF,KRUM,Baseline,0,0.01
660,87.84054487179488,LF,KRUM,Baseline,0,0.01
690,88.14102564102564,LF,KRUM,Baseline,0,0.01
720,88.21113782051282,LF,KRUM,Baseline,0,0.01
750,88.18108974358974,LF,KRUM,Baseline,0,0.01
780,88.38141025641026,LF,KRUM,Baseline,0,0.01
810,88.4014423076923,LF,KRUM,Baseline,0,0.01
840,88.3613782051282,LF,KRUM,Baseline,0,0.01
870,88.44150641025641,LF,KRUM,Baseline,0,0.01
900,88.29126602564102,LF,KRUM,Baseline,0,0.01
930,88.64182692307692,LF,KRUM,Baseline,0,0.01
960,88.58173076923077,LF,KRUM,Baseline,0,0.01
990,88.48157051282051,LF,KRUM,Baseline,0,0.01
1020,88.6318108974359,LF,KRUM,Baseline,0,0.01
1050,88.53165064102564,LF,KRUM,Baseline,0,0.01
1080,88.62179487179488,LF,KRUM,Baseline,0,0.01
1110,88.58173076923077,LF,KRUM,Baseline,0,0.01
1140,88.65184294871794,LF,KRUM,Baseline,0,0.01
1170,88.6318108974359,LF,KRUM,Baseline,0,0.01
1200,88.74198717948718,LF,KRUM,Baseline,0,0.01
1230,88.69190705128206,LF,KRUM,Baseline,0,0.01
1260,88.64182692307692,LF,KRUM,Baseline,0,0.01
1290,88.65184294871794,LF,KRUM,Baseline,0,0.01
1320,88.66185897435898,LF,KRUM,Baseline,0,0.01
1350,88.7920673076923,LF,KRUM,Baseline,0,0.01
1380,88.68189102564102,LF,KRUM,Baseline,0,0.01
1410,88.7520032051282,LF,KRUM,Baseline,0,0.01
1440,88.61177884615384,LF,KRUM,Baseline,0,0.01
1470,88.78205128205128,LF,KRUM,Baseline,0,0.01
1500,88.7119391025641,LF,KRUM,Baseline,0,0.01
30,79.9979967948718,mimic,KRUM,Byz-NSGDM,123,0.2
60,82.82251602564102,mimic,KRUM,Byz-NSGDM,123,0.2
90,84.03445512820512,mimic,KRUM,Byz-NSGDM,123,0.2
120,84.35496794871794,mimic,KRUM,Byz-NSGDM,123,0.2
150,84.99599358974359,mimic,KRUM,Byz-NSGDM,123,0.2
180,85.53685897435898,mimic,KRUM,Byz-NSGDM,123,0.2
210,85.76722756410257,mimic,KRUM,Byz-NSGDM,123,0.2
240,85.77724358974359,mimic,KRUM,Byz-NSGDM,123,0.2
270,86.03766025641026,mimic,KRUM,Byz-NSGDM,123,0.2
300,86.18790064102564,mimic,KRUM,Byz-NSGDM,123,0.2
330,86.34815705128206,mimic,KRUM,Byz-NSGDM,123,0.2
360,86.43830128205128,mimic,KRUM,Byz-NSGDM,123,0.2
390,86.60857371794872,mimic,KRUM,Byz-NSGDM,123,0.2
420,86.73878205128206,mimic,KRUM,Byz-NSGDM,123,0.2
450,86.73878205128206,mimic,KRUM,Byz-NSGDM,123,0.2
480,86.6786858974359,mimic,KRUM,Byz-NSGDM,123,0.2
510,86.78886217948718,mimic,KRUM,Byz-NSGDM,123,0.2
540,86.99919871794872,mimic,KRUM,Byz-NSGDM,123,0.2
570,86.81891025641026,mimic,KRUM,Byz-NSGDM,123,0.2
600,87.00921474358974,mimic,KRUM,Byz-NSGDM,123,0.2
630,86.9891826923077,mimic,KRUM,Byz-NSGDM,123,0.2
660,87.09935897435898,mimic,KRUM,Byz-NSGDM,123,0.2
690,86.97916666666667,mimic,KRUM,Byz-NSGDM,123,0.2
720,86.97916666666667,mimic,KRUM,Byz-NSGDM,123,0.2
750,87.19951923076923,mimic,KRUM,Byz-NSGDM,123,0.2
780,87.34975961538461,mimic,KRUM,Byz-NSGDM,123,0.2
810,87.08934294871794,mimic,KRUM,Byz-NSGDM,123,0.2
840,87.28966346153847,mimic,KRUM,Byz-NSGDM,123,0.2
870,87.38982371794872,mimic,KRUM,Byz-NSGDM,123,0.2
900,87.33974358974359,mimic,KRUM,Byz-NSGDM,123,0.2
930,87.27964743589743,mimic,KRUM,Byz-NSGDM,123,0.2
960,87.33974358974359,mimic,KRUM,Byz-NSGDM,123,0.2
990,87.47996794871794,mimic,KRUM,Byz-NSGDM,123,0.2
1020,87.38982371794872,mimic,KRUM,Byz-NSGDM,123,0.2
1050,87.48998397435898,mimic,KRUM,Byz-NSGDM,123,0.2
1080,87.44991987179488,mimic,KRUM,Byz-NSGDM,123,0.2
1110,87.57011217948718,mimic,KRUM,Byz-NSGDM,123,0.2
1140,87.48998397435898,mimic,KRUM,Byz-NSGDM,123,0.2
1170,87.63020833333333,mimic,KRUM,Byz-NSGDM,123,0.2
1200,87.52003205128206,mimic,KRUM,Byz-NSGDM,123,0.2
1230,87.66025641025641,mimic,KRUM,Byz-NSGDM,123,0.2
1260,87.72035256410257,mimic,KRUM,Byz-NSGDM,123,0.2
1290,87.59014423076923,mimic,KRUM,Byz-NSGDM,123,0.2
1320,87.71033653846153,mimic,KRUM,Byz-NSGDM,123,0.2
1350,87.68028846153847,mimic,KRUM,Byz-NSGDM,123,0.2
1380,87.5400641025641,mimic,KRUM,Byz-NSGDM,123,0.2
1410,87.65024038461539,mimic,KRUM,Byz-NSGDM,123,0.2
1440,87.83052884615384,mimic,KRUM,Byz-NSGDM,123,0.2
1470,87.84054487179488,mimic,KRUM,Byz-NSGDM,123,0.2
1500,87.80048076923077,mimic,KRUM,Byz-NSGDM,123,0.2
30,72.65625,BF,CM,Byz-NSGDM,0,0.1
60,74.49919871794872,BF,CM,Byz-NSGDM,0,0.1
90,84.92588141025641,BF,CM,Byz-NSGDM,0,0.1
120,77.89463141025641,BF,CM,Byz-NSGDM,0,0.1
150,80.68910256410257,BF,CM,Byz-NSGDM,0,0.1
180,81.38020833333333,BF,CM,Byz-NSGDM,0,0.1
210,81.63060897435898,BF,CM,Byz-NSGDM,0,0.1
240,82.70232371794872,BF,CM,Byz-NSGDM,0,0.1
270,82.55208333333333,BF,CM,Byz-NSGDM,0,0.1
300,82.90264423076923,BF,CM,Byz-NSGDM,0,0.1
330,83.4735576923077,BF,CM,Byz-NSGDM,0,0.1
360,83.80408653846153,BF,CM,Byz-NSGDM,0,0.1
390,83.72395833333333,BF,CM,Byz-NSGDM,0,0.1
420,84.55528846153847,BF,CM,Byz-NSGDM,0,0.1
450,84.51522435897436,BF,CM,Byz-NSGDM,0,0.1
480,84.4150641025641,BF,CM,Byz-NSGDM,0,0.1
510,84.78565705128206,BF,CM,Byz-NSGDM,0,0.1
540,85.02604166666667,BF,CM,Byz-NSGDM,0,0.1
570,84.56530448717949,BF,CM,Byz-NSGDM,0,0.1
600,84.96594551282051,BF,CM,Byz-NSGDM,0,0.1
630,84.96594551282051,BF,CM,Byz-NSGDM,0,0.1
660,84.73557692307692,BF,CM,Byz-NSGDM,0,0.1
690,85.0761217948718,BF,CM,Byz-NSGDM,0,0.1
720,85.43669871794872,BF,CM,Byz-NSGDM,0,0.1
750,85.10616987179488,BF,CM,Byz-NSGDM,0,0.1
780,85.2363782051282,BF,CM,Byz-NSGDM,0,0.1
810,85.44671474358974,BF,CM,Byz-NSGDM,0,0.1
840,85.20633012820512,BF,CM,Byz-NSGDM,0,0.1
870,85.48677884615384,BF,CM,Byz-NSGDM,0,0.1
900,85.2764423076923,BF,CM,Byz-NSGDM,0,0.1
930,85.88741987179488,BF,CM,Byz-NSGDM,0,0.1
960,85.90745192307692,BF,CM,Byz-NSGDM,0,0.1
990,85.52684294871794,BF,CM,Byz-NSGDM,0,0.1
1020,85.65705128205128,BF,CM,Byz-NSGDM,0,0.1
1050,85.18629807692308,BF,CM,Byz-NSGDM,0,0.1
1080,85.69711538461539,BF,CM,Byz-NSGDM,0,0.1
1110,85.22636217948718,BF,CM,Byz-NSGDM,0,0.1
1140,85.21634615384616,BF,CM,Byz-NSGDM,0,0.1
1170,84.8457532051282,BF,CM,Byz-NSGDM,0,0.1
1200,85.78725961538461,BF,CM,Byz-NSGDM,0,0.1
1230,85.51682692307692,BF,CM,Byz-NSGDM,0,0.1
1260,85.63701923076923,BF,CM,Byz-NSGDM,0,0.1
1290,85.59695512820512,BF,CM,Byz-NSGDM,0,0.1
1320,85.84735576923077,BF,CM,Byz-NSGDM,0,0.1
1350,85.21634615384616,BF,CM,Byz-NSGDM,0,0.1
1380,84.93589743589743,BF,CM,Byz-NSGDM,0,0.1
1410,85.87740384615384,BF,CM,Byz-NSGDM,0,0.1
1440,85.49679487179488,BF,CM,Byz-NSGDM,0,0.1
1470,85.09615384615384,BF,CM,Byz-NSGDM,0,0.1
1500,85.94751602564102,BF,CM,Byz-NSGDM,0,0.1
30,72.43589743589743,mimic,CM,Baseline,123,0.005
60,80.30849358974359,mimic,CM,Baseline,123,0.005
90,82.1514423076923,mimic,CM,Baseline,123,0.005
120,83.17307692307692,mimic,CM,Baseline,123,0.005
150,84.24479166666667,mimic,CM,Baseline,123,0.005
180,84.14463141025641,mimic,CM,Baseline,123,0.005
210,84.93589743589743,mimic,CM,Baseline,123,0.005
240,85.21634615384616,mimic,CM,Baseline,123,0.005
270,85.73717948717949,mimic,CM,Baseline,123,0.005
300,85.4667467948718,mimic,CM,Baseline,123,0.005
330,86.3681891025641,mimic,CM,Baseline,123,0.005
360,86.49839743589743,mimic,CM,Baseline,123,0.005
390,86.35817307692308,mimic,CM,Baseline,123,0.005
420,86.88902243589743,mimic,CM,Baseline,123,0.005
450,87.1494391025641,mimic,CM,Baseline,123,0.005
480,87.15945512820512,mimic,CM,Baseline,123,0.005
510,87.19951923076923,mimic,CM,Baseline,123,0.005
540,87.47996794871794,mimic,CM,Baseline,123,0.005
570,87.42988782051282,mimic,CM,Baseline,123,0.005
600,88.00080128205128,mimic,CM,Baseline,123,0.005
630,87.8505608974359,mimic,CM,Baseline,123,0.005
660,88.52163461538461,mimic,CM,Baseline,123,0.005
690,87.48998397435898,mimic,CM,Baseline,123,0.005
720,88.12099358974359,mimic,CM,Baseline,123,0.005
750,88.38141025641026,mimic,CM,Baseline,123,0.005
780,88.37139423076923,mimic,CM,Baseline,123,0.005
810,88.76201923076923,mimic,CM,Baseline,123,0.005
840,89.08253205128206,mimic,CM,Baseline,123,0.005
870,89.48317307692308,mimic,CM,Baseline,123,0.005
900,89.5332532051282,mimic,CM,Baseline,123,0.005
930,88.90224358974359,mimic,CM,Baseline,123,0.005
960,88.84214743589743,mimic,CM,Baseline,123,0.005
990,89.31290064102564,mimic,CM,Baseline,123,0.005
1020,89.30288461538461,mimic,CM,Baseline,123,0.005
1050,89.3329326923077,mimic,CM,Baseline,123,0.005
1080,89.94391025641026,mimic,CM,Baseline,123,0.005
1110,90.17427884615384,mimic,CM,Baseline,123,0.005
1140,89.93389423076923,mimic,CM,Baseline,123,0.005
1170,90.28445512820512,mimic,CM,Baseline,123,0.005
1200,90.04407051282051,mimic,CM,Baseline,123,0.005
1230,90.08413461538461,mimic,CM,Baseline,123,0.005
1260,90.41466346153847,mimic,CM,Baseline,123,0.005
1290,90.5448717948718,mimic,CM,Baseline,123,0.005
1320,90.12419871794872,mimic,CM,Baseline,123,0.005
1350,90.34455128205128,mimic,CM,Baseline,123,0.005
1380,89.84375,mimic,CM,Baseline,123,0.005
1410,90.3545673076923,mimic,CM,Baseline,123,0.005
1440,89.95392628205128,mimic,CM,Baseline,123,0.005
1470,90.81530448717949,mimic,CM,Baseline,123,0.005
1500,90.59495192307692,mimic,CM,Baseline,123,0.005
30,9.445112179487179,BF,CM,Byz-NSGDM,0,0.001
60,10.516826923076923,BF,CM,Byz-NSGDM,0,0.001
90,11.608573717948717,BF,CM,Byz-NSGDM,0,0.001
120,12.33974358974359,BF,CM,Byz-NSGDM,0,0.001
150,13.161057692307692,BF,CM,Byz-NSGDM,0,0.001
180,13.671875,BF,CM,Byz-NSGDM,0,0.001
210,14.22275641025641,BF,CM,Byz-NSGDM,0,0.001
240,14.70352564102564,BF,CM,Byz-NSGDM,0,0.001
270,15.134214743589743,BF,CM,Byz-NSGDM,0,0.001
300,15.444711538461538,BF,CM,Byz-NSGDM,0,0.001
330,15.705128205128204,BF,CM,Byz-NSGDM,0,0.001
360,16.065705128205128,BF,CM,Byz-NSGDM,0,0.001
390,16.456330128205128,BF,CM,Byz-NSGDM,0,0.001
420,16.81690705128205,BF,CM,Byz-NSGDM,0,0.001
450,17.02724358974359,BF,CM,Byz-NSGDM,0,0.001
480,17.307692307692307,BF,CM,Byz-NSGDM,0,0.001
510,17.678285256410255,BF,CM,Byz-NSGDM,0,0.001
540,17.98878205128205,BF,CM,Byz-NSGDM,0,0.001
570,18.419471153846153,BF,CM,Byz-NSGDM,0,0.001
600,18.82011217948718,BF,CM,Byz-NSGDM,0,0.001
630,19.44110576923077,BF,CM,Byz-NSGDM,0,0.001
660,19.90184294871795,BF,CM,Byz-NSGDM,0,0.001
690,20.40264423076923,BF,CM,Byz-NSGDM,0,0.001
720,20.803285256410255,BF,CM,Byz-NSGDM,0,0.001
750,21.344150641025642,BF,CM,Byz-NSGDM,0,0.001
780,21.774839743589745,BF,CM,Byz-NSGDM,0,0.001
810,22.225560897435898,BF,CM,Byz-NSGDM,0,0.001
840,22.626201923076923,BF,CM,Byz-NSGDM,0,0.001
870,23.147035256410255,BF,CM,Byz-NSGDM,0,0.001
900,23.467548076923077,BF,CM,Byz-NSGDM,0,0.001
930,23.727964743589745,BF,CM,Byz-NSGDM,0,0.001
960,24.068509615384617,BF,CM,Byz-NSGDM,0,0.001
990,24.248798076923077,BF,CM,Byz-NSGDM,0,0.001
1020,24.62940705128205,BF,CM,Byz-NSGDM,0,0.001
1050,24.959935897435898,BF,CM,Byz-NSGDM,0,0.001
1080,25.250400641025642,BF,CM,Byz-NSGDM,0,0.001
1110,25.530849358974358,BF,CM,Byz-NSGDM,0,0.001
1140,25.78125,BF,CM,Byz-NSGDM,0,0.001
1170,26.041666666666668,BF,CM,Byz-NSGDM,0,0.001
1200,26.252003205128204,BF,CM,Byz-NSGDM,0,0.001
1230,26.462339743589745,BF,CM,Byz-NSGDM,0,0.001
1260,26.622596153846153,BF,CM,Byz-NSGDM,0,0.001
1290,26.84294871794872,BF,CM,Byz-NSGDM,0,0.001
1320,27.003205128205128,BF,CM,Byz-NSGDM,0,0.001
1350,27.153445512820515,BF,CM,Byz-NSGDM,0,0.001
1380,27.333733974358974,BF,CM,Byz-NSGDM,0,0.001
1410,27.564102564102566,BF,CM,Byz-NSGDM,0,0.001
1440,27.774439102564102,BF,CM,Byz-NSGDM,0,0.001
1470,27.954727564102566,BF,CM,Byz-NSGDM,0,0.001
1500,28.114983974358974,BF,CM,Byz-NSGDM,0,0.001
30,9.354967948717949,BF,KRUM,Byz-NSGDM,0,0.001
60,10.546875,BF,KRUM,Byz-NSGDM,0,0.001
90,11.438301282051283,BF,KRUM,Byz-NSGDM,0,0.001
120,12.029246794871796,BF,KRUM,Byz-NSGDM,0,0.001
150,12.389823717948717,BF,KRUM,Byz-NSGDM,0,0.001
180,12.920673076923077,BF,KRUM,Byz-NSGDM,0,0.001
210,13.231169871794872,BF,KRUM,Byz-NSGDM,0,0.001
240,13.521634615384615,BF,KRUM,Byz-NSGDM,0,0.001
270,13.912259615384615,BF,KRUM,Byz-NSGDM,0,0.001
300,14.022435897435898,BF,KRUM,Byz-NSGDM,0,0.001
330,14.372996794871796,BF,KRUM,Byz-NSGDM,0,0.001
360,14.643429487179487,BF,KRUM,Byz-NSGDM,0,0.001
390,14.853766025641026,BF,KRUM,Byz-NSGDM,0,0.001
420,15.104166666666666,BF,KRUM,Byz-NSGDM,0,0.001
450,15.264423076923077,BF,KRUM,Byz-NSGDM,0,0.001
480,15.474759615384615,BF,KRUM,Byz-NSGDM,0,0.001
510,15.775240384615385,BF,KRUM,Byz-NSGDM,0,0.001
540,16.045673076923077,BF,KRUM,Byz-NSGDM,0,0.001
570,16.215945512820515,BF,KRUM,Byz-NSGDM,0,0.001
600,16.576522435897434,BF,KRUM,Byz-NSGDM,0,0.001
630,16.90705128205128,BF,KRUM,Byz-NSGDM,0,0.001
660,17.197516025641026,BF,KRUM,Byz-NSGDM,0,0.001
690,17.497996794871796,BF,KRUM,Byz-NSGDM,0,0.001
720,17.87860576923077,BF,KRUM,Byz-NSGDM,0,0.001
750,18.259214743589745,BF,KRUM,Byz-NSGDM,0,0.001
780,18.669871794871796,BF,KRUM,Byz-NSGDM,0,0.001
810,19.020432692307693,BF,KRUM,Byz-NSGDM,0,0.001
840,19.360977564102566,BF,KRUM,Byz-NSGDM,0,0.001
870,19.631410256410255,BF,KRUM,Byz-NSGDM,0,0.001
900,19.90184294871795,BF,KRUM,Byz-NSGDM,0,0.001
930,20.20232371794872,BF,KRUM,Byz-NSGDM,0,0.001
960,20.572916666666668,BF,KRUM,Byz-NSGDM,0,0.001
990,20.823317307692307,BF,KRUM,Byz-NSGDM,0,0.001
1020,21.083733974358974,BF,KRUM,Byz-NSGDM,0,0.001
1050,21.264022435897434,BF,KRUM,Byz-NSGDM,0,0.001
1080,21.524439102564102,BF,KRUM,Byz-NSGDM,0,0.001
1110,21.774839743589745,BF,KRUM,Byz-NSGDM,0,0.001
1140,21.98517628205128,BF,KRUM,Byz-NSGDM,0,0.001
1170,22.145432692307693,BF,KRUM,Byz-NSGDM,0,0.001
1200,22.35576923076923,BF,KRUM,Byz-NSGDM,0,0.001
1230,22.405849358974358,BF,KRUM,Byz-NSGDM,0,0.001
1260,22.556089743589745,BF,KRUM,Byz-NSGDM,0,0.001
1290,22.646233974358974,BF,KRUM,Byz-NSGDM,0,0.001
1320,22.846554487179485,BF,KRUM,Byz-NSGDM,0,0.001
1350,23.11698717948718,BF,KRUM,Byz-NSGDM,0,0.001
1380,23.267227564102566,BF,KRUM,Byz-NSGDM,0,0.001
1410,23.45753205128205,BF,KRUM,Byz-NSGDM,0,0.001
1440,23.577724358974358,BF,KRUM,Byz-NSGDM,0,0.001
1470,23.75801282051282,BF,KRUM,Byz-NSGDM,0,0.001
1500,23.888221153846153,BF,KRUM,Byz-NSGDM,0,0.001
30,73.65785256410257,mimic,KRUM,Baseline-Decay,42,0.2
60,83.59375,mimic,KRUM,Baseline-Decay,42,0.2
90,85.38661858974359,mimic,KRUM,Baseline-Decay,42,0.2
120,85.92748397435898,mimic,KRUM,Baseline-Decay,42,0.2
150,86.77884615384616,mimic,KRUM,Baseline-Decay,42,0.2
180,87.09935897435898,mimic,KRUM,Baseline-Decay,42,0.2
210,87.109375,mimic,KRUM,Baseline-Decay,42,0.2
240,87.5,mimic,KRUM,Baseline-Decay,42,0.2
270,87.74038461538461,mimic,KRUM,Baseline-Decay,42,0.2
300,87.79046474358974,mimic,KRUM,Baseline-Decay,42,0.2
330,87.88060897435898,mimic,KRUM,Baseline-Decay,42,0.2
360,87.94070512820512,mimic,KRUM,Baseline-Decay,42,0.2
390,88.03084935897436,mimic,KRUM,Baseline-Decay,42,0.2
420,88.11097756410257,mimic,KRUM,Baseline-Decay,42,0.2
450,88.15104166666667,mimic,KRUM,Baseline-Decay,42,0.2
480,88.2011217948718,mimic,KRUM,Baseline-Decay,42,0.2
510,88.2411858974359,mimic,KRUM,Baseline-Decay,42,0.2
540,88.19110576923077,mimic,KRUM,Baseline-Decay,42,0.2
570,88.39142628205128,mimic,KRUM,Baseline-Decay,42,0.2
600,88.45152243589743,mimic,KRUM,Baseline-Decay,42,0.2
630,88.35136217948718,mimic,KRUM,Baseline-Decay,42,0.2
660,88.53165064102564,mimic,KRUM,Baseline-Decay,42,0.2
690,88.47155448717949,mimic,KRUM,Baseline-Decay,42,0.2
720,88.53165064102564,mimic,KRUM,Baseline-Decay,42,0.2
750,88.51161858974359,mimic,KRUM,Baseline-Decay,42,0.2
780,88.72195512820512,mimic,KRUM,Baseline-Decay,42,0.2
810,88.7920673076923,mimic,KRUM,Baseline-Decay,42,0.2
840,88.62179487179488,mimic,KRUM,Baseline-Decay,42,0.2
870,88.70192307692308,mimic,KRUM,Baseline-Decay,42,0.2
900,88.69190705128206,mimic,KRUM,Baseline-Decay,42,0.2
930,88.76201923076923,mimic,KRUM,Baseline-Decay,42,0.2
960,88.7520032051282,mimic,KRUM,Baseline-Decay,42,0.2
990,88.83213141025641,mimic,KRUM,Baseline-Decay,42,0.2
1020,88.89222756410257,mimic,KRUM,Baseline-Decay,42,0.2
1050,88.77203525641026,mimic,KRUM,Baseline-Decay,42,0.2
1080,88.85216346153847,mimic,KRUM,Baseline-Decay,42,0.2
1110,88.78205128205128,mimic,KRUM,Baseline-Decay,42,0.2
1140,88.82211538461539,mimic,KRUM,Baseline-Decay,42,0.2
1170,88.9423076923077,mimic,KRUM,Baseline-Decay,42,0.2
1200,88.93229166666667,mimic,KRUM,Baseline-Decay,42,0.2
1230,88.83213141025641,mimic,KRUM,Baseline-Decay,42,0.2
1260,88.88221153846153,mimic,KRUM,Baseline-Decay,42,0.2
1290,88.92227564102564,mimic,KRUM,Baseline-Decay,42,0.2
1320,88.89222756410257,mimic,KRUM,Baseline-Decay,42,0.2
1350,88.93229166666667,mimic,KRUM,Baseline-Decay,42,0.2
1380,88.80208333333333,mimic,KRUM,Baseline-Decay,42,0.2
1410,88.9423076923077,mimic,KRUM,Baseline-Decay,42,0.2
1440,88.85216346153847,mimic,KRUM,Baseline-Decay,42,0.2
1470,88.92227564102564,mimic,KRUM,Baseline-Decay,42,0.2
1500,89.00240384615384,mimic,KRUM,Baseline-Decay,42,0.2
30,18.529647435897434,LF,CM,Byz-NSGDM,0,0.005
60,26.63261217948718,LF,CM,Byz-NSGDM,0,0.005
90,30.248397435897434,LF,CM,Byz-NSGDM,0,0.005
120,32.41185897435897,LF,CM,Byz-NSGDM,0,0.005
150,34.15464743589744,LF,CM,Byz-NSGDM,0,0.005
180,35.66706730769231,LF,CM,Byz-NSGDM,0,0.005
210,37.42988782051282,LF,CM,Byz-NSGDM,0,0.005
240,39.43309294871795,LF,CM,Byz-NSGDM,0,0.005
270,41.25600961538461,LF,CM,Byz-NSGDM,0,0.005
300,42.708333333333336,LF,CM,Byz-NSGDM,0,0.005
330,44.220753205128204,LF,CM,Byz-NSGDM,0,0.005
360,45.95352564102564,LF,CM,Byz-NSGDM,0,0.005
390,47.46594551282051,LF,CM,Byz-NSGDM,0,0.005
420,49.22876602564103,LF,CM,Byz-NSGDM,0,0.005
450,50.7411858974359,LF,CM,Byz-NSGDM,0,0.005
480,52.01322115384615,LF,CM,Byz-NSGDM,0,0.005
510,53.32532051282051,LF,CM,Byz-NSGDM,0,0.005
540,54.35697115384615,LF,CM,Byz-NSGDM,0,0.005
570,55.14823717948718,LF,CM,Byz-NSGDM,0,0.005
600,56.18990384615385,LF,CM,Byz-NSGDM,0,0.005
630,56.87099358974359,LF,CM,Byz-NSGDM,0,0.005
660,57.65224358974359,LF,CM,Byz-NSGDM,0,0.005
690,58.26322115384615,LF,CM,Byz-NSGDM,0,0.005
720,58.89423076923077,LF,CM,Byz-NSGDM,0,0.005
750,59.32491987179487,LF,CM,Byz-NSGDM,0,0.005
780,59.655448717948715,LF,CM,Byz-NSGDM,0,0.005
810,60.22636217948718,LF,CM,Byz-NSGDM,0,0.005
840,60.61698717948718,LF,CM,Byz-NSGDM,0,0.005
870,60.94751602564103,LF,CM,Byz-NSGDM,0,0.005
900,61.34815705128205,LF,CM,Byz-NSGDM,0,0.005
930,61.74879807692308,LF,CM,Byz-NSGDM,0,0.005
960,62.0693108974359,LF,CM,Byz-NSGDM,0,0.005
990,62.37980769230769,LF,CM,Byz-NSGDM,0,0.005
1020,62.65024038461539,LF,CM,Byz-NSGDM,0,0.005
1050,62.84054487179487,LF,CM,Byz-NSGDM,0,0.005
1080,63.12099358974359,LF,CM,Byz-NSGDM,0,0.005
1110,63.361378205128204,LF,CM,Byz-NSGDM,0,0.005
1140,63.58173076923077,LF,CM,Byz-NSGDM,0,0.005
1170,63.982371794871796,LF,CM,Byz-NSGDM,0,0.005
1200,64.25280448717949,LF,CM,Byz-NSGDM,0,0.005
1230,64.59334935897436,LF,CM,Byz-NSGDM,0,0.005
1260,64.8838141025641,LF,CM,Byz-NSGDM,0,0.005
1290,65.13421474358974,LF,CM,Byz-NSGDM,0,0.005
1320,65.2744391025641,LF,CM,Byz-NSGDM,0,0.005
1350,65.3545673076923,LF,CM,Byz-NSGDM,0,0.005
1380,65.43469551282051,LF,CM,Byz-NSGDM,0,0.005
1410,65.67508012820512,LF,CM,Byz-NSGDM,0,0.005
1440,65.85536858974359,LF,CM,Byz-NSGDM,0,0.005
1470,65.9755608974359,LF,CM,Byz-NSGDM,0,0.005
1500,66.06570512820512,LF,CM,Byz-NSGDM,0,0.005
30,11.48838141025641,mimic,RFA,Baseline,42,0.001
60,51.482371794871796,mimic,RFA,Baseline,42,0.001
90,66.26602564102564,mimic,RFA,Baseline,42,0.001
120,76.37219551282051,mimic,RFA,Baseline,42,0.001
150,75.68108974358974,mimic,RFA,Baseline,42,0.001
180,78.0849358974359,mimic,RFA,Baseline,42,0.001
210,79.3369391025641,mimic,RFA,Baseline,42,0.001
240,80.078125,mimic,RFA,Baseline,42,0.001
270,80.65905448717949,mimic,RFA,Baseline,42,0.001
300,81.19991987179488,mimic,RFA,Baseline,42,0.001
330,81.41025641025641,mimic,RFA,Baseline,42,0.001
360,81.74078525641026,mimic,RFA,Baseline,42,0.001
390,81.87099358974359,mimic,RFA,Baseline,42,0.001
420,82.02123397435898,mimic,RFA,Baseline,42,0.001
450,82.32171474358974,mimic,RFA,Baseline,42,0.001
480,82.62219551282051,mimic,RFA,Baseline,42,0.001
510,83.15304487179488,mimic,RFA,Baseline,42,0.001
540,83.25320512820512,mimic,RFA,Baseline,42,0.001
570,83.10296474358974,mimic,RFA,Baseline,42,0.001
600,83.4735576923077,mimic,RFA,Baseline,42,0.001
630,83.68389423076923,mimic,RFA,Baseline,42,0.001
660,83.83413461538461,mimic,RFA,Baseline,42,0.001
690,83.96434294871794,mimic,RFA,Baseline,42,0.001
720,84.35496794871794,mimic,RFA,Baseline,42,0.001
750,84.19471153846153,mimic,RFA,Baseline,42,0.001
780,84.57532051282051,mimic,RFA,Baseline,42,0.001
810,84.50520833333333,mimic,RFA,Baseline,42,0.001
840,84.55528846153847,mimic,RFA,Baseline,42,0.001
870,84.55528846153847,mimic,RFA,Baseline,42,0.001
900,85.0360576923077,mimic,RFA,Baseline,42,0.001
930,84.82572115384616,mimic,RFA,Baseline,42,0.001
960,85.0360576923077,mimic,RFA,Baseline,42,0.001
990,85.34655448717949,mimic,RFA,Baseline,42,0.001
1020,85.16626602564102,mimic,RFA,Baseline,42,0.001
1050,85.36658653846153,mimic,RFA,Baseline,42,0.001
1080,85.18629807692308,mimic,RFA,Baseline,42,0.001
1110,85.70713141025641,mimic,RFA,Baseline,42,0.001
1140,85.57692307692308,mimic,RFA,Baseline,42,0.001
1170,85.76722756410257,mimic,RFA,Baseline,42,0.001
1200,85.75721153846153,mimic,RFA,Baseline,42,0.001
1230,85.68709935897436,mimic,RFA,Baseline,42,0.001
1260,85.67708333333333,mimic,RFA,Baseline,42,0.001
1290,85.55689102564102,mimic,RFA,Baseline,42,0.001
1320,85.91746794871794,mimic,RFA,Baseline,42,0.001
1350,86.0176282051282,mimic,RFA,Baseline,42,0.001
1380,85.56690705128206,mimic,RFA,Baseline,42,0.001
1410,86.00761217948718,mimic,RFA,Baseline,42,0.001
1440,86.13782051282051,mimic,RFA,Baseline,42,0.001
1470,86.0576923076923,mimic,RFA,Baseline,42,0.001
1500,86.33814102564102,mimic,RFA,Baseline,42,0.001
30,84.56530448717949,mimic,KRUM,Baseline-Decay,0,0.05
60,89.52323717948718,mimic,KRUM,Baseline-Decay,0,0.05
90,89.78365384615384,mimic,KRUM,Baseline-Decay,0,0.05
120,91.15584935897436,mimic,KRUM,Baseline-Decay,0,0.05
150,92.0673076923077,mimic,KRUM,Baseline-Decay,0,0.05
180,92.37780448717949,mimic,KRUM,Baseline-Decay,0,0.05
210,92.6983173076923,mimic,KRUM,Baseline-Decay,0,0.05
240,93.02884615384616,mimic,KRUM,Baseline-Decay,0,0.05
270,93.57972756410257,mimic,KRUM,Baseline-Decay,0,0.05
300,93.25921474358974,mimic,KRUM,Baseline-Decay,0,0.05
330,93.95032051282051,mimic,KRUM,Baseline-Decay,0,0.05
360,93.92027243589743,mimic,KRUM,Baseline-Decay,0,0.05
390,94.08052884615384,mimic,KRUM,Baseline-Decay,0,0.05
420,94.54126602564102,mimic,KRUM,Baseline-Decay,0,0.05
450,94.44110576923077,mimic,KRUM,Baseline-Decay,0,0.05
480,94.85176282051282,mimic,KRUM,Baseline-Decay,0,0.05
510,95.06209935897436,mimic,KRUM,Baseline-Decay,0,0.05
540,94.81169871794872,mimic,KRUM,Baseline-Decay,0,0.05
570,94.921875,mimic,KRUM,Baseline-Decay,0,0.05
600,94.97195512820512,mimic,KRUM,Baseline-Decay,0,0.05
630,95.3525641025641,mimic,KRUM,Baseline-Decay,0,0.05
660,95.33253205128206,mimic,KRUM,Baseline-Decay,0,0.05
690,95.25240384615384,mimic,KRUM,Baseline-Decay,0,0.05
720,95.47275641025641,mimic,KRUM,Baseline-Decay,0,0.05
750,95.52283653846153,mimic,KRUM,Baseline-Decay,0,0.05
780,95.54286858974359,mimic,KRUM,Baseline-Decay,0,0.05
810,95.53285256410257,mimic,KRUM,Baseline-Decay,0,0.05
840,95.49278846153847,mimic,KRUM,Baseline-Decay,0,0.05
870,95.55288461538461,mimic,KRUM,Baseline-Decay,0,0.05
900,95.75320512820512,mimic,KRUM,Baseline-Decay,0,0.05
930,95.84334935897436,mimic,KRUM,Baseline-Decay,0,0.05
960,95.93349358974359,mimic,KRUM,Baseline-Decay,0,0.05
990,95.88341346153847,mimic,KRUM,Baseline-Decay,0,0.05
1020,95.92347756410257,mimic,KRUM,Baseline-Decay,0,0.05
1050,95.76322115384616,mimic,KRUM,Baseline-Decay,0,0.05
1080,95.85336538461539,mimic,KRUM,Baseline-Decay,0,0.05
1110,96.09375,mimic,KRUM,Baseline-Decay,0,0.05
1140,96.20392628205128,mimic,KRUM,Baseline-Decay,0,0.05
1170,96.46434294871794,mimic,KRUM,Baseline-Decay,0,0.05
1200,96.43429487179488,mimic,KRUM,Baseline-Decay,0,0.05
1230,96.39423076923077,mimic,KRUM,Baseline-Decay,0,0.05
1260,96.3641826923077,mimic,KRUM,Baseline-Decay,0,0.05
1290,96.24399038461539,mimic,KRUM,Baseline-Decay,0,0.05
1320,96.38421474358974,mimic,KRUM,Baseline-Decay,0,0.05
1350,96.3641826923077,mimic,KRUM,Baseline-Decay,0,0.05
1380,96.39423076923077,mimic,KRUM,Baseline-Decay,0,0.05
1410,96.4443108974359,mimic,KRUM,Baseline-Decay,0,0.05
1440,96.59455128205128,mimic,KRUM,Baseline-Decay,0,0.05
1470,96.63461538461539,mimic,KRUM,Baseline-Decay,0,0.05
1500,96.64463141025641,mimic,KRUM,Baseline-Decay,0,0.05
30,87.59014423076923,mimic,CM,Baseline-Decay,0,0.1
60,91.93709935897436,mimic,CM,Baseline-Decay,0,0.1
90,92.17748397435898,mimic,CM,Baseline-Decay,0,0.1
120,93.88020833333333,mimic,CM,Baseline-Decay,0,0.1
150,94.25080128205128,mimic,CM,Baseline-Decay,0,0.1
180,94.68149038461539,mimic,CM,Baseline-Decay,0,0.1
210,94.9619391025641,mimic,CM,Baseline-Decay,0,0.1
240,95.38261217948718,mimic,CM,Baseline-Decay,0,0.1
270,95.72315705128206,mimic,CM,Baseline-Decay,0,0.1
300,95.7431891025641,mimic,CM,Baseline-Decay,0,0.1
330,96.07371794871794,mimic,CM,Baseline-Decay,0,0.1
360,96.09375,mimic,CM,Baseline-Decay,0,0.1
390,96.484375,mimic,CM,Baseline-Decay,0,0.1
420,96.50440705128206,mimic,CM,Baseline-Decay,0,0.1
450,96.484375,mimic,CM,Baseline-Decay,0,0.1
480,96.89503205128206,mimic,CM,Baseline-Decay,0,0.1
510,97.01522435897436,mimic,CM,Baseline-Decay,0,0.1
540,96.6045673076923,mimic,CM,Baseline-Decay,0,0.1
570,96.68469551282051,mimic,CM,Baseline-Decay,0,0.1
600,96.9551282051282,mimic,CM,Baseline-Decay,0,0.1
630,97.08533653846153,mimic,CM,Baseline-Decay,0,0.1
660,97.1454326923077,mimic,CM,Baseline-Decay,0,0.1
690,97.04527243589743,mimic,CM,Baseline-Decay,0,0.1
720,97.1854967948718,mimic,CM,Baseline-Decay,0,0.1
750,97.09535256410257,mimic,CM,Baseline-Decay,0,0.1
780,97.15544871794872,mimic,CM,Baseline-Decay,0,0.1
810,97.21554487179488,mimic,CM,Baseline-Decay,0,0.1
840,97.29567307692308,mimic,CM,Baseline-Decay,0,0.1
870,97.3858173076923,mimic,CM,Baseline-Decay,0,0.1
900,97.51602564102564,mimic,CM,Baseline-Decay,0,0.1
930,97.5761217948718,mimic,CM,Baseline-Decay,0,0.1
960,97.51602564102564,mimic,CM,Baseline-Decay,0,0.1
990,97.5761217948718,mimic,CM,Baseline-Decay,0,0.1
1020,97.64623397435898,mimic,CM,Baseline-Decay,0,0.1
1050,97.59615384615384,mimic,CM,Baseline-Decay,0,0.1
1080,97.67628205128206,mimic,CM,Baseline-Decay,0,0.1
1110,97.6161858974359,mimic,CM,Baseline-Decay,0,0.1
1140,97.68629807692308,mimic,CM,Baseline-Decay,0,0.1
1170,97.82652243589743,mimic,CM,Baseline-Decay,0,0.1
1200,97.79647435897436,mimic,CM,Baseline-Decay,0,0.1
1230,97.81650641025641,mimic,CM,Baseline-Decay,0,0.1
1260,97.89663461538461,mimic,CM,Baseline-Decay,0,0.1
1290,97.82652243589743,mimic,CM,Baseline-Decay,0,0.1
1320,97.88661858974359,mimic,CM,Baseline-Decay,0,0.1
1350,97.83653846153847,mimic,CM,Baseline-Decay,0,0.1
1380,97.93669871794872,mimic,CM,Baseline-Decay,0,0.1
1410,97.89663461538461,mimic,CM,Baseline-Decay,0,0.1
1440,97.99679487179488,mimic,CM,Baseline-Decay,0,0.1
1470,98.0869391025641,mimic,CM,Baseline-Decay,0,0.1
1500,97.98677884615384,mimic,CM,Baseline-Decay,0,0.1
30,91.31610576923077,LF,RFA,Baseline-Decay,123,0.2
60,93.69991987179488,LF,RFA,Baseline-Decay,123,0.2
90,95.46274038461539,LF,RFA,Baseline-Decay,123,0.2
120,95.68309294871794,LF,RFA,Baseline-Decay,123,0.2
150,96.34415064102564,LF,RFA,Baseline-Decay,123,0.2
180,96.66466346153847,LF,RFA,Baseline-Decay,123,0.2
210,96.67467948717949,LF,RFA,Baseline-Decay,123,0.2
240,97.10536858974359,LF,RFA,Baseline-Decay,123,0.2
270,97.03525641025641,LF,RFA,Baseline-Decay,123,0.2
300,97.20552884615384,LF,RFA,Baseline-Decay,123,0.2
330,97.27564102564102,LF,RFA,Baseline-Decay,123,0.2
360,97.3858173076923,LF,RFA,Baseline-Decay,123,0.2
390,97.48597756410257,LF,RFA,Baseline-Decay,123,0.2
420,97.65625,LF,RFA,Baseline-Decay,123,0.2
450,97.75641025641026,LF,RFA,Baseline-Decay,123,0.2
480,97.70633012820512,LF,RFA,Baseline-Decay,123,0.2
510,97.62620192307692,LF,RFA,Baseline-Decay,123,0.2
540,97.71634615384616,LF,RFA,Baseline-Decay,123,0.2
570,97.82652243589743,LF,RFA,Baseline-Decay,123,0.2
600,97.9667467948718,LF,RFA,Baseline-Decay,123,0.2
630,97.94671474358974,LF,RFA,Baseline-Decay,123,0.2
660,98.02684294871794,LF,RFA,Baseline-Decay,123,0.2
690,97.95673076923077,LF,RFA,Baseline-Decay,123,0.2
720,98.05689102564102,LF,RFA,Baseline-Decay,123,0.2
750,97.99679487179488,LF,RFA,Baseline-Decay,123,0.2
780,98.15705128205128,LF,RFA,Baseline-Decay,123,0.2
810,98.0869391025641,LF,RFA,Baseline-Decay,123,0.2
840,98.1670673076923,LF,RFA,Baseline-Decay,123,0.2
870,98.11698717948718,LF,RFA,Baseline-Decay,123,0.2
900,98.26722756410257,LF,RFA,Baseline-Decay,123,0.2
930,98.14703525641026,LF,RFA,Baseline-Decay,123,0.2
960,98.1270032051282,LF,RFA,Baseline-Decay,123,0.2
990,98.24719551282051,LF,RFA,Baseline-Decay,123,0.2
1020,98.13701923076923,LF,RFA,Baseline-Decay,123,0.2
1050,98.32732371794872,LF,RFA,Baseline-Decay,123,0.2
1080,98.29727564102564,LF,RFA,Baseline-Decay,123,0.2
1110,98.29727564102564,LF,RFA,Baseline-Decay,123,0.2
1140,98.27724358974359,LF,RFA,Baseline-Decay,123,0.2
1170,98.29727564102564,LF,RFA,Baseline-Decay,123,0.2
1200,98.3573717948718,LF,RFA,Baseline-Decay,123,0.2
1230,98.3173076923077,LF,RFA,Baseline-Decay,123,0.2
1260,98.29727564102564,LF,RFA,Baseline-Decay,123,0.2
1290,98.32732371794872,LF,RFA,Baseline-Decay,123,0.2
1320,98.38741987179488,LF,RFA,Baseline-Decay,123,0.2
1350,98.27724358974359,LF,RFA,Baseline-Decay,123,0.2
1380,98.32732371794872,LF,RFA,Baseline-Decay,123,0.2
1410,98.40745192307692,LF,RFA,Baseline-Decay,123,0.2
1440,98.41746794871794,LF,RFA,Baseline-Decay,123,0.2
1470,98.3173076923077,LF,RFA,Baseline-Decay,123,0.2
1500,98.34735576923077,LF,RFA,Baseline-Decay,123,0.2
30,66.29607371794872,BF,KRUM,Baseline,0,0.005
60,66.70673076923077,BF,KRUM,Baseline,0,0.005
90,77.734375,BF,KRUM,Baseline,0,0.005
120,81.18990384615384,BF,KRUM,Baseline,0,0.005
150,83.00280448717949,BF,KRUM,Baseline,0,0.005
180,83.65384615384616,BF,KRUM,Baseline,0,0.005
210,84.09455128205128,BF,KRUM,Baseline,0,0.005
240,84.6454326923077,BF,KRUM,Baseline,0,0.005
270,84.4150641025641,BF,KRUM,Baseline,0,0.005
300,85.6270032051282,BF,KRUM,Baseline,0,0.005
330,76.88301282051282,BF,KRUM,Baseline,0,0.005
360,84.56530448717949,BF,KRUM,Baseline,0,0.005
390,84.13461538461539,BF,KRUM,Baseline,0,0.005
420,78.69591346153847,BF,KRUM,Baseline,0,0.005
450,79.63741987179488,BF,KRUM,Baseline,0,0.005
480,84.97596153846153,BF,KRUM,Baseline,0,0.005
510,78.90625,BF,KRUM,Baseline,0,0.005
540,80.08814102564102,BF,KRUM,Baseline,0,0.005
570,84.60536858974359,BF,KRUM,Baseline,0,0.005
600,75.93149038461539,BF,KRUM,Baseline,0,0.005
630,82.09134615384616,BF,KRUM,Baseline,0,0.005
660,79.53725961538461,BF,KRUM,Baseline,0,0.005
690,81.69070512820512,BF,KRUM,Baseline,0,0.005
720,79.9979967948718,BF,KRUM,Baseline,0,0.005
750,75.97155448717949,BF,KRUM,Baseline,0,0.005
780,77.01322115384616,BF,KRUM,Baseline,0,0.005
810,78.9863782051282,BF,KRUM,Baseline,0,0.005
840,69.76161858974359,BF,KRUM,Baseline,0,0.005
870,9.755608974358974,BF,KRUM,Baseline,0,0.005
900,9.755608974358974,BF,KRUM,Baseline,0,0.005
930,9.755608974358974,BF,KRUM,Baseline,0,0.005
960,10.336538461538462,BF,KRUM,Baseline,0,0.005
990,10.336538461538462,BF,KRUM,Baseline,0,0.005
1020,10.336538461538462,BF,KRUM,Baseline,0,0.005
1050,11.368189102564102,BF,KRUM,Baseline,0,0.005
1080,11.368189102564102,BF,KRUM,Baseline,0,0.005
1110,9.595352564102564,BF,KRUM,Baseline,0,0.005
1140,9.595352564102564,BF,KRUM,Baseline,0,0.005
1170,9.595352564102564,BF,KRUM,Baseline,0,0.005
1200,9.595352564102564,BF,KRUM,Baseline,0,0.005
1230,9.595352564102564,BF,KRUM,Baseline,0,0.005
1260,9.595352564102564,BF,KRUM,Baseline,0,0.005
1290,9.595352564102564,BF,KRUM,Baseline,0,0.005
1320,9.595352564102564,BF,KRUM,Baseline,0,0.005
1350,9.595352564102564,BF,KRUM,Baseline,0,0.005
1380,9.595352564102564,BF,KRUM,Baseline,0,0.005
1410,9.595352564102564,BF,KRUM,Baseline,0,0.005
1440,9.595352564102564,BF,KRUM,Baseline,0,0.005
1470,9.595352564102564,BF,KRUM,Baseline,0,0.005
1500,9.595352564102564,BF,KRUM,Baseline,0,0.005
30,90.16426282051282,LF,KRUM,Byz-NSGDM,0,0.5
60,93.67988782051282,LF,KRUM,Byz-NSGDM,0,0.5
90,95.81330128205128,LF,KRUM,Byz-NSGDM,0,0.5
120,96.54447115384616,LF,KRUM,Byz-NSGDM,0,0.5
150,96.85496794871794,LF,KRUM,Byz-NSGDM,0,0.5
180,97.02524038461539,LF,KRUM,Byz-NSGDM,0,0.5
210,97.54607371794872,LF,KRUM,Byz-NSGDM,0,0.5
240,97.7764423076923,LF,KRUM,Byz-NSGDM,0,0.5
270,97.91666666666667,LF,KRUM,Byz-NSGDM,0,0.5
300,90.82532051282051,LF,KRUM,Byz-NSGDM,0,0.5
330,89.0625,LF,KRUM,Byz-NSGDM,0,0.5
360,88.70192307692308,LF,KRUM,Byz-NSGDM,0,0.5
390,88.53165064102564,LF,KRUM,Byz-NSGDM,0,0.5
420,88.7119391025641,LF,KRUM,Byz-NSGDM,0,0.5
450,88.6318108974359,LF,KRUM,Byz-NSGDM,0,0.5
480,88.6318108974359,LF,KRUM,Byz-NSGDM,0,0.5
510,88.83213141025641,LF,KRUM,Byz-NSGDM,0,0.5
540,88.7520032051282,LF,KRUM,Byz-NSGDM,0,0.5
570,88.7119391025641,LF,KRUM,Byz-NSGDM,0,0.5
600,88.73197115384616,LF,KRUM,Byz-NSGDM,0,0.5
630,88.77203525641026,LF,KRUM,Byz-NSGDM,0,0.5
660,88.91225961538461,LF,KRUM,Byz-NSGDM,0,0.5
690,88.83213141025641,LF,KRUM,Byz-NSGDM,0,0.5
720,88.88221153846153,LF,KRUM,Byz-NSGDM,0,0.5
750,88.78205128205128,LF,KRUM,Byz-NSGDM,0,0.5
780,88.90224358974359,LF,KRUM,Byz-NSGDM,0,0.5
810,88.86217948717949,LF,KRUM,Byz-NSGDM,0,0.5
840,88.84214743589743,LF,KRUM,Byz-NSGDM,0,0.5
870,88.92227564102564,LF,KRUM,Byz-NSGDM,0,0.5
900,88.84214743589743,LF,KRUM,Byz-NSGDM,0,0.5
930,88.90224358974359,LF,KRUM,Byz-NSGDM,0,0.5
960,88.87219551282051,LF,KRUM,Byz-NSGDM,0,0.5
990,88.90224358974359,LF,KRUM,Byz-NSGDM,0,0.5
1020,88.90224358974359,LF,KRUM,Byz-NSGDM,0,0.5
1050,88.96233974358974,LF,KRUM,Byz-NSGDM,0,0.5
1080,89.01241987179488,LF,KRUM,Byz-NSGDM,0,0.5
1110,88.9823717948718,LF,KRUM,Byz-NSGDM,0,0.5
1140,88.9423076923077,LF,KRUM,Byz-NSGDM,0,0.5
1170,88.85216346153847,LF,KRUM,Byz-NSGDM,0,0.5
1200,89.04246794871794,LF,KRUM,Byz-NSGDM,0,0.5
1230,88.97235576923077,LF,KRUM,Byz-NSGDM,0,0.5
1260,88.9823717948718,LF,KRUM,Byz-NSGDM,0,0.5
1290,88.89222756410257,LF,KRUM,Byz-NSGDM,0,0.5
1320,88.90224358974359,LF,KRUM,Byz-NSGDM,0,0.5
1350,88.9823717948718,LF,KRUM,Byz-NSGDM,0,0.5
1380,88.97235576923077,LF,KRUM,Byz-NSGDM,0,0.5
1410,89.03245192307692,LF,KRUM,Byz-NSGDM,0,0.5
1440,88.97235576923077,LF,KRUM,Byz-NSGDM,0,0.5
1470,89.0224358974359,LF,KRUM,Byz-NSGDM,0,0.5
1500,88.99238782051282,LF,KRUM,Byz-NSGDM,0,0.5
30,83.19310897435898,LF,CM,Byz-NSGDM,0,0.2
60,79.78766025641026,LF,CM,Byz-NSGDM,0,0.2
90,82.84254807692308,LF,CM,Byz-NSGDM,0,0.2
120,83.7139423076923,LF,CM,Byz-NSGDM,0,0.2
150,84.43509615384616,LF,CM,Byz-NSGDM,0,0.2
180,85.17628205128206,LF,CM,Byz-NSGDM,0,0.2
210,85.6270032051282,LF,CM,Byz-NSGDM,0,0.2
240,85.76722756410257,LF,CM,Byz-NSGDM,0,0.2
270,85.8173076923077,LF,CM,Byz-NSGDM,0,0.2
300,86.00761217948718,LF,CM,Byz-NSGDM,0,0.2
330,86.54847756410257,LF,CM,Byz-NSGDM,0,0.2
360,86.328125,LF,CM,Byz-NSGDM,0,0.2
390,86.54847756410257,LF,CM,Byz-NSGDM,0,0.2
420,86.7988782051282,LF,CM,Byz-NSGDM,0,0.2
450,86.58854166666667,LF,CM,Byz-NSGDM,0,0.2
480,86.90905448717949,LF,CM,Byz-NSGDM,0,0.2
510,86.97916666666667,LF,CM,Byz-NSGDM,0,0.2
540,86.88902243589743,LF,CM,Byz-NSGDM,0,0.2
570,86.84895833333333,LF,CM,Byz-NSGDM,0,0.2
600,87.00921474358974,LF,CM,Byz-NSGDM,0,0.2
630,87.1895032051282,LF,CM,Byz-NSGDM,0,0.2
660,87.15945512820512,LF,CM,Byz-NSGDM,0,0.2
690,87.25961538461539,LF,CM,Byz-NSGDM,0,0.2
720,87.38982371794872,LF,CM,Byz-NSGDM,0,0.2
750,87.27964743589743,LF,CM,Byz-NSGDM,0,0.2
780,87.4198717948718,LF,CM,Byz-NSGDM,0,0.2
810,87.51001602564102,LF,CM,Byz-NSGDM,0,0.2
840,87.43990384615384,LF,CM,Byz-NSGDM,0,0.2
870,87.55008012820512,LF,CM,Byz-NSGDM,0,0.2
900,87.46995192307692,LF,CM,Byz-NSGDM,0,0.2
930,87.78044871794872,LF,CM,Byz-NSGDM,0,0.2
960,87.7704326923077,LF,CM,Byz-NSGDM,0,0.2
990,87.68028846153847,LF,CM,Byz-NSGDM,0,0.2
1020,87.8505608974359,LF,CM,Byz-NSGDM,0,0.2
1050,87.8505608974359,LF,CM,Byz-NSGDM,0,0.2
1080,87.80048076923077,LF,CM,Byz-NSGDM,0,0.2
1110,87.73036858974359,LF,CM,Byz-NSGDM,0,0.2
1140,87.69030448717949,LF,CM,Byz-NSGDM,0,0.2
1170,87.79046474358974,LF,CM,Byz-NSGDM,0,0.2
1200,88.05088141025641,LF,CM,Byz-NSGDM,0,0.2
1230,87.96073717948718,LF,CM,Byz-NSGDM,0,0.2
1260,88.05088141025641,LF,CM,Byz-NSGDM,0,0.2
1290,87.8104967948718,LF,CM,Byz-NSGDM,0,0.2
1320,87.9306891025641,LF,CM,Byz-NSGDM,0,0.2
1350,88.07091346153847,LF,CM,Byz-NSGDM,0,0.2
1380,87.890625,LF,CM,Byz-NSGDM,0,0.2
1410,88.02083333333333,LF,CM,Byz-NSGDM,0,0.2
1440,88.07091346153847,LF,CM,Byz-NSGDM,0,0.2
1470,88.14102564102564,LF,CM,Byz-NSGDM,0,0.2
1500,88.0108173076923,LF,CM,Byz-NSGDM,0,0.2
30,47.66626602564103,mimic,CM,Baseline,42,0.002
60,70.77323717948718,mimic,CM,Baseline,42,0.002
90,83.03285256410257,mimic,CM,Baseline,42,0.002
120,78.91626602564102,mimic,CM,Baseline,42,0.002
150,80.84935897435898,mimic,CM,Baseline,42,0.002
180,81.59054487179488,mimic,CM,Baseline,42,0.002
210,81.92107371794872,mimic,CM,Baseline,42,0.002
240,82.70232371794872,mimic,CM,Baseline,42,0.002
270,82.94270833333333,mimic,CM,Baseline,42,0.002
300,83.14302884615384,mimic,CM,Baseline,42,0.002
330,83.49358974358974,mimic,CM,Baseline,42,0.002
360,83.8641826923077,mimic,CM,Baseline,42,0.002
390,83.984375,mimic,CM,Baseline,42,0.002
420,84.31490384615384,mimic,CM,Baseline,42,0.002
450,84.81570512820512,mimic,CM,Baseline,42,0.002
480,84.54527243589743,mimic,CM,Baseline,42,0.002
510,85.00600961538461,mimic,CM,Baseline,42,0.002
540,84.99599358974359,mimic,CM,Baseline,42,0.002
570,85.08613782051282,mimic,CM,Baseline,42,0.002
600,85.21634615384616,mimic,CM,Baseline,42,0.002
630,85.51682692307692,mimic,CM,Baseline,42,0.002
660,85.56690705128206,mimic,CM,Baseline,42,0.002
690,85.83733974358974,mimic,CM,Baseline,42,0.002
720,86.30809294871794,mimic,CM,Baseline,42,0.002
750,86.00761217948718,mimic,CM,Baseline,42,0.002
780,86.31810897435898,mimic,CM,Baseline,42,0.002
810,86.25801282051282,mimic,CM,Baseline,42,0.002
840,86.27804487179488,mimic,CM,Baseline,42,0.002
870,86.54847756410257,mimic,CM,Baseline,42,0.002
900,86.7988782051282,mimic,CM,Baseline,42,0.002
930,86.69871794871794,mimic,CM,Baseline,42,0.002
960,86.8389423076923,mimic,CM,Baseline,42,0.002
990,86.8389423076923,mimic,CM,Baseline,42,0.002
1020,86.80889423076923,mimic,CM,Baseline,42,0.002
1050,86.89903846153847,mimic,CM,Baseline,42,0.002
1080,86.70873397435898,mimic,CM,Baseline,42,0.002
1110,87.07932692307692,mimic,CM,Baseline,42,0.002
1140,86.9891826923077,mimic,CM,Baseline,42,0.002
1170,86.99919871794872,mimic,CM,Baseline,42,0.002
1200,87.20953525641026,mimic,CM,Baseline,42,0.002
1230,87.20953525641026,mimic,CM,Baseline,42,0.002
1260,87.15945512820512,mimic,CM,Baseline,42,0.002
1290,87.09935897435898,mimic,CM,Baseline,42,0.002
1320,87.34975961538461,mimic,CM,Baseline,42,0.002
1350,87.39983974358974,mimic,CM,Baseline,42,0.002
1380,86.92908653846153,mimic,CM,Baseline,42,0.002
1410,87.25961538461539,mimic,CM,Baseline,42,0.002
1440,87.38982371794872,mimic,CM,Baseline,42,0.002
1470,87.5801282051282,mimic,CM,Baseline,42,0.002
1500,87.59014423076923,mimic,CM,Baseline,42,0.002
30,75.99158653846153,BF,KRUM,Byz-NSGDM,0,0.5
60,84.66546474358974,BF,KRUM,Byz-NSGDM,0,0.5
90,85.30649038461539,BF,KRUM,Byz-NSGDM,0,0.5
120,85.05608974358974,BF,KRUM,Byz-NSGDM,0,0.5
150,85.38661858974359,BF,KRUM,Byz-NSGDM,0,0.5
180,85.98758012820512,BF,KRUM,Byz-NSGDM,0,0.5
210,83.77403846153847,BF,KRUM,Byz-NSGDM,0,0.5
240,78.73597756410257,BF,KRUM,Byz-NSGDM,0,0.5
270,79.40705128205128,BF,KRUM,Byz-NSGDM,0,0.5
300,80.00801282051282,BF,KRUM,Byz-NSGDM,0,0.5
330,82.60216346153847,BF,KRUM,Byz-NSGDM,0,0.5
360,84.74559294871794,BF,KRUM,Byz-NSGDM,0,0.5
390,84.93589743589743,BF,KRUM,Byz-NSGDM,0,0.5
420,79.58733974358974,BF,KRUM,Byz-NSGDM,0,0.5
450,77.71434294871794,BF,KRUM,Byz-NSGDM,0,0.5
480,81.44030448717949,BF,KRUM,Byz-NSGDM,0,0.5
510,81.63060897435898,BF,KRUM,Byz-NSGDM,0,0.5
540,83.30328525641026,BF,KRUM,Byz-NSGDM,0,0.5
570,79.55729166666667,BF,KRUM,Byz-NSGDM,0,0.5
600,79.09655448717949,BF,KRUM,Byz-NSGDM,0,0.5
630,78.9863782051282,BF,KRUM,Byz-NSGDM,0,0.5
660,77.79447115384616,BF,KRUM,Byz-NSGDM,0,0.5
690,81.82091346153847,BF,KRUM,Byz-NSGDM,0,0.5
720,80.65905448717949,BF,KRUM,Byz-NSGDM,0,0.5
750,74.70953525641026,BF,KRUM,Byz-NSGDM,0,0.5
780,81.32011217948718,BF,KRUM,Byz-NSGDM,0,0.5
810,81.34014423076923,BF,KRUM,Byz-NSGDM,0,0.5
840,81.66065705128206,BF,KRUM,Byz-NSGDM,0,0.5
870,79.70753205128206,BF,KRUM,Byz-NSGDM,0,0.5
900,81.87099358974359,BF,KRUM,Byz-NSGDM,0,0.5
930,75.06009615384616,BF,KRUM,Byz-NSGDM,0,0.5
960,75.36057692307692,BF,KRUM,Byz-NSGDM,0,0.5
990,80.3886217948718,BF,KRUM,Byz-NSGDM,0,0.5
1020,81.90104166666667,BF,KRUM,Byz-NSGDM,0,0.5
1050,79.28685897435898,BF,KRUM,Byz-NSGDM,0,0.5
1080,79.3369391025641,BF,KRUM,Byz-NSGDM,0,0.5
1110,77.57411858974359,BF,KRUM,Byz-NSGDM,0,0.5
1140,81.1698717948718,BF,KRUM,Byz-NSGDM,0,0.5
1170,82.70232371794872,BF,KRUM,Byz-NSGDM,0,0.5
1200,82.06129807692308,BF,KRUM,Byz-NSGDM,0,0.5
1230,79.28685897435898,BF,KRUM,Byz-NSGDM,0,0.5
1260,80.40865384615384,BF,KRUM,Byz-NSGDM,0,0.5
1290,82.4619391025641,BF,KRUM,Byz-NSGDM,0,0.5
1320,80.78926282051282,BF,KRUM,Byz-NSGDM,0,0.5
1350,83.15304487179488,BF,KRUM,Byz-NSGDM,0,0.5
1380,81.21995192307692,BF,KRUM,Byz-NSGDM,0,0.5
1410,77.7744391025641,BF,KRUM,Byz-NSGDM,0,0.5
1440,83.29326923076923,BF,KRUM,Byz-NSGDM,0,0.5
1470,82.3417467948718,BF,KRUM,Byz-NSGDM,0,0.5
1500,81.79086538461539,BF,KRUM,Byz-NSGDM,0,0.5
30,83.19310897435898,BF,KRUM,Byz-NSGDM,0,0.2
60,78.8661858974359,BF,KRUM,Byz-NSGDM,0,0.2
90,81.09975961538461,BF,KRUM,Byz-NSGDM,0,0.2
120,82.97275641025641,BF,KRUM,Byz-NSGDM,0,0.2
150,83.82411858974359,BF,KRUM,Byz-NSGDM,0,0.2
180,84.2548076923077,BF,KRUM,Byz-NSGDM,0,0.2
210,84.95592948717949,BF,KRUM,Byz-NSGDM,0,0.2
240,85.32652243589743,BF,KRUM,Byz-NSGDM,0,0.2
270,85.0761217948718,BF,KRUM,Byz-NSGDM,0,0.2
300,85.1161858974359,BF,KRUM,Byz-NSGDM,0,0.2
330,85.67708333333333,BF,KRUM,Byz-NSGDM,0,0.2
360,85.34655448717949,BF,KRUM,Byz-NSGDM,0,0.2
390,85.72716346153847,BF,KRUM,Byz-NSGDM,0,0.2
420,85.76722756410257,BF,KRUM,Byz-NSGDM,0,0.2
450,85.76722756410257,BF,KRUM,Byz-NSGDM,0,0.2
480,85.61698717948718,BF,KRUM,Byz-NSGDM,0,0.2
510,85.79727564102564,BF,KRUM,Byz-NSGDM,0,0.2
540,85.51682692307692,BF,KRUM,Byz-NSGDM,0,0.2
570,84.47516025641026,BF,KRUM,Byz-NSGDM,0,0.2
600,85.52684294871794,BF,KRUM,Byz-NSGDM,0,0.2
630,84.77564102564102,BF,KRUM,Byz-NSGDM,0,0.2
660,84.24479166666667,BF,KRUM,Byz-NSGDM,0,0.2
690,85.76722756410257,BF,KRUM,Byz-NSGDM,0,0.2
720,83.44350961538461,BF,KRUM,Byz-NSGDM,0,0.2
750,80.31850961538461,BF,KRUM,Byz-NSGDM,0,0.2
780,85.26642628205128,BF,KRUM,Byz-NSGDM,0,0.2
810,82.33173076923077,BF,KRUM,Byz-NSGDM,0,0.2
840,84.12459935897436,BF,KRUM,Byz-NSGDM,0,0.2
870,85.36658653846153,BF,KRUM,Byz-NSGDM,0,0.2
900,84.17467948717949,BF,KRUM,Byz-NSGDM,0,0.2
930,80.12820512820512,BF,KRUM,Byz-NSGDM,0,0.2
960,83.09294871794872,BF,KRUM,Byz-NSGDM,0,0.2
990,84.90584935897436,BF,KRUM,Byz-NSGDM,0,0.2
1020,83.42347756410257,BF,KRUM,Byz-NSGDM,0,0.2
1050,83.5136217948718,BF,KRUM,Byz-NSGDM,0,0.2
1080,84.46514423076923,BF,KRUM,Byz-NSGDM,0,0.2
1110,83.33333333333333,BF,KRUM,Byz-NSGDM,0,0.2
1140,79.86778846153847,BF,KRUM,Byz-NSGDM,0,0.2
1170,83.5136217948718,BF,KRUM,Byz-NSGDM,0,0.2
1200,85.53685897435898,BF,KRUM,Byz-NSGDM,0,0.2
1230,81.50040064102564,BF,KRUM,Byz-NSGDM,0,0.2
1260,83.10296474358974,BF,KRUM,Byz-NSGDM,0,0.2
1290,85.35657051282051,BF,KRUM,Byz-NSGDM,0,0.2
1320,82.49198717948718,BF,KRUM,Byz-NSGDM,0,0.2
1350,84.95592948717949,BF,KRUM,Byz-NSGDM,0,0.2
1380,82.28165064102564,BF,KRUM,Byz-NSGDM,0,0.2
1410,84.0244391025641,BF,KRUM,Byz-NSGDM,0,0.2
1440,84.765625,BF,KRUM,Byz-NSGDM,0,0.2
1470,84.32491987179488,BF,KRUM,Byz-NSGDM,0,0.2
1500,81.35016025641026,BF,KRUM,Byz-NSGDM,0,0.2
30,89.60336538461539,mimic,KRUM,Baseline-Decay,0,0.2
60,92.64823717948718,mimic,KRUM,Baseline-Decay,0,0.2
90,94.12059294871794,mimic,KRUM,Baseline-Decay,0,0.2
120,95.11217948717949,mimic,KRUM,Baseline-Decay,0,0.2
150,95.65304487179488,mimic,KRUM,Baseline-Decay,0,0.2
180,96.0136217948718,mimic,KRUM,Baseline-Decay,0,0.2
210,96.37419871794872,mimic,KRUM,Baseline-Decay,0,0.2
240,96.71474358974359,mimic,KRUM,Baseline-Decay,0,0.2
270,97.03525641025641,mimic,KRUM,Baseline-Decay,0,0.2
300,96.93509615384616,mimic,KRUM,Baseline-Decay,0,0.2
330,97.48597756410257,mimic,KRUM,Baseline-Decay,0,0.2
360,97.10536858974359,mimic,KRUM,Baseline-Decay,0,0.2
390,97.6161858974359,mimic,KRUM,Baseline-Decay,0,0.2
420,97.51602564102564,mimic,KRUM,Baseline-Decay,0,0.2
450,97.43589743589743,mimic,KRUM,Baseline-Decay,0,0.2
480,97.83653846153847,mimic,KRUM,Baseline-Decay,0,0.2
510,97.86658653846153,mimic,KRUM,Baseline-Decay,0,0.2
540,97.64623397435898,mimic,KRUM,Baseline-Decay,0,0.2
570,97.76642628205128,mimic,KRUM,Baseline-Decay,0,0.2
600,97.91666666666667,mimic,KRUM,Baseline-Decay,0,0.2
630,98.10697115384616,mimic,KRUM,Baseline-Decay,0,0.2
660,98.1270032051282,mimic,KRUM,Baseline-Decay,0,0.2
690,98.1670673076923,mimic,KRUM,Baseline-Decay,0,0.2
720,98.19711538461539,mimic,KRUM,Baseline-Decay,0,0.2
750,98.23717948717949,mimic,KRUM,Baseline-Decay,0,0.2
780,98.3173076923077,mimic,KRUM,Baseline-Decay,0,0.2
810,98.25721153846153,mimic,KRUM,Baseline-Decay,0,0.2
840,98.32732371794872,mimic,KRUM,Baseline-Decay,0,0.2
870,98.4375,mimic,KRUM,Baseline-Decay,0,0.2
900,98.41746794871794,mimic,KRUM,Baseline-Decay,0,0.2
930,98.3974358974359,mimic,KRUM,Baseline-Decay,0,0.2
960,98.4375,mimic,KRUM,Baseline-Decay,0,0.2
990,98.45753205128206,mimic,KRUM,Baseline-Decay,0,0.2
1020,98.44751602564102,mimic,KRUM,Baseline-Decay,0,0.2
1050,98.33733974358974,mimic,KRUM,Baseline-Decay,0,0.2
1080,98.4775641025641,mimic,KRUM,Baseline-Decay,0,0.2
1110,98.49759615384616,mimic,KRUM,Baseline-Decay,0,0.2
1140,98.46754807692308,mimic,KRUM,Baseline-Decay,0,0.2
1170,98.5176282051282,mimic,KRUM,Baseline-Decay,0,0.2
1200,98.46754807692308,mimic,KRUM,Baseline-Decay,0,0.2
1230,98.4775641025641,mimic,KRUM,Baseline-Decay,0,0.2
1260,98.40745192307692,mimic,KRUM,Baseline-Decay,0,0.2
1290,98.50761217948718,mimic,KRUM,Baseline-Decay,0,0.2
1320,98.45753205128206,mimic,KRUM,Baseline-Decay,0,0.2
1350,98.48758012820512,mimic,KRUM,Baseline-Decay,0,0.2
1380,98.64783653846153,mimic,KRUM,Baseline-Decay,0,0.2
1410,98.56770833333333,mimic,KRUM,Baseline-Decay,0,0.2
1440,98.60777243589743,mimic,KRUM,Baseline-Decay,0,0.2
1470,98.62780448717949,mimic,KRUM,Baseline-Decay,0,0.2
1500,98.58774038461539,mimic,KRUM,Baseline-Decay,0,0.2
30,70.1923076923077,LF,KRUM,Baseline,0,0.005
60,68.82011217948718,LF,KRUM,Baseline,0,0.005
90,79.57732371794872,LF,KRUM,Baseline,0,0.005
120,81.75080128205128,LF,KRUM,Baseline,0,0.005
150,83.2832532051282,LF,KRUM,Baseline,0,0.005
180,83.79407051282051,LF,KRUM,Baseline,0,0.005
210,84.42508012820512,LF,KRUM,Baseline,0,0.005
240,85.08613782051282,LF,KRUM,Baseline,0,0.005
270,84.98597756410257,LF,KRUM,Baseline,0,0.005
300,85.36658653846153,LF,KRUM,Baseline,0,0.005
330,85.88741987179488,LF,KRUM,Baseline,0,0.005
360,85.96754807692308,LF,KRUM,Baseline,0,0.005
390,86.07772435897436,LF,KRUM,Baseline,0,0.005
420,86.3681891025641,LF,KRUM,Baseline,0,0.005
450,86.25801282051282,LF,KRUM,Baseline,0,0.005
480,86.52844551282051,LF,KRUM,Baseline,0,0.005
510,86.56850961538461,LF,KRUM,Baseline,0,0.005
540,86.6786858974359,LF,KRUM,Baseline,0,0.005
570,86.57852564102564,LF,KRUM,Baseline,0,0.005
600,86.65865384615384,LF,KRUM,Baseline,0,0.005
630,87.0292467948718,LF,KRUM,Baseline,0,0.005
660,86.85897435897436,LF,KRUM,Baseline,0,0.005
690,87.20953525641026,LF,KRUM,Baseline,0,0.005
720,87.1895032051282,LF,KRUM,Baseline,0,0.005
750,87.20953525641026,LF,KRUM,Baseline,0,0.005
780,87.34975961538461,LF,KRUM,Baseline,0,0.005
810,87.51001602564102,LF,KRUM,Baseline,0,0.005
840,87.24959935897436,LF,KRUM,Baseline,0,0.005
870,87.69030448717949,LF,KRUM,Baseline,0,0.005
900,87.5400641025641,LF,KRUM,Baseline,0,0.005
930,88.03084935897436,LF,KRUM,Baseline,0,0.005
960,87.94070512820512,LF,KRUM,Baseline,0,0.005
990,87.96073717948718,LF,KRUM,Baseline,0,0.005
1020,87.90064102564102,LF,KRUM,Baseline,0,0.005
1050,87.8104967948718,LF,KRUM,Baseline,0,0.005
1080,87.99078525641026,LF,KRUM,Baseline,0,0.005
1110,87.76041666666667,LF,KRUM,Baseline,0,0.005
1140,87.86057692307692,LF,KRUM,Baseline,0,0.005
1170,87.890625,LF,KRUM,Baseline,0,0.005
1200,88.23116987179488,LF,KRUM,Baseline,0,0.005
1230,88.2011217948718,LF,KRUM,Baseline,0,0.005
1260,88.08092948717949,LF,KRUM,Baseline,0,0.005
1290,88.10096153846153,LF,KRUM,Baseline,0,0.005
1320,88.14102564102564,LF,KRUM,Baseline,0,0.005
1350,88.31129807692308,LF,KRUM,Baseline,0,0.005
1380,88.19110576923077,LF,KRUM,Baseline,0,0.005
1410,88.33133012820512,LF,KRUM,Baseline,0,0.005
1440,88.2011217948718,LF,KRUM,Baseline,0,0.005
1470,88.41145833333333,LF,KRUM,Baseline,0,0.005
1500,88.4014423076923,LF,KRUM,Baseline,0,0.005
30,29.11658653846154,mimic,RFA,Byz-NSGDM,0,0.01
60,41.015625,mimic,RFA,Byz-NSGDM,0,0.01
90,47.06530448717949,mimic,RFA,Byz-NSGDM,0,0.01
120,50.45072115384615,mimic,RFA,Byz-NSGDM,0,0.01
150,52.93469551282051,mimic,RFA,Byz-NSGDM,0,0.01
180,55.01802884615385,mimic,RFA,Byz-NSGDM,0,0.01
210,56.62059294871795,mimic,RFA,Byz-NSGDM,0,0.01
240,57.41185897435897,mimic,RFA,Byz-NSGDM,0,0.01
270,57.311698717948715,mimic,RFA,Byz-NSGDM,0,0.01
300,56.640625,mimic,RFA,Byz-NSGDM,0,0.01
330,56.330128205128204,mimic,RFA,Byz-NSGDM,0,0.01
360,54.44711538461539,mimic,RFA,Byz-NSGDM,0,0.01
390,52.49399038461539,mimic,RFA,Byz-NSGDM,0,0.01
420,49.5693108974359,mimic,RFA,Byz-NSGDM,0,0.01
450,47.24559294871795,mimic,RFA,Byz-NSGDM,0,0.01
480,45.77323717948718,mimic,RFA,Byz-NSGDM,0,0.01
510,45.28245192307692,mimic,RFA,Byz-NSGDM,0,0.01
540,45.592948717948715,mimic,RFA,Byz-NSGDM,0,0.01
570,46.18389423076923,mimic,RFA,Byz-NSGDM,0,0.01
600,47.02524038461539,mimic,RFA,Byz-NSGDM,0,0.01
630,48.03685897435897,mimic,RFA,Byz-NSGDM,0,0.01
660,49.26883012820513,mimic,RFA,Byz-NSGDM,0,0.01
690,50.01001602564103,mimic,RFA,Byz-NSGDM,0,0.01
720,50.891426282051285,mimic,RFA,Byz-NSGDM,0,0.01
750,51.80288461538461,mimic,RFA,Byz-NSGDM,0,0.01
780,52.6943108974359,mimic,RFA,Byz-NSGDM,0,0.01
810,53.42548076923077,mimic,RFA,Byz-NSGDM,0,0.01
840,54.17668269230769,mimic,RFA,Byz-NSGDM,0,0.01
870,54.82772435897436,mimic,RFA,Byz-NSGDM,0,0.01
900,55.358573717948715,mimic,RFA,Byz-NSGDM,0,0.01
930,55.92948717948718,mimic,RFA,Byz-NSGDM,0,0.01
960,56.37019230769231,mimic,RFA,Byz-NSGDM,0,0.01
990,56.87099358974359,mimic,RFA,Byz-NSGDM,0,0.01
1020,57.27163461538461,mimic,RFA,Byz-NSGDM,0,0.01
1050,57.79246794871795,mimic,RFA,Byz-NSGDM,0,0.01
1080,58.2431891025641,mimic,RFA,Byz-NSGDM,0,0.01
1110,58.64383012820513,mimic,RFA,Byz-NSGDM,0,0.01
1140,59.10456730769231,mimic,RFA,Byz-NSGDM,0,0.01
1170,59.43509615384615,mimic,RFA,Byz-NSGDM,0,0.01
1200,59.74559294871795,mimic,RFA,Byz-NSGDM,0,0.01
1230,60.34655448717949,mimic,RFA,Byz-NSGDM,0,0.01
1260,60.79727564102564,mimic,RFA,Byz-NSGDM,0,0.01
1290,61.438301282051285,mimic,RFA,Byz-NSGDM,0,0.01
1320,61.98918269230769,mimic,RFA,Byz-NSGDM,0,0.01
1350,62.07932692307692,mimic,RFA,Byz-NSGDM,0,0.01
1380,62.19951923076923,mimic,RFA,Byz-NSGDM,0,0.01
1410,62.28966346153846,mimic,RFA,Byz-NSGDM,0,0.01
1440,62.34975961538461,mimic,RFA,Byz-NSGDM,0,0.01
1470,62.5,mimic,RFA,Byz-NSGDM,0,0.01
1500,62.5,mimic,RFA,Byz-NSGDM,0,0.01
30,64.60336538461539,BF,RFA,Byz-NSGDM,0,0.1
60,78.2051282051282,BF,RFA,Byz-NSGDM,0,0.1
90,74.5693108974359,BF,RFA,Byz-NSGDM,0,0.1
120,77.72435897435898,BF,RFA,Byz-NSGDM,0,0.1
150,80.78926282051282,BF,RFA,Byz-NSGDM,0,0.1
180,81.46033653846153,BF,RFA,Byz-NSGDM,0,0.1
210,81.84094551282051,BF,RFA,Byz-NSGDM,0,0.1
240,82.84254807692308,BF,RFA,Byz-NSGDM,0,0.1
270,82.71233974358974,BF,RFA,Byz-NSGDM,0,0.1
300,83.10296474358974,BF,RFA,Byz-NSGDM,0,0.1
330,83.6338141025641,BF,RFA,Byz-NSGDM,0,0.1
360,83.92427884615384,BF,RFA,Byz-NSGDM,0,0.1
390,83.87419871794872,BF,RFA,Byz-NSGDM,0,0.1
420,84.59535256410257,BF,RFA,Byz-NSGDM,0,0.1
450,84.6454326923077,BF,RFA,Byz-NSGDM,0,0.1
480,84.52524038461539,BF,RFA,Byz-NSGDM,0,0.1
510,84.78565705128206,BF,RFA,Byz-NSGDM,0,0.1
540,85.08613782051282,BF,RFA,Byz-NSGDM,0,0.1
570,84.62540064102564,BF,RFA,Byz-NSGDM,0,0.1
600,84.94591346153847,BF,RFA,Byz-NSGDM,0,0.1
630,85.00600961538461,BF,RFA,Byz-NSGDM,0,0.1
660,84.7255608974359,BF,RFA,Byz-NSGDM,0,0.1
690,85.06610576923077,BF,RFA,Byz-NSGDM,0,0.1
720,85.4667467948718,BF,RFA,Byz-NSGDM,0,0.1
750,85.04607371794872,BF,RFA,Byz-NSGDM,0,0.1
780,85.2764423076923,BF,RFA,Byz-NSGDM,0,0.1
810,85.4266826923077,BF,RFA,Byz-NSGDM,0,0.1
840,85.16626602564102,BF,RFA,Byz-NSGDM,0,0.1
870,85.4667467948718,BF,RFA,Byz-NSGDM,0,0.1
900,85.24639423076923,BF,RFA,Byz-NSGDM,0,0.1
930,85.8173076923077,BF,RFA,Byz-NSGDM,0,0.1
960,85.90745192307692,BF,RFA,Byz-NSGDM,0,0.1
990,85.55689102564102,BF,RFA,Byz-NSGDM,0,0.1
1020,85.70713141025641,BF,RFA,Byz-NSGDM,0,0.1
1050,85.2764423076923,BF,RFA,Byz-NSGDM,0,0.1
1080,85.73717948717949,BF,RFA,Byz-NSGDM,0,0.1
1110,85.24639423076923,BF,RFA,Byz-NSGDM,0,0.1
1140,85.2363782051282,BF,RFA,Byz-NSGDM,0,0.1
1170,84.90584935897436,BF,RFA,Byz-NSGDM,0,0.1
1200,85.83733974358974,BF,RFA,Byz-NSGDM,0,0.1
1230,85.5869391025641,BF,RFA,Byz-NSGDM,0,0.1
1260,85.40665064102564,BF,RFA,Byz-NSGDM,0,0.1
1290,85.67708333333333,BF,RFA,Byz-NSGDM,0,0.1
1320,85.87740384615384,BF,RFA,Byz-NSGDM,0,0.1
1350,85.21634615384616,BF,RFA,Byz-NSGDM,0,0.1
1380,84.71554487179488,BF,RFA,Byz-NSGDM,0,0.1
1410,85.86738782051282,BF,RFA,Byz-NSGDM,0,0.1
1440,85.5869391025641,BF,RFA,Byz-NSGDM,0,0.1
1470,84.92588141025641,BF,RFA,Byz-NSGDM,0,0.1
1500,85.79727564102564,BF,RFA,Byz-NSGDM,0,0.1
30,81.83092948717949,LF,CM,Baseline,123,0.01
60,89.84375,LF,CM,Baseline,123,0.01
90,91.86698717948718,LF,CM,Baseline,123,0.01
120,92.82852564102564,LF,CM,Baseline,123,0.01
150,93.54967948717949,LF,CM,Baseline,123,0.01
180,93.92027243589743,LF,CM,Baseline,123,0.01
210,93.94030448717949,LF,CM,Baseline,123,0.01
240,95.18229166666667,LF,CM,Baseline,123,0.01
270,95.29246794871794,LF,CM,Baseline,123,0.01
300,95.25240384615384,LF,CM,Baseline,123,0.01
330,95.77323717948718,LF,CM,Baseline,123,0.01
360,96.00360576923077,LF,CM,Baseline,123,0.01
390,96.2139423076923,LF,CM,Baseline,123,0.01
420,96.49439102564102,LF,CM,Baseline,123,0.01
450,96.63461538461539,LF,CM,Baseline,123,0.01
480,96.61458333333333,LF,CM,Baseline,123,0.01
510,96.49439102564102,LF,CM,Baseline,123,0.01
540,96.94511217948718,LF,CM,Baseline,123,0.01
570,97.13541666666667,LF,CM,Baseline,123,0.01
600,97.31570512820512,LF,CM,Baseline,123,0.01
630,97.39583333333333,LF,CM,Baseline,123,0.01
660,97.39583333333333,LF,CM,Baseline,123,0.01
690,97.24559294871794,LF,CM,Baseline,123,0.01
720,97.70633012820512,LF,CM,Baseline,123,0.01
750,97.59615384615384,LF,CM,Baseline,123,0.01
780,97.7363782051282,LF,CM,Baseline,123,0.01
810,97.80649038461539,LF,CM,Baseline,123,0.01
840,97.62620192307692,LF,CM,Baseline,123,0.01
870,97.81650641025641,LF,CM,Baseline,123,0.01
900,98.1270032051282,LF,CM,Baseline,123,0.01
930,98.10697115384616,LF,CM,Baseline,123,0.01
960,97.94671474358974,LF,CM,Baseline,123,0.01
990,98.14703525641026,LF,CM,Baseline,123,0.01
1020,98.14703525641026,LF,CM,Baseline,123,0.01
1050,98.24719551282051,LF,CM,Baseline,123,0.01
1080,98.22716346153847,LF,CM,Baseline,123,0.01
1110,98.20713141025641,LF,CM,Baseline,123,0.01
1140,98.36738782051282,LF,CM,Baseline,123,0.01
1170,98.13701923076923,LF,CM,Baseline,123,0.01
1200,98.41746794871794,LF,CM,Baseline,123,0.01
1230,98.1670673076923,LF,CM,Baseline,123,0.01
1260,98.26722756410257,LF,CM,Baseline,123,0.01
1290,98.32732371794872,LF,CM,Baseline,123,0.01
1320,98.36738782051282,LF,CM,Baseline,123,0.01
1350,98.40745192307692,LF,CM,Baseline,123,0.01
1380,98.32732371794872,LF,CM,Baseline,123,0.01
1410,98.41746794871794,LF,CM,Baseline,123,0.01
1440,98.3573717948718,LF,CM,Baseline,123,0.01
1470,98.36738782051282,LF,CM,Baseline,123,0.01
1500,98.44751602564102,LF,CM,Baseline,123,0.01
30,91.68669871794872,LF,CM,Baseline-Decay,0,0.2
60,94.11057692307692,LF,CM,Baseline-Decay,0,0.2
90,85.80729166666667,LF,CM,Baseline-Decay,0,0.2
120,86.54847756410257,LF,CM,Baseline-Decay,0,0.2
150,87.09935897435898,LF,CM,Baseline-Decay,0,0.2
180,87.34975961538461,LF,CM,Baseline-Decay,0,0.2
210,87.64022435897436,LF,CM,Baseline-Decay,0,0.2
240,87.79046474358974,LF,CM,Baseline-Decay,0,0.2
270,87.8104967948718,LF,CM,Baseline-Decay,0,0.2
300,87.94070512820512,LF,CM,Baseline-Decay,0,0.2
330,87.96073717948718,LF,CM,Baseline-Decay,0,0.2
360,88.11097756410257,LF,CM,Baseline-Decay,0,0.2
390,88.21113782051282,LF,CM,Baseline-Decay,0,0.2
420,88.2011217948718,LF,CM,Baseline-Decay,0,0.2
450,88.25120192307692,LF,CM,Baseline-Decay,0,0.2
480,88.34134615384616,LF,CM,Baseline-Decay,0,0.2
510,88.43149038461539,LF,CM,Baseline-Decay,0,0.2
540,88.42147435897436,LF,CM,Baseline-Decay,0,0.2
570,88.45152243589743,LF,CM,Baseline-Decay,0,0.2
600,88.49158653846153,LF,CM,Baseline-Decay,0,0.2
630,88.52163461538461,LF,CM,Baseline-Decay,0,0.2
660,88.48157051282051,LF,CM,Baseline-Decay,0,0.2
690,88.58173076923077,LF,CM,Baseline-Decay,0,0.2
720,88.57171474358974,LF,CM,Baseline-Decay,0,0.2
750,88.47155448717949,LF,CM,Baseline-Decay,0,0.2
780,88.60176282051282,LF,CM,Baseline-Decay,0,0.2
810,88.671875,LF,CM,Baseline-Decay,0,0.2
840,88.60176282051282,LF,CM,Baseline-Decay,0,0.2
870,88.60176282051282,LF,CM,Baseline-Decay,0,0.2
900,88.61177884615384,LF,CM,Baseline-Decay,0,0.2
930,88.61177884615384,LF,CM,Baseline-Decay,0,0.2
960,88.5917467948718,LF,CM,Baseline-Decay,0,0.2
990,88.62179487179488,LF,CM,Baseline-Decay,0,0.2
1020,88.70192307692308,LF,CM,Baseline-Decay,0,0.2
1050,88.72195512820512,LF,CM,Baseline-Decay,0,0.2
1080,88.72195512820512,LF,CM,Baseline-Decay,0,0.2
1110,88.7119391025641,LF,CM,Baseline-Decay,0,0.2
1140,88.68189102564102,LF,CM,Baseline-Decay,0,0.2
1170,88.64182692307692,LF,CM,Baseline-Decay,0,0.2
1200,88.77203525641026,LF,CM,Baseline-Decay,0,0.2
1230,88.70192307692308,LF,CM,Baseline-Decay,0,0.2
1260,88.77203525641026,LF,CM,Baseline-Decay,0,0.2
1290,88.69190705128206,LF,CM,Baseline-Decay,0,0.2
1320,88.74198717948718,LF,CM,Baseline-Decay,0,0.2
1350,88.80208333333333,LF,CM,Baseline-Decay,0,0.2
1380,88.77203525641026,LF,CM,Baseline-Decay,0,0.2
1410,88.77203525641026,LF,CM,Baseline-Decay,0,0.2
1440,88.72195512820512,LF,CM,Baseline-Decay,0,0.2
1470,88.78205128205128,LF,CM,Baseline-Decay,0,0.2
1500,88.78205128205128,LF,CM,Baseline-Decay,0,0.2
30,87.19951923076923,mimic,RFA,Baseline-Decay,0,0.1
60,91.97716346153847,mimic,RFA,Baseline-Decay,0,0.1
90,92.23758012820512,mimic,RFA,Baseline-Decay,0,0.1
120,93.72996794871794,mimic,RFA,Baseline-Decay,0,0.1
150,94.48116987179488,mimic,RFA,Baseline-Decay,0,0.1
180,94.72155448717949,mimic,RFA,Baseline-Decay,0,0.1
210,94.94190705128206,mimic,RFA,Baseline-Decay,0,0.1
240,95.51282051282051,mimic,RFA,Baseline-Decay,0,0.1
270,95.7832532051282,mimic,RFA,Baseline-Decay,0,0.1
300,95.88341346153847,mimic,RFA,Baseline-Decay,0,0.1
330,96.23397435897436,mimic,RFA,Baseline-Decay,0,0.1
360,96.20392628205128,mimic,RFA,Baseline-Decay,0,0.1
390,96.5244391025641,mimic,RFA,Baseline-Decay,0,0.1
420,96.59455128205128,mimic,RFA,Baseline-Decay,0,0.1
450,96.55448717948718,mimic,RFA,Baseline-Decay,0,0.1
480,96.875,mimic,RFA,Baseline-Decay,0,0.1
510,96.98517628205128,mimic,RFA,Baseline-Decay,0,0.1
540,96.81490384615384,mimic,RFA,Baseline-Decay,0,0.1
570,96.93509615384616,mimic,RFA,Baseline-Decay,0,0.1
600,97.07532051282051,mimic,RFA,Baseline-Decay,0,0.1
630,97.19551282051282,mimic,RFA,Baseline-Decay,0,0.1
660,97.17548076923077,mimic,RFA,Baseline-Decay,0,0.1
690,97.25560897435898,mimic,RFA,Baseline-Decay,0,0.1
720,97.28565705128206,mimic,RFA,Baseline-Decay,0,0.1
750,97.28565705128206,mimic,RFA,Baseline-Decay,0,0.1
780,97.36578525641026,mimic,RFA,Baseline-Decay,0,0.1
810,97.3056891025641,mimic,RFA,Baseline-Decay,0,0.1
840,97.47596153846153,mimic,RFA,Baseline-Decay,0,0.1
870,97.56610576923077,mimic,RFA,Baseline-Decay,0,0.1
900,97.63621794871794,mimic,RFA,Baseline-Decay,0,0.1
930,97.63621794871794,mimic,RFA,Baseline-Decay,0,0.1
960,97.67628205128206,mimic,RFA,Baseline-Decay,0,0.1
990,97.60616987179488,mimic,RFA,Baseline-Decay,0,0.1
1020,97.66626602564102,mimic,RFA,Baseline-Decay,0,0.1
1050,97.62620192307692,mimic,RFA,Baseline-Decay,0,0.1
1080,97.70633012820512,mimic,RFA,Baseline-Decay,0,0.1
1110,97.78645833333333,mimic,RFA,Baseline-Decay,0,0.1
1140,97.83653846153847,mimic,RFA,Baseline-Decay,0,0.1
1170,97.87660256410257,mimic,RFA,Baseline-Decay,0,0.1
1200,97.80649038461539,mimic,RFA,Baseline-Decay,0,0.1
1230,97.87660256410257,mimic,RFA,Baseline-Decay,0,0.1
1260,97.84655448717949,mimic,RFA,Baseline-Decay,0,0.1
1290,97.85657051282051,mimic,RFA,Baseline-Decay,0,0.1
1320,97.86658653846153,mimic,RFA,Baseline-Decay,0,0.1
1350,97.91666666666667,mimic,RFA,Baseline-Decay,0,0.1
1380,97.99679487179488,mimic,RFA,Baseline-Decay,0,0.1
1410,97.98677884615384,mimic,RFA,Baseline-Decay,0,0.1
1440,97.99679487179488,mimic,RFA,Baseline-Decay,0,0.1
1470,98.10697115384616,mimic,RFA,Baseline-Decay,0,0.1
1500,98.03685897435898,mimic,RFA,Baseline-Decay,0,0.1
30,90.5448717948718,LF,KRUM,Baseline-Decay,0,0.2
60,84.46514423076923,LF,KRUM,Baseline-Decay,0,0.2
90,85.91746794871794,LF,KRUM,Baseline-Decay,0,0.2
120,86.61858974358974,LF,KRUM,Baseline-Decay,0,0.2
150,87.15945512820512,LF,KRUM,Baseline-Decay,0,0.2
180,87.27964743589743,LF,KRUM,Baseline-Decay,0,0.2
210,87.56009615384616,LF,KRUM,Baseline-Decay,0,0.2
240,87.8104967948718,LF,KRUM,Baseline-Decay,0,0.2
270,87.890625,LF,KRUM,Baseline-Decay,0,0.2
300,87.9306891025641,LF,KRUM,Baseline-Decay,0,0.2
330,88.02083333333333,LF,KRUM,Baseline-Decay,0,0.2
360,88.17107371794872,LF,KRUM,Baseline-Decay,0,0.2
390,88.18108974358974,LF,KRUM,Baseline-Decay,0,0.2
420,88.27123397435898,LF,KRUM,Baseline-Decay,0,0.2
450,88.34134615384616,LF,KRUM,Baseline-Decay,0,0.2
480,88.37139423076923,LF,KRUM,Baseline-Decay,0,0.2
510,88.42147435897436,LF,KRUM,Baseline-Decay,0,0.2
540,88.43149038461539,LF,KRUM,Baseline-Decay,0,0.2
570,88.42147435897436,LF,KRUM,Baseline-Decay,0,0.2
600,88.41145833333333,LF,KRUM,Baseline-Decay,0,0.2
630,88.48157051282051,LF,KRUM,Baseline-Decay,0,0.2
660,88.52163461538461,LF,KRUM,Baseline-Decay,0,0.2
690,88.6318108974359,LF,KRUM,Baseline-Decay,0,0.2
720,88.56169871794872,LF,KRUM,Baseline-Decay,0,0.2
750,88.57171474358974,LF,KRUM,Baseline-Decay,0,0.2
780,88.6318108974359,LF,KRUM,Baseline-Decay,0,0.2
810,88.6318108974359,LF,KRUM,Baseline-Decay,0,0.2
840,88.6318108974359,LF,KRUM,Baseline-Decay,0,0.2
870,88.671875,LF,KRUM,Baseline-Decay,0,0.2
900,88.671875,LF,KRUM,Baseline-Decay,0,0.2
930,88.70192307692308,LF,KRUM,Baseline-Decay,0,0.2
960,88.76201923076923,LF,KRUM,Baseline-Decay,0,0.2
990,88.69190705128206,LF,KRUM,Baseline-Decay,0,0.2
1020,88.74198717948718,LF,KRUM,Baseline-Decay,0,0.2
1050,88.81209935897436,LF,KRUM,Baseline-Decay,0,0.2
1080,88.7920673076923,LF,KRUM,Baseline-Decay,0,0.2
1110,88.77203525641026,LF,KRUM,Baseline-Decay,0,0.2
1140,88.73197115384616,LF,KRUM,Baseline-Decay,0,0.2
1170,88.76201923076923,LF,KRUM,Baseline-Decay,0,0.2
1200,88.85216346153847,LF,KRUM,Baseline-Decay,0,0.2
1230,88.76201923076923,LF,KRUM,Baseline-Decay,0,0.2
1260,88.84214743589743,LF,KRUM,Baseline-Decay,0,0.2
1290,88.78205128205128,LF,KRUM,Baseline-Decay,0,0.2
1320,88.84214743589743,LF,KRUM,Baseline-Decay,0,0.2
1350,88.83213141025641,LF,KRUM,Baseline-Decay,0,0.2
1380,88.80208333333333,LF,KRUM,Baseline-Decay,0,0.2
1410,88.91225961538461,LF,KRUM,Baseline-Decay,0,0.2
1440,88.80208333333333,LF,KRUM,Baseline-Decay,0,0.2
1470,88.91225961538461,LF,KRUM,Baseline-Decay,0,0.2
1500,88.86217948717949,LF,KRUM,Baseline-Decay,0,0.2
30,20.763221153846153,mimic,RFA,Byz-NSGDM,0,0.005
60,27.053285256410255,mimic,RFA,Byz-NSGDM,0,0.005
90,29.937900641025642,mimic,RFA,Byz-NSGDM,0,0.005
120,31.931089743589745,mimic,RFA,Byz-NSGDM,0,0.005
150,35.31650641025641,mimic,RFA,Byz-NSGDM,0,0.005
180,39.04246794871795,mimic,RFA,Byz-NSGDM,0,0.005
210,42.087339743589745,mimic,RFA,Byz-NSGDM,0,0.005
30,57.8525641025641,mimic,CM,Byz-NSGDM,42,0.1
60,72.82652243589743,mimic,CM,Byz-NSGDM,42,0.1
90,74.30889423076923,mimic,CM,Byz-NSGDM,42,0.1
120,78.515625,mimic,CM,Byz-NSGDM,42,0.1
150,80.45873397435898,mimic,CM,Byz-NSGDM,42,0.1
180,81.80088141025641,mimic,CM,Byz-NSGDM,42,0.1
210,82.06129807692308,mimic,CM,Byz-NSGDM,42,0.1
240,82.95272435897436,mimic,CM,Byz-NSGDM,42,0.1
270,82.97275641025641,mimic,CM,Byz-NSGDM,42,0.1
300,83.2431891025641,mimic,CM,Byz-NSGDM,42,0.1
330,83.7139423076923,mimic,CM,Byz-NSGDM,42,0.1
360,83.99439102564102,mimic,CM,Byz-NSGDM,42,0.1
390,83.96434294871794,mimic,CM,Byz-NSGDM,42,0.1
420,84.30488782051282,mimic,CM,Byz-NSGDM,42,0.1
450,84.67548076923077,mimic,CM,Byz-NSGDM,42,0.1
480,84.52524038461539,mimic,CM,Byz-NSGDM,42,0.1
510,85.14623397435898,mimic,CM,Byz-NSGDM,42,0.1
540,84.99599358974359,mimic,CM,Byz-NSGDM,42,0.1
570,85.06610576923077,mimic,CM,Byz-NSGDM,42,0.1
600,85.2764423076923,mimic,CM,Byz-NSGDM,42,0.1
630,85.37660256410257,mimic,CM,Byz-NSGDM,42,0.1
660,85.22636217948718,mimic,CM,Byz-NSGDM,42,0.1
690,85.57692307692308,mimic,CM,Byz-NSGDM,42,0.1
720,86.04767628205128,mimic,CM,Byz-NSGDM,42,0.1
750,85.68709935897436,mimic,CM,Byz-NSGDM,42,0.1
780,85.98758012820512,mimic,CM,Byz-NSGDM,42,0.1
810,86.00761217948718,mimic,CM,Byz-NSGDM,42,0.1
840,86.09775641025641,mimic,CM,Byz-NSGDM,42,0.1
870,85.96754807692308,mimic,CM,Byz-NSGDM,42,0.1
900,86.2880608974359,mimic,CM,Byz-NSGDM,42,0.1
930,86.18790064102564,mimic,CM,Byz-NSGDM,42,0.1
960,86.4082532051282,mimic,CM,Byz-NSGDM,42,0.1
990,86.51842948717949,mimic,CM,Byz-NSGDM,42,0.1
1020,86.51842948717949,mimic,CM,Byz-NSGDM,42,0.1
1050,86.49839743589743,mimic,CM,Byz-NSGDM,42,0.1
1080,86.42828525641026,mimic,CM,Byz-NSGDM,42,0.1
1110,86.6786858974359,mimic,CM,Byz-NSGDM,42,0.1
1140,86.68870192307692,mimic,CM,Byz-NSGDM,42,0.1
1170,86.70873397435898,mimic,CM,Byz-NSGDM,42,0.1
1200,86.7988782051282,mimic,CM,Byz-NSGDM,42,0.1
1230,86.78886217948718,mimic,CM,Byz-NSGDM,42,0.1
1260,86.82892628205128,mimic,CM,Byz-NSGDM,42,0.1
1290,86.6786858974359,mimic,CM,Byz-NSGDM,42,0.1
1320,86.8389423076923,mimic,CM,Byz-NSGDM,42,0.1
1350,86.90905448717949,mimic,CM,Byz-NSGDM,42,0.1
1380,86.86899038461539,mimic,CM,Byz-NSGDM,42,0.1
1410,87.00921474358974,mimic,CM,Byz-NSGDM,42,0.1
1440,86.94911858974359,mimic,CM,Byz-NSGDM,42,0.1
1470,87.00921474358974,mimic,CM,Byz-NSGDM,42,0.1
1500,87.04927884615384,mimic,CM,Byz-NSGDM,42,0.1
30,80.76923076923077,mimic,CM,Baseline-Decay,0,0.05
60,88.92227564102564,mimic,CM,Baseline-Decay,0,0.05
90,89.46314102564102,mimic,CM,Baseline-Decay,0,0.05
120,91.29607371794872,mimic,CM,Baseline-Decay,0,0.05
150,92.1073717948718,mimic,CM,Baseline-Decay,0,0.05
180,92.34775641025641,mimic,CM,Baseline-Decay,0,0.05
210,92.55809294871794,mimic,CM,Baseline-Decay,0,0.05
240,93.14903846153847,mimic,CM,Baseline-Decay,0,0.05
270,93.76001602564102,mimic,CM,Baseline-Decay,0,0.05
300,93.41947115384616,mimic,CM,Baseline-Decay,0,0.05
330,93.92027243589743,mimic,CM,Baseline-Decay,0,0.05
360,94.05048076923077,mimic,CM,Baseline-Decay,0,0.05
390,94.21073717948718,mimic,CM,Baseline-Decay,0,0.05
420,94.64142628205128,mimic,CM,Baseline-Decay,0,0.05
450,94.55128205128206,mimic,CM,Baseline-Decay,0,0.05
480,95.0420673076923,mimic,CM,Baseline-Decay,0,0.05
510,95.08213141025641,mimic,CM,Baseline-Decay,0,0.05
540,94.75160256410257,mimic,CM,Baseline-Decay,0,0.05
570,94.98197115384616,mimic,CM,Baseline-Decay,0,0.05
600,95.08213141025641,mimic,CM,Baseline-Decay,0,0.05
630,95.3125,mimic,CM,Baseline-Decay,0,0.05
660,95.30248397435898,mimic,CM,Baseline-Decay,0,0.05
690,95.32251602564102,mimic,CM,Baseline-Decay,0,0.05
720,95.46274038461539,mimic,CM,Baseline-Decay,0,0.05
750,95.56290064102564,mimic,CM,Baseline-Decay,0,0.05
780,95.5829326923077,mimic,CM,Baseline-Decay,0,0.05
810,95.61298076923077,mimic,CM,Baseline-Decay,0,0.05
840,95.53285256410257,mimic,CM,Baseline-Decay,0,0.05
870,95.68309294871794,mimic,CM,Baseline-Decay,0,0.05
900,95.81330128205128,mimic,CM,Baseline-Decay,0,0.05
930,95.92347756410257,mimic,CM,Baseline-Decay,0,0.05
960,96.06370192307692,mimic,CM,Baseline-Decay,0,0.05
990,96.08373397435898,mimic,CM,Baseline-Decay,0,0.05
1020,96.0136217948718,mimic,CM,Baseline-Decay,0,0.05
1050,95.86338141025641,mimic,CM,Baseline-Decay,0,0.05
1080,96.04366987179488,mimic,CM,Baseline-Decay,0,0.05
1110,96.16386217948718,mimic,CM,Baseline-Decay,0,0.05
1140,96.20392628205128,mimic,CM,Baseline-Decay,0,0.05
1170,96.38421474358974,mimic,CM,Baseline-Decay,0,0.05
1200,96.37419871794872,mimic,CM,Baseline-Decay,0,0.05
1230,96.41426282051282,mimic,CM,Baseline-Decay,0,0.05
1260,96.30408653846153,mimic,CM,Baseline-Decay,0,0.05
1290,96.33413461538461,mimic,CM,Baseline-Decay,0,0.05
1320,96.4443108974359,mimic,CM,Baseline-Decay,0,0.05
1350,96.37419871794872,mimic,CM,Baseline-Decay,0,0.05
1380,96.38421474358974,mimic,CM,Baseline-Decay,0,0.05
1410,96.49439102564102,mimic,CM,Baseline-Decay,0,0.05
1440,96.5645032051282,mimic,CM,Baseline-Decay,0,0.05
1470,96.73477564102564,mimic,CM,Baseline-Decay,0,0.05
1500,96.64463141025641,mimic,CM,Baseline-Decay,0,0.05
30,63.62179487179487,BF,KRUM,Byz-NSGDM,0,0.1
60,81.57051282051282,BF,KRUM,Byz-NSGDM,0,0.1
90,76.75280448717949,BF,KRUM,Byz-NSGDM,0,0.1
120,77.37379807692308,BF,KRUM,Byz-NSGDM,0,0.1
150,80.3485576923077,BF,KRUM,Byz-NSGDM,0,0.1
180,81.10977564102564,BF,KRUM,Byz-NSGDM,0,0.1
210,81.5204326923077,BF,KRUM,Byz-NSGDM,0,0.1
240,82.5020032051282,BF,KRUM,Byz-NSGDM,0,0.1
270,82.41185897435898,BF,KRUM,Byz-NSGDM,0,0.1
300,82.75240384615384,BF,KRUM,Byz-NSGDM,0,0.1
330,83.42347756410257,BF,KRUM,Byz-NSGDM,0,0.1
360,83.78405448717949,BF,KRUM,Byz-NSGDM,0,0.1
390,83.79407051282051,BF,KRUM,Byz-NSGDM,0,0.1
420,84.46514423076923,BF,KRUM,Byz-NSGDM,0,0.1
450,84.50520833333333,BF,KRUM,Byz-NSGDM,0,0.1
480,84.47516025641026,BF,KRUM,Byz-NSGDM,0,0.1
510,84.59535256410257,BF,KRUM,Byz-NSGDM,0,0.1
540,84.89583333333333,BF,KRUM,Byz-NSGDM,0,0.1
570,84.55528846153847,BF,KRUM,Byz-NSGDM,0,0.1
600,84.8858173076923,BF,KRUM,Byz-NSGDM,0,0.1
630,85.0360576923077,BF,KRUM,Byz-NSGDM,0,0.1
660,84.765625,BF,KRUM,Byz-NSGDM,0,0.1
690,84.85576923076923,BF,KRUM,Byz-NSGDM,0,0.1
720,85.34655448717949,BF,KRUM,Byz-NSGDM,0,0.1
750,84.97596153846153,BF,KRUM,Byz-NSGDM,0,0.1
780,85.14623397435898,BF,KRUM,Byz-NSGDM,0,0.1
810,85.36658653846153,BF,KRUM,Byz-NSGDM,0,0.1
840,85.13621794871794,BF,KRUM,Byz-NSGDM,0,0.1
870,85.33653846153847,BF,KRUM,Byz-NSGDM,0,0.1
900,85.10616987179488,BF,KRUM,Byz-NSGDM,0,0.1
930,85.79727564102564,BF,KRUM,Byz-NSGDM,0,0.1
960,85.82732371794872,BF,KRUM,Byz-NSGDM,0,0.1
990,85.43669871794872,BF,KRUM,Byz-NSGDM,0,0.1
1020,85.52684294871794,BF,KRUM,Byz-NSGDM,0,0.1
1050,85.14623397435898,BF,KRUM,Byz-NSGDM,0,0.1
1080,85.6270032051282,BF,KRUM,Byz-NSGDM,0,0.1
1110,85.24639423076923,BF,KRUM,Byz-NSGDM,0,0.1
1140,85.16626602564102,BF,KRUM,Byz-NSGDM,0,0.1
1170,84.63541666666667,BF,KRUM,Byz-NSGDM,0,0.1
1200,85.78725961538461,BF,KRUM,Byz-NSGDM,0,0.1
1230,85.44671474358974,BF,KRUM,Byz-NSGDM,0,0.1
1260,85.57692307692308,BF,KRUM,Byz-NSGDM,0,0.1
1290,85.53685897435898,BF,KRUM,Byz-NSGDM,0,0.1
1320,85.64703525641026,BF,KRUM,Byz-NSGDM,0,0.1
1350,85.28645833333333,BF,KRUM,Byz-NSGDM,0,0.1
1380,84.50520833333333,BF,KRUM,Byz-NSGDM,0,0.1
1410,85.86738782051282,BF,KRUM,Byz-NSGDM,0,0.1
1440,85.45673076923077,BF,KRUM,Byz-NSGDM,0,0.1
1470,84.99599358974359,BF,KRUM,Byz-NSGDM,0,0.1
1500,85.90745192307692,BF,KRUM,Byz-NSGDM,0,0.1
30,74.12860576923077,BF,RFA,Baseline-Decay,42,0.05
60,82.01121794871794,BF,RFA,Baseline-Decay,42,0.05
90,81.5204326923077,BF,RFA,Baseline-Decay,42,0.05
120,82.02123397435898,BF,RFA,Baseline-Decay,42,0.05
150,83.75400641025641,BF,RFA,Baseline-Decay,42,0.05
180,84.16466346153847,BF,RFA,Baseline-Decay,42,0.05
210,84.28485576923077,BF,RFA,Baseline-Decay,42,0.05
240,84.94591346153847,BF,RFA,Baseline-Decay,42,0.05
270,84.77564102564102,BF,RFA,Baseline-Decay,42,0.05
300,85.24639423076923,BF,RFA,Baseline-Decay,42,0.05
330,85.546875,BF,RFA,Baseline-Decay,42,0.05
360,85.53685897435898,BF,RFA,Baseline-Decay,42,0.05
390,84.62540064102564,BF,RFA,Baseline-Decay,42,0.05
420,82.1514423076923,BF,RFA,Baseline-Decay,42,0.05
450,85.72716346153847,BF,RFA,Baseline-Decay,42,0.05
480,85.35657051282051,BF,RFA,Baseline-Decay,42,0.05
510,70.2323717948718,BF,RFA,Baseline-Decay,42,0.05
540,83.87419871794872,BF,RFA,Baseline-Decay,42,0.05
570,84.4551282051282,BF,RFA,Baseline-Decay,42,0.05
600,70.42267628205128,BF,RFA,Baseline-Decay,42,0.05
630,81.36017628205128,BF,RFA,Baseline-Decay,42,0.05
660,83.76402243589743,BF,RFA,Baseline-Decay,42,0.05
690,83.02283653846153,BF,RFA,Baseline-Decay,42,0.05
720,82.02123397435898,BF,RFA,Baseline-Decay,42,0.05
750,83.46354166666667,BF,RFA,Baseline-Decay,42,0.05
780,84.61538461538461,BF,RFA,Baseline-Decay,42,0.05
810,85.14623397435898,BF,RFA,Baseline-Decay,42,0.05
840,72.54607371794872,BF,RFA,Baseline-Decay,42,0.05
870,71.29407051282051,BF,RFA,Baseline-Decay,42,0.05
900,66.99719551282051,BF,RFA,Baseline-Decay,42,0.05
930,41.16586538461539,BF,RFA,Baseline-Decay,42,0.05
960,45.01201923076923,BF,RFA,Baseline-Decay,42,0.05
990,49.78966346153846,BF,RFA,Baseline-Decay,42,0.05
1020,49.45913461538461,BF,RFA,Baseline-Decay,42,0.05
1050,50.33052884615385,BF,RFA,Baseline-Decay,42,0.05
1080,49.96995192307692,BF,RFA,Baseline-Decay,42,0.05
1110,52.74439102564103,BF,RFA,Baseline-Decay,42,0.05
1140,54.32692307692308,BF,RFA,Baseline-Decay,42,0.05
1170,54.82772435897436,BF,RFA,Baseline-Decay,42,0.05
1200,54.977964743589745,BF,RFA,Baseline-Decay,42,0.05
1230,60.446714743589745,BF,RFA,Baseline-Decay,42,0.05
1260,59.85576923076923,BF,RFA,Baseline-Decay,42,0.05
1290,60.42668269230769,BF,RFA,Baseline-Decay,42,0.05
1320,59.93589743589744,BF,RFA,Baseline-Decay,42,0.05
1350,60.45673076923077,BF,RFA,Baseline-Decay,42,0.05
1380,63.19110576923077,BF,RFA,Baseline-Decay,42,0.05
1410,61.93910256410256,BF,RFA,Baseline-Decay,42,0.05
1440,60.45673076923077,BF,RFA,Baseline-Decay,42,0.05
1470,64.47315705128206,BF,RFA,Baseline-Decay,42,0.05
1500,61.80889423076923,BF,RFA,Baseline-Decay,42,0.05
30,9.314903846153847,LF,KRUM,Byz-NSGDM,0,0.001
60,10.496794871794872,LF,KRUM,Byz-NSGDM,0,0.001
90,11.408253205128204,LF,KRUM,Byz-NSGDM,0,0.001
120,11.989182692307692,LF,KRUM,Byz-NSGDM,0,0.001
150,12.419871794871796,LF,KRUM,Byz-NSGDM,0,0.001
180,12.810496794871796,LF,KRUM,Byz-NSGDM,0,0.001
210,13.231169871794872,LF,KRUM,Byz-NSGDM,0,0.001
240,13.541666666666666,LF,KRUM,Byz-NSGDM,0,0.001
270,13.852163461538462,LF,KRUM,Byz-NSGDM,0,0.001
300,14.0625,LF,KRUM,Byz-NSGDM,0,0.001
330,14.36298076923077,LF,KRUM,Byz-NSGDM,0,0.001
360,14.633413461538462,LF,KRUM,Byz-NSGDM,0,0.001
390,14.84375,LF,KRUM,Byz-NSGDM,0,0.001
420,15.104166666666666,LF,KRUM,Byz-NSGDM,0,0.001
450,15.284455128205128,LF,KRUM,Byz-NSGDM,0,0.001
480,15.474759615384615,LF,KRUM,Byz-NSGDM,0,0.001
510,15.775240384615385,LF,KRUM,Byz-NSGDM,0,0.001
540,16.12580128205128,LF,KRUM,Byz-NSGDM,0,0.001
570,16.306089743589745,LF,KRUM,Byz-NSGDM,0,0.001
600,16.56650641025641,LF,KRUM,Byz-NSGDM,0,0.001
630,16.95713141025641,LF,KRUM,Byz-NSGDM,0,0.001
660,17.247596153846153,LF,KRUM,Byz-NSGDM,0,0.001
690,17.59815705128205,LF,KRUM,Byz-NSGDM,0,0.001
720,17.958733974358974,LF,KRUM,Byz-NSGDM,0,0.001
750,18.419471153846153,LF,KRUM,Byz-NSGDM,0,0.001
780,18.800080128205128,LF,KRUM,Byz-NSGDM,0,0.001
810,19.170673076923077,LF,KRUM,Byz-NSGDM,0,0.001
840,19.44110576923077,LF,KRUM,Byz-NSGDM,0,0.001
870,19.861778846153847,LF,KRUM,Byz-NSGDM,0,0.001
900,20.122195512820515,LF,KRUM,Byz-NSGDM,0,0.001
930,20.512820512820515,LF,KRUM,Byz-NSGDM,0,0.001
960,20.713141025641026,LF,KRUM,Byz-NSGDM,0,0.001
990,21.053685897435898,LF,KRUM,Byz-NSGDM,0,0.001
1020,21.193910256410255,LF,KRUM,Byz-NSGDM,0,0.001
1050,21.444310897435898,LF,KRUM,Byz-NSGDM,0,0.001
1080,21.69471153846154,LF,KRUM,Byz-NSGDM,0,0.001
1110,21.905048076923077,LF,KRUM,Byz-NSGDM,0,0.001
1140,22.135416666666668,LF,KRUM,Byz-NSGDM,0,0.001
1170,22.295673076923077,LF,KRUM,Byz-NSGDM,0,0.001
1200,22.395833333333332,LF,KRUM,Byz-NSGDM,0,0.001
1230,22.576121794871796,LF,KRUM,Byz-NSGDM,0,0.001
1260,22.76642628205128,LF,KRUM,Byz-NSGDM,0,0.001
1290,22.916666666666668,LF,KRUM,Byz-NSGDM,0,0.001
1320,23.127003205128204,LF,KRUM,Byz-NSGDM,0,0.001
1350,23.287259615384617,LF,KRUM,Byz-NSGDM,0,0.001
1380,23.427483974358974,LF,KRUM,Byz-NSGDM,0,0.001
1410,23.557692307692307,LF,KRUM,Byz-NSGDM,0,0.001
1440,23.727964743589745,LF,KRUM,Byz-NSGDM,0,0.001
1470,23.818108974358974,LF,KRUM,Byz-NSGDM,0,0.001
1500,23.91826923076923,LF,KRUM,Byz-NSGDM,0,0.001
30,65.38461538461539,BF,RFA,Byz-NSGDM,42,0.1
60,71.77483974358974,BF,RFA,Byz-NSGDM,42,0.1
90,77.05328525641026,BF,RFA,Byz-NSGDM,42,0.1
120,79.32692307692308,BF,RFA,Byz-NSGDM,42,0.1
150,81.42027243589743,BF,RFA,Byz-NSGDM,42,0.1
180,82.02123397435898,BF,RFA,Byz-NSGDM,42,0.1
210,82.57211538461539,BF,RFA,Byz-NSGDM,42,0.1
240,83.25320512820512,BF,RFA,Byz-NSGDM,42,0.1
270,83.37339743589743,BF,RFA,Byz-NSGDM,42,0.1
300,83.80408653846153,BF,RFA,Byz-NSGDM,42,0.1
330,84.08453525641026,BF,RFA,Byz-NSGDM,42,0.1
360,84.48517628205128,BF,RFA,Byz-NSGDM,42,0.1
390,84.35496794871794,BF,RFA,Byz-NSGDM,42,0.1
420,84.60536858974359,BF,RFA,Byz-NSGDM,42,0.1
450,84.83573717948718,BF,RFA,Byz-NSGDM,42,0.1
480,84.79567307692308,BF,RFA,Byz-NSGDM,42,0.1
510,85.0761217948718,BF,RFA,Byz-NSGDM,42,0.1
540,85.2764423076923,BF,RFA,Byz-NSGDM,42,0.1
570,84.92588141025641,BF,RFA,Byz-NSGDM,42,0.1
600,85.15625,BF,RFA,Byz-NSGDM,42,0.1
630,85.36658653846153,BF,RFA,Byz-NSGDM,42,0.1
660,85.29647435897436,BF,RFA,Byz-NSGDM,42,0.1
690,85.1963141025641,BF,RFA,Byz-NSGDM,42,0.1
720,85.68709935897436,BF,RFA,Byz-NSGDM,42,0.1
750,85.30649038461539,BF,RFA,Byz-NSGDM,42,0.1
780,85.6670673076923,BF,RFA,Byz-NSGDM,42,0.1
810,85.70713141025641,BF,RFA,Byz-NSGDM,42,0.1
840,85.24639423076923,BF,RFA,Byz-NSGDM,42,0.1
870,85.25641025641026,BF,RFA,Byz-NSGDM,42,0.1
900,85.8173076923077,BF,RFA,Byz-NSGDM,42,0.1
930,85.88741987179488,BF,RFA,Byz-NSGDM,42,0.1
960,85.80729166666667,BF,RFA,Byz-NSGDM,42,0.1
990,85.92748397435898,BF,RFA,Byz-NSGDM,42,0.1
1020,85.70713141025641,BF,RFA,Byz-NSGDM,42,0.1
1050,85.65705128205128,BF,RFA,Byz-NSGDM,42,0.1
1080,85.83733974358974,BF,RFA,Byz-NSGDM,42,0.1
1110,85.8573717948718,BF,RFA,Byz-NSGDM,42,0.1
1140,85.98758012820512,BF,RFA,Byz-NSGDM,42,0.1
1170,85.94751602564102,BF,RFA,Byz-NSGDM,42,0.1
1200,86.00761217948718,BF,RFA,Byz-NSGDM,42,0.1
1230,86.00761217948718,BF,RFA,Byz-NSGDM,42,0.1
1260,85.99759615384616,BF,RFA,Byz-NSGDM,42,0.1
1290,85.91746794871794,BF,RFA,Byz-NSGDM,42,0.1
1320,85.88741987179488,BF,RFA,Byz-NSGDM,42,0.1
1350,85.69711538461539,BF,RFA,Byz-NSGDM,42,0.1
1380,85.51682692307692,BF,RFA,Byz-NSGDM,42,0.1
1410,86.07772435897436,BF,RFA,Byz-NSGDM,42,0.1
1440,85.2764423076923,BF,RFA,Byz-NSGDM,42,0.1
1470,85.90745192307692,BF,RFA,Byz-NSGDM,42,0.1
1500,86.11778846153847,BF,RFA,Byz-NSGDM,42,0.1
30,82.35176282051282,LF,CM,Byz-NSGDM,42,1.0
60,85.5068108974359,LF,CM,Byz-NSGDM,42,1.0
90,86.97916666666667,LF,CM,Byz-NSGDM,42,1.0
120,87.33974358974359,LF,CM,Byz-NSGDM,42,1.0
150,87.35977564102564,LF,CM,Byz-NSGDM,42,1.0
180,87.91065705128206,LF,CM,Byz-NSGDM,42,1.0
210,88.1610576923077,LF,CM,Byz-NSGDM,42,1.0
240,88.41145833333333,LF,CM,Byz-NSGDM,42,1.0
270,88.50160256410257,LF,CM,Byz-NSGDM,42,1.0
300,88.69190705128206,LF,CM,Byz-NSGDM,42,1.0
330,88.62179487179488,LF,CM,Byz-NSGDM,42,1.0
360,88.82211538461539,LF,CM,Byz-NSGDM,42,1.0
390,88.72195512820512,LF,CM,Byz-NSGDM,42,1.0
420,88.76201923076923,LF,CM,Byz-NSGDM,42,1.0
450,88.80208333333333,LF,CM,Byz-NSGDM,42,1.0
480,88.84214743589743,LF,CM,Byz-NSGDM,42,1.0
510,88.92227564102564,LF,CM,Byz-NSGDM,42,1.0
540,88.90224358974359,LF,CM,Byz-NSGDM,42,1.0
570,88.90224358974359,LF,CM,Byz-NSGDM,42,1.0
600,88.87219551282051,LF,CM,Byz-NSGDM,42,1.0
630,88.95232371794872,LF,CM,Byz-NSGDM,42,1.0
660,88.7920673076923,LF,CM,Byz-NSGDM,42,1.0
690,88.78205128205128,LF,CM,Byz-NSGDM,42,1.0
720,88.86217948717949,LF,CM,Byz-NSGDM,42,1.0
750,88.9423076923077,LF,CM,Byz-NSGDM,42,1.0
780,88.9823717948718,LF,CM,Byz-NSGDM,42,1.0
810,89.07251602564102,LF,CM,Byz-NSGDM,42,1.0
840,88.88221153846153,LF,CM,Byz-NSGDM,42,1.0
870,88.99238782051282,LF,CM,Byz-NSGDM,42,1.0
900,88.99238782051282,LF,CM,Byz-NSGDM,42,1.0
930,89.08253205128206,LF,CM,Byz-NSGDM,42,1.0
960,89.08253205128206,LF,CM,Byz-NSGDM,42,1.0
990,88.99238782051282,LF,CM,Byz-NSGDM,42,1.0
1020,89.12259615384616,LF,CM,Byz-NSGDM,42,1.0
1050,88.9823717948718,LF,CM,Byz-NSGDM,42,1.0
1080,89.09254807692308,LF,CM,Byz-NSGDM,42,1.0
1110,89.05248397435898,LF,CM,Byz-NSGDM,42,1.0
1140,88.9823717948718,LF,CM,Byz-NSGDM,42,1.0
1170,88.87219551282051,LF,CM,Byz-NSGDM,42,1.0
1200,89.09254807692308,LF,CM,Byz-NSGDM,42,1.0
1230,88.95232371794872,LF,CM,Byz-NSGDM,42,1.0
1260,89.12259615384616,LF,CM,Byz-NSGDM,42,1.0
1290,89.04246794871794,LF,CM,Byz-NSGDM,42,1.0
1320,88.96233974358974,LF,CM,Byz-NSGDM,42,1.0
1350,89.13261217948718,LF,CM,Byz-NSGDM,42,1.0
1380,88.97235576923077,LF,CM,Byz-NSGDM,42,1.0
1410,89.09254807692308,LF,CM,Byz-NSGDM,42,1.0
1440,89.04246794871794,LF,CM,Byz-NSGDM,42,1.0
1470,89.0625,LF,CM,Byz-NSGDM,42,1.0
1500,89.04246794871794,LF,CM,Byz-NSGDM,42,1.0
30,70.34254807692308,BF,KRUM,Byz-NSGDM,123,0.1
60,83.64383012820512,BF,KRUM,Byz-NSGDM,123,0.1
90,75.68108974358974,BF,KRUM,Byz-NSGDM,123,0.1
120,78.64583333333333,BF,KRUM,Byz-NSGDM,123,0.1
150,81.3701923076923,BF,KRUM,Byz-NSGDM,123,0.1
180,81.51041666666667,BF,KRUM,Byz-NSGDM,123,0.1
210,82.36177884615384,BF,KRUM,Byz-NSGDM,123,0.1
240,83.59375,BF,KRUM,Byz-NSGDM,123,0.1
270,83.54366987179488,BF,KRUM,Byz-NSGDM,123,0.1
300,83.5536858974359,BF,KRUM,Byz-NSGDM,123,0.1
330,84.23477564102564,BF,KRUM,Byz-NSGDM,123,0.1
360,84.56530448717949,BF,KRUM,Byz-NSGDM,123,0.1
390,84.20472756410257,BF,KRUM,Byz-NSGDM,123,0.1
420,84.87580128205128,BF,KRUM,Byz-NSGDM,123,0.1
450,84.78565705128206,BF,KRUM,Byz-NSGDM,123,0.1
480,84.82572115384616,BF,KRUM,Byz-NSGDM,123,0.1
510,85.00600961538461,BF,KRUM,Byz-NSGDM,123,0.1
540,85.15625,BF,KRUM,Byz-NSGDM,123,0.1
570,85.18629807692308,BF,KRUM,Byz-NSGDM,123,0.1
600,85.22636217948718,BF,KRUM,Byz-NSGDM,123,0.1
630,85.47676282051282,BF,KRUM,Byz-NSGDM,123,0.1
660,85.61698717948718,BF,KRUM,Byz-NSGDM,123,0.1
690,85.6270032051282,BF,KRUM,Byz-NSGDM,123,0.1
720,85.68709935897436,BF,KRUM,Byz-NSGDM,123,0.1
750,85.47676282051282,BF,KRUM,Byz-NSGDM,123,0.1
780,85.69711538461539,BF,KRUM,Byz-NSGDM,123,0.1
810,85.59695512820512,BF,KRUM,Byz-NSGDM,123,0.1
840,85.69711538461539,BF,KRUM,Byz-NSGDM,123,0.1
870,85.75721153846153,BF,KRUM,Byz-NSGDM,123,0.1
900,85.68709935897436,BF,KRUM,Byz-NSGDM,123,0.1
930,85.76722756410257,BF,KRUM,Byz-NSGDM,123,0.1
960,86.22796474358974,BF,KRUM,Byz-NSGDM,123,0.1
990,86.26802884615384,BF,KRUM,Byz-NSGDM,123,0.1
1020,85.99759615384616,BF,KRUM,Byz-NSGDM,123,0.1
1050,85.74719551282051,BF,KRUM,Byz-NSGDM,123,0.1
1080,86.08774038461539,BF,KRUM,Byz-NSGDM,123,0.1
1110,85.8573717948718,BF,KRUM,Byz-NSGDM,123,0.1
1140,86.14783653846153,BF,KRUM,Byz-NSGDM,123,0.1
1170,86.09775641025641,BF,KRUM,Byz-NSGDM,123,0.1
1200,86.0576923076923,BF,KRUM,Byz-NSGDM,123,0.1
1230,85.76722756410257,BF,KRUM,Byz-NSGDM,123,0.1
1260,86.02764423076923,BF,KRUM,Byz-NSGDM,123,0.1
1290,85.8173076923077,BF,KRUM,Byz-NSGDM,123,0.1
1320,86.2880608974359,BF,KRUM,Byz-NSGDM,123,0.1
1350,86.13782051282051,BF,KRUM,Byz-NSGDM,123,0.1
1380,85.9375,BF,KRUM,Byz-NSGDM,123,0.1
1410,85.9375,BF,KRUM,Byz-NSGDM,123,0.1
1440,85.72716346153847,BF,KRUM,Byz-NSGDM,123,0.1
1470,85.99759615384616,BF,KRUM,Byz-NSGDM,123,0.1
1500,86.0576923076923,BF,KRUM,Byz-NSGDM,123,0.1
30,83.50360576923077,LF,CM,Byz-NSGDM,123,1.0
60,85.8173076923077,LF,CM,Byz-NSGDM,123,1.0
90,86.85897435897436,LF,CM,Byz-NSGDM,123,1.0
120,87.96073717948718,LF,CM,Byz-NSGDM,123,1.0
150,87.59014423076923,LF,CM,Byz-NSGDM,123,1.0
180,87.94070512820512,LF,CM,Byz-NSGDM,123,1.0
210,88.38141025641026,LF,CM,Byz-NSGDM,123,1.0
240,88.45152243589743,LF,CM,Byz-NSGDM,123,1.0
270,88.6318108974359,LF,CM,Byz-NSGDM,123,1.0
300,88.64182692307692,LF,CM,Byz-NSGDM,123,1.0
330,88.74198717948718,LF,CM,Byz-NSGDM,123,1.0
360,88.92227564102564,LF,CM,Byz-NSGDM,123,1.0
390,88.72195512820512,LF,CM,Byz-NSGDM,123,1.0
420,88.95232371794872,LF,CM,Byz-NSGDM,123,1.0
450,88.91225961538461,LF,CM,Byz-NSGDM,123,1.0
480,89.01241987179488,LF,CM,Byz-NSGDM,123,1.0
510,89.0224358974359,LF,CM,Byz-NSGDM,123,1.0
540,89.1025641025641,LF,CM,Byz-NSGDM,123,1.0
570,88.9423076923077,LF,CM,Byz-NSGDM,123,1.0
600,89.13261217948718,LF,CM,Byz-NSGDM,123,1.0
630,89.1826923076923,LF,CM,Byz-NSGDM,123,1.0
660,88.9823717948718,LF,CM,Byz-NSGDM,123,1.0
690,89.03245192307692,LF,CM,Byz-NSGDM,123,1.0
720,89.1426282051282,LF,CM,Byz-NSGDM,123,1.0
750,89.1025641025641,LF,CM,Byz-NSGDM,123,1.0
780,89.1826923076923,LF,CM,Byz-NSGDM,123,1.0
810,89.15264423076923,LF,CM,Byz-NSGDM,123,1.0
840,89.08253205128206,LF,CM,Byz-NSGDM,123,1.0
870,89.17267628205128,LF,CM,Byz-NSGDM,123,1.0
900,89.17267628205128,LF,CM,Byz-NSGDM,123,1.0
930,89.20272435897436,LF,CM,Byz-NSGDM,123,1.0
960,89.17267628205128,LF,CM,Byz-NSGDM,123,1.0
990,89.19270833333333,LF,CM,Byz-NSGDM,123,1.0
1020,89.11258012820512,LF,CM,Byz-NSGDM,123,1.0
1050,89.05248397435898,LF,CM,Byz-NSGDM,123,1.0
1080,89.22275641025641,LF,CM,Byz-NSGDM,123,1.0
1110,89.22275641025641,LF,CM,Byz-NSGDM,123,1.0
1140,89.20272435897436,LF,CM,Byz-NSGDM,123,1.0
1170,89.16266025641026,LF,CM,Byz-NSGDM,123,1.0
1200,89.21274038461539,LF,CM,Byz-NSGDM,123,1.0
1230,89.13261217948718,LF,CM,Byz-NSGDM,123,1.0
1260,89.15264423076923,LF,CM,Byz-NSGDM,123,1.0
1290,89.15264423076923,LF,CM,Byz-NSGDM,123,1.0
1320,89.20272435897436,LF,CM,Byz-NSGDM,123,1.0
1350,89.22275641025641,LF,CM,Byz-NSGDM,123,1.0
1380,89.20272435897436,LF,CM,Byz-NSGDM,123,1.0
1410,89.11258012820512,LF,CM,Byz-NSGDM,123,1.0
1440,89.13261217948718,LF,CM,Byz-NSGDM,123,1.0
1470,89.19270833333333,LF,CM,Byz-NSGDM,123,1.0
1500,89.16266025641026,LF,CM,Byz-NSGDM,123,1.0
30,9.815705128205128,BF,RFA,Baseline-Decay,0,0.5
60,9.815705128205128,BF,RFA,Baseline-Decay,0,0.5
90,9.815705128205128,BF,RFA,Baseline-Decay,0,0.5
120,9.815705128205128,BF,RFA,Baseline-Decay,0,0.5
150,9.815705128205128,BF,RFA,Baseline-Decay,0,0.5
180,9.815705128205128,BF,RFA,Baseline-Decay,0,0.5
210,9.815705128205128,BF,RFA,Baseline-Decay,0,0.5
240,9.815705128205128,BF,RFA,Baseline-Decay,0,0.5
270,9.815705128205128,BF,RFA,Baseline-Decay,0,0.5
300,9.815705128205128,BF,RFA,Baseline-Decay,0,0.5
330,9.815705128205128,BF,RFA,Baseline-Decay,0,0.5
360,9.815705128205128,BF,RFA,Baseline-Decay,0,0.5
390,9.815705128205128,BF,RFA,Baseline-Decay,0,0.5
420,9.815705128205128,BF,RFA,Baseline-Decay,0,0.5
450,9.815705128205128,BF,RFA,Baseline-Decay,0,0.5
480,9.815705128205128,BF,RFA,Baseline-Decay,0,0.5
510,9.815705128205128,BF,RFA,Baseline-Decay,0,0.5
540,9.815705128205128,BF,RFA,Baseline-Decay,0,0.5
570,9.815705128205128,BF,RFA,Baseline-Decay,0,0.5
600,9.815705128205128,BF,RFA,Baseline-Decay,0,0.5
630,9.815705128205128,BF,RFA,Baseline-Decay,0,0.5
660,9.815705128205128,BF,RFA,Baseline-Decay,0,0.5
690,9.815705128205128,BF,RFA,Baseline-Decay,0,0.5
720,9.815705128205128,BF,RFA,Baseline-Decay,0,0.5
750,9.815705128205128,BF,RFA,Baseline-Decay,0,0.5
780,9.815705128205128,BF,RFA,Baseline-Decay,0,0.5
810,9.815705128205128,BF,RFA,Baseline-Decay,0,0.5
840,9.815705128205128,BF,RFA,Baseline-Decay,0,0.5
870,9.815705128205128,BF,RFA,Baseline-Decay,0,0.5
900,9.815705128205128,BF,RFA,Baseline-Decay,0,0.5
930,9.815705128205128,BF,RFA,Baseline-Decay,0,0.5
960,9.815705128205128,BF,RFA,Baseline-Decay,0,0.5
990,9.815705128205128,BF,RFA,Baseline-Decay,0,0.5
1020,9.815705128205128,BF,RFA,Baseline-Decay,0,0.5
1050,9.815705128205128,BF,RFA,Baseline-Decay,0,0.5
1080,9.815705128205128,BF,RFA,Baseline-Decay,0,0.5
1110,9.815705128205128,BF,RFA,Baseline-Decay,0,0.5
1140,9.815705128205128,BF,RFA,Baseline-Decay,0,0.5
1170,9.815705128205128,BF,RFA,Baseline-Decay,0,0.5
1200,9.815705128205128,BF,RFA,Baseline-Decay,0,0.5
1230,9.815705128205128,BF,RFA,Baseline-Decay,0,0.5
1260,9.815705128205128,BF,RFA,Baseline-Decay,0,0.5
1290,9.815705128205128,BF,RFA,Baseline-Decay,0,0.5
1320,9.815705128205128,BF,RFA,Baseline-Decay,0,0.5
1350,9.815705128205128,BF,RFA,Baseline-Decay,0,0.5
1380,9.815705128205128,BF,RFA,Baseline-Decay,0,0.5
1410,9.815705128205128,BF,RFA,Baseline-Decay,0,0.5
1440,9.815705128205128,BF,RFA,Baseline-Decay,0,0.5
1470,9.815705128205128,BF,RFA,Baseline-Decay,0,0.5
1500,9.815705128205128,BF,RFA,Baseline-Decay,0,0.5
30,66.15584935897436,BF,RFA,Baseline-Decay,0,0.05
60,79.89783653846153,BF,RFA,Baseline-Decay,0,0.05
90,81.7207532051282,BF,RFA,Baseline-Decay,0,0.05
120,82.39182692307692,BF,RFA,Baseline-Decay,0,0.05
150,83.74399038461539,BF,RFA,Baseline-Decay,0,0.05
180,84.17467948717949,BF,RFA,Baseline-Decay,0,0.05
210,84.21474358974359,BF,RFA,Baseline-Decay,0,0.05
240,84.74559294871794,BF,RFA,Baseline-Decay,0,0.05
270,84.6854967948718,BF,RFA,Baseline-Decay,0,0.05
300,84.94591346153847,BF,RFA,Baseline-Decay,0,0.05
330,85.04607371794872,BF,RFA,Baseline-Decay,0,0.05
360,85.21634615384616,BF,RFA,Baseline-Decay,0,0.05
390,85.30649038461539,BF,RFA,Baseline-Decay,0,0.05
420,84.95592948717949,BF,RFA,Baseline-Decay,0,0.05
450,81.81089743589743,BF,RFA,Baseline-Decay,0,0.05
480,77.33373397435898,BF,RFA,Baseline-Decay,0,0.05
510,82.7724358974359,BF,RFA,Baseline-Decay,0,0.05
540,84.95592948717949,BF,RFA,Baseline-Decay,0,0.05
570,70.94350961538461,BF,RFA,Baseline-Decay,0,0.05
600,76.96314102564102,BF,RFA,Baseline-Decay,0,0.05
630,76.6025641025641,BF,RFA,Baseline-Decay,0,0.05
660,74.65945512820512,BF,RFA,Baseline-Decay,0,0.05
690,84.28485576923077,BF,RFA,Baseline-Decay,0,0.05
720,68.51963141025641,BF,RFA,Baseline-Decay,0,0.05
750,78.13501602564102,BF,RFA,Baseline-Decay,0,0.05
780,77.8145032051282,BF,RFA,Baseline-Decay,0,0.05
810,81.9110576923077,BF,RFA,Baseline-Decay,0,0.05
840,82.74238782051282,BF,RFA,Baseline-Decay,0,0.05
870,83.53365384615384,BF,RFA,Baseline-Decay,0,0.05
900,83.44350961538461,BF,RFA,Baseline-Decay,0,0.05
930,83.72395833333333,BF,RFA,Baseline-Decay,0,0.05
960,84.31490384615384,BF,RFA,Baseline-Decay,0,0.05
990,84.52524038461539,BF,RFA,Baseline-Decay,0,0.05
1020,84.53525641025641,BF,RFA,Baseline-Decay,0,0.05
1050,84.96594551282051,BF,RFA,Baseline-Decay,0,0.05
1080,84.82572115384616,BF,RFA,Baseline-Decay,0,0.05
1110,85.28645833333333,BF,RFA,Baseline-Decay,0,0.05
1140,85.35657051282051,BF,RFA,Baseline-Decay,0,0.05
1170,85.13621794871794,BF,RFA,Baseline-Decay,0,0.05
1200,85.16626602564102,BF,RFA,Baseline-Decay,0,0.05
1230,84.95592948717949,BF,RFA,Baseline-Decay,0,0.05
1260,84.74559294871794,BF,RFA,Baseline-Decay,0,0.05
1290,84.22475961538461,BF,RFA,Baseline-Decay,0,0.05
1320,85.06610576923077,BF,RFA,Baseline-Decay,0,0.05
1350,77.88461538461539,BF,RFA,Baseline-Decay,0,0.05
1380,81.19991987179488,BF,RFA,Baseline-Decay,0,0.05
1410,73.48758012820512,BF,RFA,Baseline-Decay,0,0.05
1440,78.8261217948718,BF,RFA,Baseline-Decay,0,0.05
1470,68.89022435897436,BF,RFA,Baseline-Decay,0,0.05
1500,63.06089743589744,BF,RFA,Baseline-Decay,0,0.05
30,81.73076923076923,BF,CM,Baseline-Decay,0,0.2
60,84.13461538461539,BF,CM,Baseline-Decay,0,0.2
90,86.27804487179488,BF,CM,Baseline-Decay,0,0.2
120,86.92908653846153,BF,CM,Baseline-Decay,0,0.2
150,87.13942307692308,BF,CM,Baseline-Decay,0,0.2
180,87.27964743589743,BF,CM,Baseline-Decay,0,0.2
210,70.33253205128206,BF,CM,Baseline-Decay,0,0.2
240,79.38701923076923,BF,CM,Baseline-Decay,0,0.2
270,86.328125,BF,CM,Baseline-Decay,0,0.2
300,10.29647435897436,BF,CM,Baseline-Decay,0,0.2
330,9.815705128205128,BF,CM,Baseline-Decay,0,0.2
360,9.815705128205128,BF,CM,Baseline-Decay,0,0.2
390,9.815705128205128,BF,CM,Baseline-Decay,0,0.2
420,9.815705128205128,BF,CM,Baseline-Decay,0,0.2
450,9.815705128205128,BF,CM,Baseline-Decay,0,0.2
480,9.815705128205128,BF,CM,Baseline-Decay,0,0.2
510,9.815705128205128,BF,CM,Baseline-Decay,0,0.2
540,9.815705128205128,BF,CM,Baseline-Decay,0,0.2
570,9.815705128205128,BF,CM,Baseline-Decay,0,0.2
600,9.815705128205128,BF,CM,Baseline-Decay,0,0.2
630,9.815705128205128,BF,CM,Baseline-Decay,0,0.2
660,9.815705128205128,BF,CM,Baseline-Decay,0,0.2
690,9.815705128205128,BF,CM,Baseline-Decay,0,0.2
720,9.815705128205128,BF,CM,Baseline-Decay,0,0.2
750,9.815705128205128,BF,CM,Baseline-Decay,0,0.2
780,9.815705128205128,BF,CM,Baseline-Decay,0,0.2
810,9.815705128205128,BF,CM,Baseline-Decay,0,0.2
840,9.815705128205128,BF,CM,Baseline-Decay,0,0.2
870,9.815705128205128,BF,CM,Baseline-Decay,0,0.2
900,9.815705128205128,BF,CM,Baseline-Decay,0,0.2
930,9.815705128205128,BF,CM,Baseline-Decay,0,0.2
960,9.815705128205128,BF,CM,Baseline-Decay,0,0.2
990,9.815705128205128,BF,CM,Baseline-Decay,0,0.2
1020,9.815705128205128,BF,CM,Baseline-Decay,0,0.2
1050,9.815705128205128,BF,CM,Baseline-Decay,0,0.2
1080,9.815705128205128,BF,CM,Baseline-Decay,0,0.2
1110,9.815705128205128,BF,CM,Baseline-Decay,0,0.2
1140,9.815705128205128,BF,CM,Baseline-Decay,0,0.2
1170,9.815705128205128,BF,CM,Baseline-Decay,0,0.2
1200,9.815705128205128,BF,CM,Baseline-Decay,0,0.2
1230,9.815705128205128,BF,CM,Baseline-Decay,0,0.2
1260,9.815705128205128,BF,CM,Baseline-Decay,0,0.2
1290,9.815705128205128,BF,CM,Baseline-Decay,0,0.2
1320,9.815705128205128,BF,CM,Baseline-Decay,0,0.2
1350,9.815705128205128,BF,CM,Baseline-Decay,0,0.2
1380,9.815705128205128,BF,CM,Baseline-Decay,0,0.2
1410,9.815705128205128,BF,CM,Baseline-Decay,0,0.2
1440,9.815705128205128,BF,CM,Baseline-Decay,0,0.2
1470,9.815705128205128,BF,CM,Baseline-Decay,0,0.2
1500,9.815705128205128,BF,CM,Baseline-Decay,0,0.2
30,9.815705128205128,LF,RFA,Baseline-Decay,0,1.0
60,9.815705128205128,LF,RFA,Baseline-Decay,0,1.0
90,9.815705128205128,LF,RFA,Baseline-Decay,0,1.0
120,9.815705128205128,LF,RFA,Baseline-Decay,0,1.0
150,9.815705128205128,LF,RFA,Baseline-Decay,0,1.0
180,9.815705128205128,LF,RFA,Baseline-Decay,0,1.0
210,9.815705128205128,LF,RFA,Baseline-Decay,0,1.0
240,9.815705128205128,LF,RFA,Baseline-Decay,0,1.0
270,9.815705128205128,LF,RFA,Baseline-Decay,0,1.0
300,9.815705128205128,LF,RFA,Baseline-Decay,0,1.0
330,9.815705128205128,LF,RFA,Baseline-Decay,0,1.0
360,9.815705128205128,LF,RFA,Baseline-Decay,0,1.0
390,9.815705128205128,LF,RFA,Baseline-Decay,0,1.0
420,9.815705128205128,LF,RFA,Baseline-Decay,0,1.0
450,9.815705128205128,LF,RFA,Baseline-Decay,0,1.0
480,9.815705128205128,LF,RFA,Baseline-Decay,0,1.0
510,9.815705128205128,LF,RFA,Baseline-Decay,0,1.0
540,9.815705128205128,LF,RFA,Baseline-Decay,0,1.0
570,9.815705128205128,LF,RFA,Baseline-Decay,0,1.0
600,9.815705128205128,LF,RFA,Baseline-Decay,0,1.0
630,9.815705128205128,LF,RFA,Baseline-Decay,0,1.0
660,9.815705128205128,LF,RFA,Baseline-Decay,0,1.0
690,9.815705128205128,LF,RFA,Baseline-Decay,0,1.0
720,9.815705128205128,LF,RFA,Baseline-Decay,0,1.0
750,9.815705128205128,LF,RFA,Baseline-Decay,0,1.0
780,9.815705128205128,LF,RFA,Baseline-Decay,0,1.0
810,9.815705128205128,LF,RFA,Baseline-Decay,0,1.0
840,9.815705128205128,LF,RFA,Baseline-Decay,0,1.0
870,9.815705128205128,LF,RFA,Baseline-Decay,0,1.0
900,9.815705128205128,LF,RFA,Baseline-Decay,0,1.0
930,9.815705128205128,LF,RFA,Baseline-Decay,0,1.0
960,9.815705128205128,LF,RFA,Baseline-Decay,0,1.0
990,9.815705128205128,LF,RFA,Baseline-Decay,0,1.0
1020,9.815705128205128,LF,RFA,Baseline-Decay,0,1.0
1050,9.815705128205128,LF,RFA,Baseline-Decay,0,1.0
1080,9.815705128205128,LF,RFA,Baseline-Decay,0,1.0
1110,9.815705128205128,LF,RFA,Baseline-Decay,0,1.0
1140,9.815705128205128,LF,RFA,Baseline-Decay,0,1.0
1170,9.815705128205128,LF,RFA,Baseline-Decay,0,1.0
1200,9.815705128205128,LF,RFA,Baseline-Decay,0,1.0
1230,9.815705128205128,LF,RFA,Baseline-Decay,0,1.0
1260,9.815705128205128,LF,RFA,Baseline-Decay,0,1.0
1290,9.815705128205128,LF,RFA,Baseline-Decay,0,1.0
1320,9.815705128205128,LF,RFA,Baseline-Decay,0,1.0
1350,9.815705128205128,LF,RFA,Baseline-Decay,0,1.0
1380,9.815705128205128,LF,RFA,Baseline-Decay,0,1.0
1410,9.815705128205128,LF,RFA,Baseline-Decay,0,1.0
1440,9.815705128205128,LF,RFA,Baseline-Decay,0,1.0
1470,9.815705128205128,LF,RFA,Baseline-Decay,0,1.0
1500,9.815705128205128,LF,RFA,Baseline-Decay,0,1.0
30,77.49399038461539,BF,CM,Baseline-Decay,0,0.1
60,90.21434294871794,BF,CM,Baseline-Decay,0,0.1
90,92.21754807692308,BF,CM,Baseline-Decay,0,0.1
120,92.83854166666667,BF,CM,Baseline-Decay,0,0.1
150,93.99038461538461,BF,CM,Baseline-Decay,0,0.1
180,94.40104166666667,BF,CM,Baseline-Decay,0,0.1
210,94.52123397435898,BF,CM,Baseline-Decay,0,0.1
240,95.28245192307692,BF,CM,Baseline-Decay,0,0.1
270,95.55288461538461,BF,CM,Baseline-Decay,0,0.1
300,95.703125,BF,CM,Baseline-Decay,0,0.1
330,96.10376602564102,BF,CM,Baseline-Decay,0,0.1
360,96.09375,BF,CM,Baseline-Decay,0,0.1
390,96.19391025641026,BF,CM,Baseline-Decay,0,0.1
420,96.57451923076923,BF,CM,Baseline-Decay,0,0.1
450,96.57451923076923,BF,CM,Baseline-Decay,0,0.1
480,96.81490384615384,BF,CM,Baseline-Decay,0,0.1
510,96.7548076923077,BF,CM,Baseline-Decay,0,0.1
540,96.74479166666667,BF,CM,Baseline-Decay,0,0.1
570,96.82491987179488,BF,CM,Baseline-Decay,0,0.1
600,96.98517628205128,BF,CM,Baseline-Decay,0,0.1
630,97.06530448717949,BF,CM,Baseline-Decay,0,0.1
660,97.16546474358974,BF,CM,Baseline-Decay,0,0.1
690,97.27564102564102,BF,CM,Baseline-Decay,0,0.1
720,97.265625,BF,CM,Baseline-Decay,0,0.1
750,97.36578525641026,BF,CM,Baseline-Decay,0,0.1
780,97.40584935897436,BF,CM,Baseline-Decay,0,0.1
810,97.36578525641026,BF,CM,Baseline-Decay,0,0.1
840,97.39583333333333,BF,CM,Baseline-Decay,0,0.1
870,97.56610576923077,BF,CM,Baseline-Decay,0,0.1
900,97.5761217948718,BF,CM,Baseline-Decay,0,0.1
930,97.5761217948718,BF,CM,Baseline-Decay,0,0.1
960,97.5360576923077,BF,CM,Baseline-Decay,0,0.1
990,97.64623397435898,BF,CM,Baseline-Decay,0,0.1
1020,97.70633012820512,BF,CM,Baseline-Decay,0,0.1
1050,97.70633012820512,BF,CM,Baseline-Decay,0,0.1
1080,97.70633012820512,BF,CM,Baseline-Decay,0,0.1
1110,97.76642628205128,BF,CM,Baseline-Decay,0,0.1
1140,97.76642628205128,BF,CM,Baseline-Decay,0,0.1
1170,97.81650641025641,BF,CM,Baseline-Decay,0,0.1
1200,97.87660256410257,BF,CM,Baseline-Decay,0,0.1
1230,97.82652243589743,BF,CM,Baseline-Decay,0,0.1
1260,97.85657051282051,BF,CM,Baseline-Decay,0,0.1
1290,97.91666666666667,BF,CM,Baseline-Decay,0,0.1
1320,97.90665064102564,BF,CM,Baseline-Decay,0,0.1
1350,97.93669871794872,BF,CM,Baseline-Decay,0,0.1
1380,97.99679487179488,BF,CM,Baseline-Decay,0,0.1
1410,97.89663461538461,BF,CM,Baseline-Decay,0,0.1
1440,97.97676282051282,BF,CM,Baseline-Decay,0,0.1
1470,98.10697115384616,BF,CM,Baseline-Decay,0,0.1
1500,98.02684294871794,BF,CM,Baseline-Decay,0,0.1
30,26.903044871794872,BF,KRUM,Byz-NSGDM,0,0.01
60,31.600560897435898,BF,KRUM,Byz-NSGDM,0,0.01
90,35.14623397435897,BF,KRUM,Byz-NSGDM,0,0.01
120,39.81370192307692,BF,KRUM,Byz-NSGDM,0,0.01
150,43.56971153846154,BF,KRUM,Byz-NSGDM,0,0.01
180,46.81490384615385,BF,KRUM,Byz-NSGDM,0,0.01
210,49.04847756410256,BF,KRUM,Byz-NSGDM,0,0.01
240,50.861378205128204,BF,KRUM,Byz-NSGDM,0,0.01
270,51.953125,BF,KRUM,Byz-NSGDM,0,0.01
300,52.814503205128204,BF,KRUM,Byz-NSGDM,0,0.01
330,53.50560897435897,BF,KRUM,Byz-NSGDM,0,0.01
360,54.20673076923077,BF,KRUM,Byz-NSGDM,0,0.01
390,54.77764423076923,BF,KRUM,Byz-NSGDM,0,0.01
420,55.25841346153846,BF,KRUM,Byz-NSGDM,0,0.01
450,55.65905448717949,BF,KRUM,Byz-NSGDM,0,0.01
480,55.91947115384615,BF,KRUM,Byz-NSGDM,0,0.01
510,56.139823717948715,BF,KRUM,Byz-NSGDM,0,0.01
540,56.31009615384615,BF,KRUM,Byz-NSGDM,0,0.01
570,56.59054487179487,BF,KRUM,Byz-NSGDM,0,0.01
600,56.87099358974359,BF,KRUM,Byz-NSGDM,0,0.01
630,57.06129807692308,BF,KRUM,Byz-NSGDM,0,0.01
660,57.26161858974359,BF,KRUM,Byz-NSGDM,0,0.01
690,57.502003205128204,BF,KRUM,Byz-NSGDM,0,0.01
720,57.682291666666664,BF,KRUM,Byz-NSGDM,0,0.01
750,57.79246794871795,BF,KRUM,Byz-NSGDM,0,0.01
780,57.88261217948718,BF,KRUM,Byz-NSGDM,0,0.01
810,58.072916666666664,BF,KRUM,Byz-NSGDM,0,0.01
840,58.35336538461539,BF,KRUM,Byz-NSGDM,0,0.01
870,58.50360576923077,BF,KRUM,Byz-NSGDM,0,0.01
900,58.65384615384615,BF,KRUM,Byz-NSGDM,0,0.01
930,58.89423076923077,BF,KRUM,Byz-NSGDM,0,0.01
960,59.114583333333336,BF,KRUM,Byz-NSGDM,0,0.01
990,59.35496794871795,BF,KRUM,Byz-NSGDM,0,0.01
1020,59.59535256410256,BF,KRUM,Byz-NSGDM,0,0.01
1050,59.895833333333336,BF,KRUM,Byz-NSGDM,0,0.01
1080,60.24639423076923,BF,KRUM,Byz-NSGDM,0,0.01
1110,60.53685897435897,BF,KRUM,Byz-NSGDM,0,0.01
1140,60.86738782051282,BF,KRUM,Byz-NSGDM,0,0.01
1170,61.31810897435897,BF,KRUM,Byz-NSGDM,0,0.01
1200,61.73878205128205,BF,KRUM,Byz-NSGDM,0,0.01
1230,62.109375,BF,KRUM,Byz-NSGDM,0,0.01
1260,62.51001602564103,BF,KRUM,Byz-NSGDM,0,0.01
1290,62.970753205128204,BF,KRUM,Byz-NSGDM,0,0.01
1320,63.31129807692308,BF,KRUM,Byz-NSGDM,0,0.01
1350,63.83213141025641,BF,KRUM,Byz-NSGDM,0,0.01
1380,64.20272435897436,BF,KRUM,Byz-NSGDM,0,0.01
1410,64.70352564102564,BF,KRUM,Byz-NSGDM,0,0.01
1440,65.234375,BF,KRUM,Byz-NSGDM,0,0.01
1470,65.59495192307692,BF,KRUM,Byz-NSGDM,0,0.01
1500,65.96554487179488,BF,KRUM,Byz-NSGDM,0,0.01
30,62.22956730769231,mimic,CM,Baseline,42,0.005
60,79.2167467948718,mimic,CM,Baseline,42,0.005
90,80.82932692307692,mimic,CM,Baseline,42,0.005
120,82.00120192307692,mimic,CM,Baseline,42,0.005
150,83.48357371794872,mimic,CM,Baseline,42,0.005
180,84.19471153846153,mimic,CM,Baseline,42,0.005
210,84.44511217948718,mimic,CM,Baseline,42,0.005
240,85.2363782051282,mimic,CM,Baseline,42,0.005
270,85.04607371794872,mimic,CM,Baseline,42,0.005
300,85.77724358974359,mimic,CM,Baseline,42,0.005
330,85.8974358974359,mimic,CM,Baseline,42,0.005
360,85.9375,mimic,CM,Baseline,42,0.005
390,85.74719551282051,mimic,CM,Baseline,42,0.005
420,86.37820512820512,mimic,CM,Baseline,42,0.005
450,86.5985576923077,mimic,CM,Baseline,42,0.005
480,86.46834935897436,mimic,CM,Baseline,42,0.005
510,86.7588141025641,mimic,CM,Baseline,42,0.005
540,86.34815705128206,mimic,CM,Baseline,42,0.005
570,86.90905448717949,mimic,CM,Baseline,42,0.005
600,86.69871794871794,mimic,CM,Baseline,42,0.005
630,87.26963141025641,mimic,CM,Baseline,42,0.005
660,87.05929487179488,mimic,CM,Baseline,42,0.005
690,87.17948717948718,mimic,CM,Baseline,42,0.005
720,87.4599358974359,mimic,CM,Baseline,42,0.005
750,87.27964743589743,mimic,CM,Baseline,42,0.005
780,87.35977564102564,mimic,CM,Baseline,42,0.005
810,87.31971153846153,mimic,CM,Baseline,42,0.005
840,87.55008012820512,mimic,CM,Baseline,42,0.005
870,87.78044871794872,mimic,CM,Baseline,42,0.005
900,87.73036858974359,mimic,CM,Baseline,42,0.005
930,87.69030448717949,mimic,CM,Baseline,42,0.005
960,87.71033653846153,mimic,CM,Baseline,42,0.005
990,87.79046474358974,mimic,CM,Baseline,42,0.005
1020,87.75040064102564,mimic,CM,Baseline,42,0.005
1050,87.92067307692308,mimic,CM,Baseline,42,0.005
1080,87.63020833333333,mimic,CM,Baseline,42,0.005
1110,87.99078525641026,mimic,CM,Baseline,42,0.005
1140,87.88060897435898,mimic,CM,Baseline,42,0.005
1170,88.02083333333333,mimic,CM,Baseline,42,0.005
1200,87.90064102564102,mimic,CM,Baseline,42,0.005
1230,88.10096153846153,mimic,CM,Baseline,42,0.005
1260,88.10096153846153,mimic,CM,Baseline,42,0.005
1290,88.13100961538461,mimic,CM,Baseline,42,0.005
1320,88.15104166666667,mimic,CM,Baseline,42,0.005
1350,88.1610576923077,mimic,CM,Baseline,42,0.005
1380,88.02083333333333,mimic,CM,Baseline,42,0.005
1410,88.1610576923077,mimic,CM,Baseline,42,0.005
1440,88.2011217948718,mimic,CM,Baseline,42,0.005
1470,88.3213141025641,mimic,CM,Baseline,42,0.005
1500,88.3613782051282,mimic,CM,Baseline,42,0.005
30,67.89863782051282,mimic,KRUM,Baseline,42,0.005
60,78.5957532051282,mimic,KRUM,Baseline,42,0.005
90,80.51883012820512,mimic,KRUM,Baseline,42,0.005
120,82.01121794871794,mimic,KRUM,Baseline,42,0.005
150,83.30328525641026,mimic,KRUM,Baseline,42,0.005
180,84.13461538461539,mimic,KRUM,Baseline,42,0.005
210,84.51522435897436,mimic,KRUM,Baseline,42,0.005
240,85.14623397435898,mimic,KRUM,Baseline,42,0.005
270,85.10616987179488,mimic,KRUM,Baseline,42,0.005
300,85.51682692307692,mimic,KRUM,Baseline,42,0.005
330,85.76722756410257,mimic,KRUM,Baseline,42,0.005
360,85.87740384615384,mimic,KRUM,Baseline,42,0.005
390,85.59695512820512,mimic,KRUM,Baseline,42,0.005
420,86.29807692307692,mimic,KRUM,Baseline,42,0.005
450,86.61858974358974,mimic,KRUM,Baseline,42,0.005
480,86.26802884615384,mimic,KRUM,Baseline,42,0.005
510,86.74879807692308,mimic,KRUM,Baseline,42,0.005
540,86.58854166666667,mimic,KRUM,Baseline,42,0.005
570,86.7588141025641,mimic,KRUM,Baseline,42,0.005
600,86.68870192307692,mimic,KRUM,Baseline,42,0.005
630,86.97916666666667,mimic,KRUM,Baseline,42,0.005
660,87.19951923076923,mimic,KRUM,Baseline,42,0.005
690,86.99919871794872,mimic,KRUM,Baseline,42,0.005
720,87.28966346153847,mimic,KRUM,Baseline,42,0.005
750,87.38982371794872,mimic,KRUM,Baseline,42,0.005
780,87.4198717948718,mimic,KRUM,Baseline,42,0.005
810,87.29967948717949,mimic,KRUM,Baseline,42,0.005
840,87.36979166666667,mimic,KRUM,Baseline,42,0.005
870,87.70032051282051,mimic,KRUM,Baseline,42,0.005
900,87.74038461538461,mimic,KRUM,Baseline,42,0.005
930,87.73036858974359,mimic,KRUM,Baseline,42,0.005
960,87.73036858974359,mimic,KRUM,Baseline,42,0.005
990,87.87059294871794,mimic,KRUM,Baseline,42,0.005
1020,87.8505608974359,mimic,KRUM,Baseline,42,0.005
1050,87.86057692307692,mimic,KRUM,Baseline,42,0.005
1080,87.70032051282051,mimic,KRUM,Baseline,42,0.005
1110,88.07091346153847,mimic,KRUM,Baseline,42,0.005
1140,87.78044871794872,mimic,KRUM,Baseline,42,0.005
1170,88.08092948717949,mimic,KRUM,Baseline,42,0.005
1200,88.00080128205128,mimic,KRUM,Baseline,42,0.005
1230,88.09094551282051,mimic,KRUM,Baseline,42,0.005
1260,88.26121794871794,mimic,KRUM,Baseline,42,0.005
1290,88.1610576923077,mimic,KRUM,Baseline,42,0.005
1320,88.14102564102564,mimic,KRUM,Baseline,42,0.005
1350,88.19110576923077,mimic,KRUM,Baseline,42,0.005
1380,87.8505608974359,mimic,KRUM,Baseline,42,0.005
1410,88.18108974358974,mimic,KRUM,Baseline,42,0.005
1440,88.1610576923077,mimic,KRUM,Baseline,42,0.005
1470,88.33133012820512,mimic,KRUM,Baseline,42,0.005
1500,88.29126602564102,mimic,KRUM,Baseline,42,0.005
30,88.05088141025641,mimic,KRUM,Byz-NSGDM,0,0.5
60,92.58814102564102,mimic,KRUM,Byz-NSGDM,0,0.5
90,94.44110576923077,mimic,KRUM,Byz-NSGDM,0,0.5
120,95.98357371794872,mimic,KRUM,Byz-NSGDM,0,0.5
150,96.31410256410257,mimic,KRUM,Byz-NSGDM,0,0.5
180,97.04527243589743,mimic,KRUM,Byz-NSGDM,0,0.5
210,97.40584935897436,mimic,KRUM,Byz-NSGDM,0,0.5
240,91.00560897435898,mimic,KRUM,Byz-NSGDM,0,0.5
270,91.6766826923077,mimic,KRUM,Byz-NSGDM,0,0.5
300,90.80528846153847,mimic,KRUM,Byz-NSGDM,0,0.5
330,90.86538461538461,mimic,KRUM,Byz-NSGDM,0,0.5
360,89.98397435897436,mimic,KRUM,Byz-NSGDM,0,0.5
390,90.1943108974359,mimic,KRUM,Byz-NSGDM,0,0.5
420,90.1542467948718,mimic,KRUM,Byz-NSGDM,0,0.5
450,89.73357371794872,mimic,KRUM,Byz-NSGDM,0,0.5
480,89.27283653846153,mimic,KRUM,Byz-NSGDM,0,0.5
510,89.75360576923077,mimic,KRUM,Byz-NSGDM,0,0.5
540,88.90224358974359,mimic,KRUM,Byz-NSGDM,0,0.5
570,89.1426282051282,mimic,KRUM,Byz-NSGDM,0,0.5
600,89.1826923076923,mimic,KRUM,Byz-NSGDM,0,0.5
630,89.35296474358974,mimic,KRUM,Byz-NSGDM,0,0.5
660,89.52323717948718,mimic,KRUM,Byz-NSGDM,0,0.5
690,89.39302884615384,mimic,KRUM,Byz-NSGDM,0,0.5
720,89.29286858974359,mimic,KRUM,Byz-NSGDM,0,0.5
750,89.3329326923077,mimic,KRUM,Byz-NSGDM,0,0.5
780,89.3329326923077,mimic,KRUM,Byz-NSGDM,0,0.5
810,89.13261217948718,mimic,KRUM,Byz-NSGDM,0,0.5
840,88.91225961538461,mimic,KRUM,Byz-NSGDM,0,0.5
870,89.23277243589743,mimic,KRUM,Byz-NSGDM,0,0.5
900,89.20272435897436,mimic,KRUM,Byz-NSGDM,0,0.5
930,89.20272435897436,mimic,KRUM,Byz-NSGDM,0,0.5
960,89.28285256410257,mimic,KRUM,Byz-NSGDM,0,0.5
990,89.30288461538461,mimic,KRUM,Byz-NSGDM,0,0.5
1020,89.25280448717949,mimic,KRUM,Byz-NSGDM,0,0.5
1050,89.11258012820512,mimic,KRUM,Byz-NSGDM,0,0.5
1080,89.25280448717949,mimic,KRUM,Byz-NSGDM,0,0.5
1110,89.23277243589743,mimic,KRUM,Byz-NSGDM,0,0.5
1140,89.27283653846153,mimic,KRUM,Byz-NSGDM,0,0.5
1170,89.19270833333333,mimic,KRUM,Byz-NSGDM,0,0.5
1200,89.1826923076923,mimic,KRUM,Byz-NSGDM,0,0.5
1230,89.16266025641026,mimic,KRUM,Byz-NSGDM,0,0.5
1260,89.27283653846153,mimic,KRUM,Byz-NSGDM,0,0.5
1290,89.19270833333333,mimic,KRUM,Byz-NSGDM,0,0.5
1320,89.24278846153847,mimic,KRUM,Byz-NSGDM,0,0.5
1350,89.29286858974359,mimic,KRUM,Byz-NSGDM,0,0.5
1380,89.34294871794872,mimic,KRUM,Byz-NSGDM,0,0.5
1410,89.26282051282051,mimic,KRUM,Byz-NSGDM,0,0.5
1440,89.12259615384616,mimic,KRUM,Byz-NSGDM,0,0.5
1470,89.31290064102564,mimic,KRUM,Byz-NSGDM,0,0.5
1500,89.23277243589743,mimic,KRUM,Byz-NSGDM,0,0.5
30,79.42708333333333,BF,KRUM,Baseline-Decay,0,0.05
60,79.65745192307692,BF,KRUM,Baseline-Decay,0,0.05
90,81.66065705128206,BF,KRUM,Baseline-Decay,0,0.05
120,82.28165064102564,BF,KRUM,Baseline-Decay,0,0.05
150,83.49358974358974,BF,KRUM,Baseline-Decay,0,0.05
180,84.03445512820512,BF,KRUM,Baseline-Decay,0,0.05
210,84.01442307692308,BF,KRUM,Baseline-Decay,0,0.05
240,84.61538461538461,BF,KRUM,Baseline-Decay,0,0.05
270,84.61538461538461,BF,KRUM,Baseline-Decay,0,0.05
300,84.70552884615384,BF,KRUM,Baseline-Decay,0,0.05
330,85.08613782051282,BF,KRUM,Baseline-Decay,0,0.05
360,85.35657051282051,BF,KRUM,Baseline-Decay,0,0.05
390,85.16626602564102,BF,KRUM,Baseline-Decay,0,0.05
420,84.6854967948718,BF,KRUM,Baseline-Decay,0,0.05
450,82.78245192307692,BF,KRUM,Baseline-Decay,0,0.05
480,84.6854967948718,BF,KRUM,Baseline-Decay,0,0.05
510,84.2948717948718,BF,KRUM,Baseline-Decay,0,0.05
540,80.53886217948718,BF,KRUM,Baseline-Decay,0,0.05
570,80.1983173076923,BF,KRUM,Baseline-Decay,0,0.05
600,81.02964743589743,BF,KRUM,Baseline-Decay,0,0.05
630,81.93108974358974,BF,KRUM,Baseline-Decay,0,0.05
660,73.4375,BF,KRUM,Baseline-Decay,0,0.05
690,77.52403846153847,BF,KRUM,Baseline-Decay,0,0.05
720,77.79447115384616,BF,KRUM,Baseline-Decay,0,0.05
750,82.4619391025641,BF,KRUM,Baseline-Decay,0,0.05
780,82.48197115384616,BF,KRUM,Baseline-Decay,0,0.05
810,83.2832532051282,BF,KRUM,Baseline-Decay,0,0.05
840,83.35336538461539,BF,KRUM,Baseline-Decay,0,0.05
870,83.31330128205128,BF,KRUM,Baseline-Decay,0,0.05
900,82.01121794871794,BF,KRUM,Baseline-Decay,0,0.05
930,76.50240384615384,BF,KRUM,Baseline-Decay,0,0.05
960,78.61578525641026,BF,KRUM,Baseline-Decay,0,0.05
990,76.38221153846153,BF,KRUM,Baseline-Decay,0,0.05
1020,31.390224358974358,BF,KRUM,Baseline-Decay,0,0.05
1050,10.336538461538462,BF,KRUM,Baseline-Decay,0,0.05
1080,10.336538461538462,BF,KRUM,Baseline-Decay,0,0.05
1110,10.336538461538462,BF,KRUM,Baseline-Decay,0,0.05
1140,10.336538461538462,BF,KRUM,Baseline-Decay,0,0.05
1170,10.336538461538462,BF,KRUM,Baseline-Decay,0,0.05
1200,10.336538461538462,BF,KRUM,Baseline-Decay,0,0.05
1230,10.336538461538462,BF,KRUM,Baseline-Decay,0,0.05
1260,10.336538461538462,BF,KRUM,Baseline-Decay,0,0.05
1290,10.336538461538462,BF,KRUM,Baseline-Decay,0,0.05
1320,11.368189102564102,BF,KRUM,Baseline-Decay,0,0.05
1350,11.368189102564102,BF,KRUM,Baseline-Decay,0,0.05
1380,11.368189102564102,BF,KRUM,Baseline-Decay,0,0.05
1410,11.368189102564102,BF,KRUM,Baseline-Decay,0,0.05
1440,11.368189102564102,BF,KRUM,Baseline-Decay,0,0.05
1470,11.368189102564102,BF,KRUM,Baseline-Decay,0,0.05
1500,11.368189102564102,BF,KRUM,Baseline-Decay,0,0.05
30,66.51642628205128,mimic,RFA,Baseline,42,0.005
60,74.1386217948718,mimic,RFA,Baseline,42,0.005
90,81.14983974358974,mimic,RFA,Baseline,42,0.005
120,81.9110576923077,mimic,RFA,Baseline,42,0.005
150,83.33333333333333,mimic,RFA,Baseline,42,0.005
180,84.11458333333333,mimic,RFA,Baseline,42,0.005
210,84.32491987179488,mimic,RFA,Baseline,42,0.005
240,85.12620192307692,mimic,RFA,Baseline,42,0.005
270,85.08613782051282,mimic,RFA,Baseline,42,0.005
300,85.48677884615384,mimic,RFA,Baseline,42,0.005
330,85.95753205128206,mimic,RFA,Baseline,42,0.005
360,86.00761217948718,mimic,RFA,Baseline,42,0.005
390,85.5068108974359,mimic,RFA,Baseline,42,0.005
420,86.23798076923077,mimic,RFA,Baseline,42,0.005
450,86.74879807692308,mimic,RFA,Baseline,42,0.005
480,86.33814102564102,mimic,RFA,Baseline,42,0.005
510,86.76883012820512,mimic,RFA,Baseline,42,0.005
540,86.56850961538461,mimic,RFA,Baseline,42,0.005
570,86.94911858974359,mimic,RFA,Baseline,42,0.005
600,86.52844551282051,mimic,RFA,Baseline,42,0.005
630,87.24959935897436,mimic,RFA,Baseline,42,0.005
660,87.00921474358974,mimic,RFA,Baseline,42,0.005
690,87.01923076923077,mimic,RFA,Baseline,42,0.005
720,87.33974358974359,mimic,RFA,Baseline,42,0.005
750,87.30969551282051,mimic,RFA,Baseline,42,0.005
780,87.38982371794872,mimic,RFA,Baseline,42,0.005
810,87.27964743589743,mimic,RFA,Baseline,42,0.005
840,87.51001602564102,mimic,RFA,Baseline,42,0.005
870,87.72035256410257,mimic,RFA,Baseline,42,0.005
900,87.76041666666667,mimic,RFA,Baseline,42,0.005
930,87.8505608974359,mimic,RFA,Baseline,42,0.005
960,87.75040064102564,mimic,RFA,Baseline,42,0.005
990,87.78044871794872,mimic,RFA,Baseline,42,0.005
1020,87.84054487179488,mimic,RFA,Baseline,42,0.005
1050,87.94070512820512,mimic,RFA,Baseline,42,0.005
1080,87.7704326923077,mimic,RFA,Baseline,42,0.005
1110,87.99078525641026,mimic,RFA,Baseline,42,0.005
1140,87.86057692307692,mimic,RFA,Baseline,42,0.005
1170,88.14102564102564,mimic,RFA,Baseline,42,0.005
1200,87.98076923076923,mimic,RFA,Baseline,42,0.005
1230,88.0108173076923,mimic,RFA,Baseline,42,0.005
1260,88.1610576923077,mimic,RFA,Baseline,42,0.005
1290,88.02083333333333,mimic,RFA,Baseline,42,0.005
1320,88.06089743589743,mimic,RFA,Baseline,42,0.005
1350,88.21113782051282,mimic,RFA,Baseline,42,0.005
1380,87.94070512820512,mimic,RFA,Baseline,42,0.005
1410,88.2011217948718,mimic,RFA,Baseline,42,0.005
1440,88.1610576923077,mimic,RFA,Baseline,42,0.005
1470,88.38141025641026,mimic,RFA,Baseline,42,0.005
1500,88.3213141025641,mimic,RFA,Baseline,42,0.005
30,40.46474358974359,BF,KRUM,Baseline-Decay,0,0.005
60,56.21995192307692,BF,KRUM,Baseline-Decay,0,0.005
90,59.39503205128205,BF,KRUM,Baseline-Decay,0,0.005
120,68.14903846153847,BF,KRUM,Baseline-Decay,0,0.005
150,74.38902243589743,BF,KRUM,Baseline-Decay,0,0.005
180,79.06650641025641,BF,KRUM,Baseline-Decay,0,0.005
210,81.08974358974359,BF,KRUM,Baseline-Decay,0,0.005
240,82.8525641025641,BF,KRUM,Baseline-Decay,0,0.005
270,83.43349358974359,BF,KRUM,Baseline-Decay,0,0.005
300,84.22475961538461,BF,KRUM,Baseline-Decay,0,0.005
330,84.91586538461539,BF,KRUM,Baseline-Decay,0,0.005
360,85.53685897435898,BF,KRUM,Baseline-Decay,0,0.005
390,86.03766025641026,BF,KRUM,Baseline-Decay,0,0.005
420,80.21834935897436,BF,KRUM,Baseline-Decay,0,0.005
450,77.25360576923077,BF,KRUM,Baseline-Decay,0,0.005
480,77.8545673076923,BF,KRUM,Baseline-Decay,0,0.005
510,78.30528846153847,BF,KRUM,Baseline-Decay,0,0.005
540,78.48557692307692,BF,KRUM,Baseline-Decay,0,0.005
570,78.77604166666667,BF,KRUM,Baseline-Decay,0,0.005
600,78.89623397435898,BF,KRUM,Baseline-Decay,0,0.005
630,79.08653846153847,BF,KRUM,Baseline-Decay,0,0.005
660,79.26682692307692,BF,KRUM,Baseline-Decay,0,0.005
690,79.4170673076923,BF,KRUM,Baseline-Decay,0,0.005
720,79.5673076923077,BF,KRUM,Baseline-Decay,0,0.005
750,79.62740384615384,BF,KRUM,Baseline-Decay,0,0.005
780,79.66746794871794,BF,KRUM,Baseline-Decay,0,0.005
810,79.81770833333333,BF,KRUM,Baseline-Decay,0,0.005
840,79.89783653846153,BF,KRUM,Baseline-Decay,0,0.005
870,80.02804487179488,BF,KRUM,Baseline-Decay,0,0.005
900,80.18830128205128,BF,KRUM,Baseline-Decay,0,0.005
930,80.29847756410257,BF,KRUM,Baseline-Decay,0,0.005
960,80.40865384615384,BF,KRUM,Baseline-Decay,0,0.005
990,80.36858974358974,BF,KRUM,Baseline-Decay,0,0.005
1020,80.44871794871794,BF,KRUM,Baseline-Decay,0,0.005
1050,80.5889423076923,BF,KRUM,Baseline-Decay,0,0.005
1080,80.63902243589743,BF,KRUM,Baseline-Decay,0,0.005
1110,80.61899038461539,BF,KRUM,Baseline-Decay,0,0.005
1140,80.76923076923077,BF,KRUM,Baseline-Decay,0,0.005
1170,80.8193108974359,BF,KRUM,Baseline-Decay,0,0.005
1200,80.79927884615384,BF,KRUM,Baseline-Decay,0,0.005
1230,80.94951923076923,BF,KRUM,Baseline-Decay,0,0.005
1260,81.06971153846153,BF,KRUM,Baseline-Decay,0,0.005
1290,81.08974358974359,BF,KRUM,Baseline-Decay,0,0.005
1320,81.14983974358974,BF,KRUM,Baseline-Decay,0,0.005
1350,81.13982371794872,BF,KRUM,Baseline-Decay,0,0.005
1380,81.1698717948718,BF,KRUM,Baseline-Decay,0,0.005
1410,81.2099358974359,BF,KRUM,Baseline-Decay,0,0.005
1440,81.25,BF,KRUM,Baseline-Decay,0,0.005
1470,81.32011217948718,BF,KRUM,Baseline-Decay,0,0.005
1500,81.35016025641026,BF,KRUM,Baseline-Decay,0,0.005
30,76.51241987179488,BF,CM,Byz-NSGDM,0,0.5
60,84.20472756410257,BF,CM,Byz-NSGDM,0,0.5
90,84.83573717948718,BF,CM,Byz-NSGDM,0,0.5
120,84.79567307692308,BF,CM,Byz-NSGDM,0,0.5
150,85.49679487179488,BF,CM,Byz-NSGDM,0,0.5
180,84.96594551282051,BF,CM,Byz-NSGDM,0,0.5
210,81.34014423076923,BF,CM,Byz-NSGDM,0,0.5
240,83.14302884615384,BF,CM,Byz-NSGDM,0,0.5
270,83.02283653846153,BF,CM,Byz-NSGDM,0,0.5
300,84.63541666666667,BF,CM,Byz-NSGDM,0,0.5
330,75.48076923076923,BF,CM,Byz-NSGDM,0,0.5
360,75.92147435897436,BF,CM,Byz-NSGDM,0,0.5
390,81.1298076923077,BF,CM,Byz-NSGDM,0,0.5
420,82.53205128205128,BF,CM,Byz-NSGDM,0,0.5
450,83.41346153846153,BF,CM,Byz-NSGDM,0,0.5
480,82.84254807692308,BF,CM,Byz-NSGDM,0,0.5
510,83.89423076923077,BF,CM,Byz-NSGDM,0,0.5
540,83.11298076923077,BF,CM,Byz-NSGDM,0,0.5
570,79.81770833333333,BF,CM,Byz-NSGDM,0,0.5
600,81.53044871794872,BF,CM,Byz-NSGDM,0,0.5
630,79.74759615384616,BF,CM,Byz-NSGDM,0,0.5
660,83.15304487179488,BF,CM,Byz-NSGDM,0,0.5
690,84.58533653846153,BF,CM,Byz-NSGDM,0,0.5
720,78.35536858974359,BF,CM,Byz-NSGDM,0,0.5
750,79.86778846153847,BF,CM,Byz-NSGDM,0,0.5
780,81.19991987179488,BF,CM,Byz-NSGDM,0,0.5
810,80.65905448717949,BF,CM,Byz-NSGDM,0,0.5
840,78.99639423076923,BF,CM,Byz-NSGDM,0,0.5
870,76.40224358974359,BF,CM,Byz-NSGDM,0,0.5
900,79.01642628205128,BF,CM,Byz-NSGDM,0,0.5
930,82.19150641025641,BF,CM,Byz-NSGDM,0,0.5
960,75.24038461538461,BF,CM,Byz-NSGDM,0,0.5
990,79.58733974358974,BF,CM,Byz-NSGDM,0,0.5
1020,76.6426282051282,BF,CM,Byz-NSGDM,0,0.5
1050,82.72235576923077,BF,CM,Byz-NSGDM,0,0.5
1080,74.39903846153847,BF,CM,Byz-NSGDM,0,0.5
1110,80.79927884615384,BF,CM,Byz-NSGDM,0,0.5
1140,78.45552884615384,BF,CM,Byz-NSGDM,0,0.5
1170,80.59895833333333,BF,CM,Byz-NSGDM,0,0.5
1200,76.61258012820512,BF,CM,Byz-NSGDM,0,0.5
1230,80.72916666666667,BF,CM,Byz-NSGDM,0,0.5
1260,77.95472756410257,BF,CM,Byz-NSGDM,0,0.5
1290,79.0264423076923,BF,CM,Byz-NSGDM,0,0.5
1320,81.96113782051282,BF,CM,Byz-NSGDM,0,0.5
1350,79.39703525641026,BF,CM,Byz-NSGDM,0,0.5
1380,75.99158653846153,BF,CM,Byz-NSGDM,0,0.5
1410,77.55408653846153,BF,CM,Byz-NSGDM,0,0.5
1440,78.11498397435898,BF,CM,Byz-NSGDM,0,0.5
1470,83.02283653846153,BF,CM,Byz-NSGDM,0,0.5
1500,76.27203525641026,BF,CM,Byz-NSGDM,0,0.5
30,78.91626602564102,mimic,CM,Baseline-Decay,42,0.2
60,84.21474358974359,mimic,CM,Baseline-Decay,42,0.2
90,85.72716346153847,mimic,CM,Baseline-Decay,42,0.2
120,86.30809294871794,mimic,CM,Baseline-Decay,42,0.2
150,86.69871794871794,mimic,CM,Baseline-Decay,42,0.2
180,87.23958333333333,mimic,CM,Baseline-Decay,42,0.2
210,87.31971153846153,mimic,CM,Baseline-Decay,42,0.2
240,87.70032051282051,mimic,CM,Baseline-Decay,42,0.2
270,87.79046474358974,mimic,CM,Baseline-Decay,42,0.2
300,87.94070512820512,mimic,CM,Baseline-Decay,42,0.2
330,88.00080128205128,mimic,CM,Baseline-Decay,42,0.2
360,88.09094551282051,mimic,CM,Baseline-Decay,42,0.2
390,88.11097756410257,mimic,CM,Baseline-Decay,42,0.2
420,88.1610576923077,mimic,CM,Baseline-Decay,42,0.2
450,88.28125,mimic,CM,Baseline-Decay,42,0.2
480,88.30128205128206,mimic,CM,Baseline-Decay,42,0.2
510,88.3613782051282,mimic,CM,Baseline-Decay,42,0.2
540,88.26121794871794,mimic,CM,Baseline-Decay,42,0.2
570,88.3613782051282,mimic,CM,Baseline-Decay,42,0.2
600,88.45152243589743,mimic,CM,Baseline-Decay,42,0.2
630,88.57171474358974,mimic,CM,Baseline-Decay,42,0.2
660,88.64182692307692,mimic,CM,Baseline-Decay,42,0.2
690,88.5516826923077,mimic,CM,Baseline-Decay,42,0.2
720,88.5917467948718,mimic,CM,Baseline-Decay,42,0.2
750,88.52163461538461,mimic,CM,Baseline-Decay,42,0.2
780,88.69190705128206,mimic,CM,Baseline-Decay,42,0.2
810,88.72195512820512,mimic,CM,Baseline-Decay,42,0.2
840,88.70192307692308,mimic,CM,Baseline-Decay,42,0.2
870,88.671875,mimic,CM,Baseline-Decay,42,0.2
900,88.72195512820512,mimic,CM,Baseline-Decay,42,0.2
930,88.65184294871794,mimic,CM,Baseline-Decay,42,0.2
960,88.81209935897436,mimic,CM,Baseline-Decay,42,0.2
990,88.82211538461539,mimic,CM,Baseline-Decay,42,0.2
1020,88.83213141025641,mimic,CM,Baseline-Decay,42,0.2
1050,88.7520032051282,mimic,CM,Baseline-Decay,42,0.2
1080,88.80208333333333,mimic,CM,Baseline-Decay,42,0.2
1110,88.81209935897436,mimic,CM,Baseline-Decay,42,0.2
1140,88.83213141025641,mimic,CM,Baseline-Decay,42,0.2
1170,88.88221153846153,mimic,CM,Baseline-Decay,42,0.2
1200,88.83213141025641,mimic,CM,Baseline-Decay,42,0.2
1230,88.88221153846153,mimic,CM,Baseline-Decay,42,0.2
1260,88.93229166666667,mimic,CM,Baseline-Decay,42,0.2
1290,88.9423076923077,mimic,CM,Baseline-Decay,42,0.2
1320,88.89222756410257,mimic,CM,Baseline-Decay,42,0.2
1350,88.87219551282051,mimic,CM,Baseline-Decay,42,0.2
1380,88.78205128205128,mimic,CM,Baseline-Decay,42,0.2
1410,88.77203525641026,mimic,CM,Baseline-Decay,42,0.2
1440,88.91225961538461,mimic,CM,Baseline-Decay,42,0.2
1470,88.9423076923077,mimic,CM,Baseline-Decay,42,0.2
1500,88.96233974358974,mimic,CM,Baseline-Decay,42,0.2
30,78.515625,LF,RFA,Baseline,123,0.01
60,89.73357371794872,LF,RFA,Baseline,123,0.01
90,91.7167467948718,LF,RFA,Baseline,123,0.01
120,92.60817307692308,LF,RFA,Baseline,123,0.01
150,93.42948717948718,LF,RFA,Baseline,123,0.01
180,93.75,LF,RFA,Baseline,123,0.01
210,93.99038461538461,LF,RFA,Baseline,123,0.01
240,95.22235576923077,LF,RFA,Baseline,123,0.01
270,95.30248397435898,LF,RFA,Baseline,123,0.01
300,95.26241987179488,LF,RFA,Baseline,123,0.01
330,95.68309294871794,LF,RFA,Baseline,123,0.01
360,95.92347756410257,LF,RFA,Baseline,123,0.01
390,96.27403846153847,LF,RFA,Baseline,123,0.01
420,96.484375,LF,RFA,Baseline,123,0.01
450,96.67467948717949,LF,RFA,Baseline,123,0.01
480,96.65464743589743,LF,RFA,Baseline,123,0.01
510,96.4443108974359,LF,RFA,Baseline,123,0.01
540,96.96514423076923,LF,RFA,Baseline,123,0.01
570,97.10536858974359,LF,RFA,Baseline,123,0.01
600,97.265625,LF,RFA,Baseline,123,0.01
630,97.39583333333333,LF,RFA,Baseline,123,0.01
660,97.43589743589743,LF,RFA,Baseline,123,0.01
690,97.265625,LF,RFA,Baseline,123,0.01
720,97.72636217948718,LF,RFA,Baseline,123,0.01
750,97.64623397435898,LF,RFA,Baseline,123,0.01
780,97.75641025641026,LF,RFA,Baseline,123,0.01
810,97.76642628205128,LF,RFA,Baseline,123,0.01
840,97.59615384615384,LF,RFA,Baseline,123,0.01
870,97.84655448717949,LF,RFA,Baseline,123,0.01
900,98.10697115384616,LF,RFA,Baseline,123,0.01
930,98.15705128205128,LF,RFA,Baseline,123,0.01
960,97.99679487179488,LF,RFA,Baseline,123,0.01
990,98.15705128205128,LF,RFA,Baseline,123,0.01
1020,98.21714743589743,LF,RFA,Baseline,123,0.01
1050,98.25721153846153,LF,RFA,Baseline,123,0.01
1080,98.21714743589743,LF,RFA,Baseline,123,0.01
1110,98.25721153846153,LF,RFA,Baseline,123,0.01
1140,98.28725961538461,LF,RFA,Baseline,123,0.01
1170,98.10697115384616,LF,RFA,Baseline,123,0.01
1200,98.40745192307692,LF,RFA,Baseline,123,0.01
1230,98.10697115384616,LF,RFA,Baseline,123,0.01
1260,98.25721153846153,LF,RFA,Baseline,123,0.01
1290,98.36738782051282,LF,RFA,Baseline,123,0.01
1320,98.3974358974359,LF,RFA,Baseline,123,0.01
1350,98.38741987179488,LF,RFA,Baseline,123,0.01
1380,98.3573717948718,LF,RFA,Baseline,123,0.01
1410,98.41746794871794,LF,RFA,Baseline,123,0.01
1440,98.3173076923077,LF,RFA,Baseline,123,0.01
1470,98.33733974358974,LF,RFA,Baseline,123,0.01
1500,98.36738782051282,LF,RFA,Baseline,123,0.01
30,78.06490384615384,BF,RFA,Byz-NSGDM,0,0.5
60,84.20472756410257,BF,RFA,Byz-NSGDM,0,0.5
90,84.83573717948718,BF,RFA,Byz-NSGDM,0,0.5
120,84.53525641025641,BF,RFA,Byz-NSGDM,0,0.5
150,85.80729166666667,BF,RFA,Byz-NSGDM,0,0.5
180,84.01442307692308,BF,RFA,Byz-NSGDM,0,0.5
210,82.64222756410257,BF,RFA,Byz-NSGDM,0,0.5
240,83.04286858974359,BF,RFA,Byz-NSGDM,0,0.5
270,85.29647435897436,BF,RFA,Byz-NSGDM,0,0.5
300,84.99599358974359,BF,RFA,Byz-NSGDM,0,0.5
330,85.31650641025641,BF,RFA,Byz-NSGDM,0,0.5
360,83.05288461538461,BF,RFA,Byz-NSGDM,0,0.5
390,81.42027243589743,BF,RFA,Byz-NSGDM,0,0.5
420,76.33213141025641,BF,RFA,Byz-NSGDM,0,0.5
450,81.63060897435898,BF,RFA,Byz-NSGDM,0,0.5
480,81.50040064102564,BF,RFA,Byz-NSGDM,0,0.5
510,77.09334935897436,BF,RFA,Byz-NSGDM,0,0.5
540,77.33373397435898,BF,RFA,Byz-NSGDM,0,0.5
570,83.80408653846153,BF,RFA,Byz-NSGDM,0,0.5
600,78.41546474358974,BF,RFA,Byz-NSGDM,0,0.5
630,83.78405448717949,BF,RFA,Byz-NSGDM,0,0.5
660,82.72235576923077,BF,RFA,Byz-NSGDM,0,0.5
690,82.58213141025641,BF,RFA,Byz-NSGDM,0,0.5
720,77.63421474358974,BF,RFA,Byz-NSGDM,0,0.5
750,82.03125,BF,RFA,Byz-NSGDM,0,0.5
780,75.57091346153847,BF,RFA,Byz-NSGDM,0,0.5
810,81.39022435897436,BF,RFA,Byz-NSGDM,0,0.5
840,77.28365384615384,BF,RFA,Byz-NSGDM,0,0.5
870,76.88301282051282,BF,RFA,Byz-NSGDM,0,0.5
900,84.39503205128206,BF,RFA,Byz-NSGDM,0,0.5
930,84.40504807692308,BF,RFA,Byz-NSGDM,0,0.5
960,81.44030448717949,BF,RFA,Byz-NSGDM,0,0.5
990,82.6923076923077,BF,RFA,Byz-NSGDM,0,0.5
1020,76.22195512820512,BF,RFA,Byz-NSGDM,0,0.5
1050,79.30689102564102,BF,RFA,Byz-NSGDM,0,0.5
1080,80.43870192307692,BF,RFA,Byz-NSGDM,0,0.5
1110,83.45352564102564,BF,RFA,Byz-NSGDM,0,0.5
1140,76.69270833333333,BF,RFA,Byz-NSGDM,0,0.5
1170,83.2431891025641,BF,RFA,Byz-NSGDM,0,0.5
1200,76.5224358974359,BF,RFA,Byz-NSGDM,0,0.5
1230,84.08453525641026,BF,RFA,Byz-NSGDM,0,0.5
1260,76.84294871794872,BF,RFA,Byz-NSGDM,0,0.5
1290,80.68910256410257,BF,RFA,Byz-NSGDM,0,0.5
1320,81.22996794871794,BF,RFA,Byz-NSGDM,0,0.5
1350,78.84615384615384,BF,RFA,Byz-NSGDM,0,0.5
1380,77.19350961538461,BF,RFA,Byz-NSGDM,0,0.5
1410,80.45873397435898,BF,RFA,Byz-NSGDM,0,0.5
1440,81.58052884615384,BF,RFA,Byz-NSGDM,0,0.5
1470,83.22315705128206,BF,RFA,Byz-NSGDM,0,0.5
1500,79.30689102564102,BF,RFA,Byz-NSGDM,0,0.5
30,70.44270833333333,mimic,RFA,Byz-NSGDM,123,0.1
60,81.34014423076923,mimic,RFA,Byz-NSGDM,123,0.1
90,86.87900641025641,mimic,RFA,Byz-NSGDM,123,0.1
120,88.2411858974359,mimic,RFA,Byz-NSGDM,123,0.1
150,89.77363782051282,mimic,RFA,Byz-NSGDM,123,0.1
180,90.24439102564102,mimic,RFA,Byz-NSGDM,123,0.1
210,91.25600961538461,mimic,RFA,Byz-NSGDM,123,0.1
240,91.03565705128206,mimic,RFA,Byz-NSGDM,123,0.1
270,91.90705128205128,mimic,RFA,Byz-NSGDM,123,0.1
300,91.88701923076923,mimic,RFA,Byz-NSGDM,123,0.1
330,92.09735576923077,mimic,RFA,Byz-NSGDM,123,0.1
360,92.63822115384616,mimic,RFA,Byz-NSGDM,123,0.1
390,92.86858974358974,mimic,RFA,Byz-NSGDM,123,0.1
420,92.48798076923077,mimic,RFA,Byz-NSGDM,123,0.1
450,93.0088141025641,mimic,RFA,Byz-NSGDM,123,0.1
480,93.26923076923077,mimic,RFA,Byz-NSGDM,123,0.1
510,93.2792467948718,mimic,RFA,Byz-NSGDM,123,0.1
540,93.21915064102564,mimic,RFA,Byz-NSGDM,123,0.1
570,93.67988782051282,mimic,RFA,Byz-NSGDM,123,0.1
600,93.81009615384616,mimic,RFA,Byz-NSGDM,123,0.1
630,93.57972756410257,mimic,RFA,Byz-NSGDM,123,0.1
660,94.01041666666667,mimic,RFA,Byz-NSGDM,123,0.1
690,93.78004807692308,mimic,RFA,Byz-NSGDM,123,0.1
720,93.69991987179488,mimic,RFA,Byz-NSGDM,123,0.1
750,93.98036858974359,mimic,RFA,Byz-NSGDM,123,0.1
780,93.92027243589743,mimic,RFA,Byz-NSGDM,123,0.1
810,94.16065705128206,mimic,RFA,Byz-NSGDM,123,0.1
840,94.27083333333333,mimic,RFA,Byz-NSGDM,123,0.1
870,94.54126602564102,mimic,RFA,Byz-NSGDM,123,0.1
900,94.4911858974359,mimic,RFA,Byz-NSGDM,123,0.1
930,94.59134615384616,mimic,RFA,Byz-NSGDM,123,0.1
960,94.71153846153847,mimic,RFA,Byz-NSGDM,123,0.1
990,94.63141025641026,mimic,RFA,Byz-NSGDM,123,0.1
1020,94.51121794871794,mimic,RFA,Byz-NSGDM,123,0.1
1050,94.98197115384616,mimic,RFA,Byz-NSGDM,123,0.1
1080,94.99198717948718,mimic,RFA,Byz-NSGDM,123,0.1
1110,95.05208333333333,mimic,RFA,Byz-NSGDM,123,0.1
1140,94.8016826923077,mimic,RFA,Byz-NSGDM,123,0.1
1170,95.2323717948718,mimic,RFA,Byz-NSGDM,123,0.1
1200,95.06209935897436,mimic,RFA,Byz-NSGDM,123,0.1
1230,94.98197115384616,mimic,RFA,Byz-NSGDM,123,0.1
1260,95.01201923076923,mimic,RFA,Byz-NSGDM,123,0.1
1290,95.16225961538461,mimic,RFA,Byz-NSGDM,123,0.1
1320,95.22235576923077,mimic,RFA,Byz-NSGDM,123,0.1
1350,95.14222756410257,mimic,RFA,Byz-NSGDM,123,0.1
1380,95.2323717948718,mimic,RFA,Byz-NSGDM,123,0.1
1410,95.26241987179488,mimic,RFA,Byz-NSGDM,123,0.1
1440,95.3525641025641,mimic,RFA,Byz-NSGDM,123,0.1
1470,95.44270833333333,mimic,RFA,Byz-NSGDM,123,0.1
1500,95.37259615384616,mimic,RFA,Byz-NSGDM,123,0.1
30,78.9863782051282,mimic,KRUM,Baseline-Decay,42,0.1
60,82.96274038461539,mimic,KRUM,Baseline-Decay,42,0.1
90,83.77403846153847,mimic,KRUM,Baseline-Decay,42,0.1
120,84.83573717948718,mimic,KRUM,Baseline-Decay,42,0.1
150,85.44671474358974,mimic,KRUM,Baseline-Decay,42,0.1
180,85.92748397435898,mimic,KRUM,Baseline-Decay,42,0.1
210,85.79727564102564,mimic,KRUM,Baseline-Decay,42,0.1
240,86.12780448717949,mimic,KRUM,Baseline-Decay,42,0.1
270,86.34815705128206,mimic,KRUM,Baseline-Decay,42,0.1
300,86.29807692307692,mimic,KRUM,Baseline-Decay,42,0.1
330,86.42828525641026,mimic,KRUM,Baseline-Decay,42,0.1
360,86.7988782051282,mimic,KRUM,Baseline-Decay,42,0.1
390,86.73878205128206,mimic,KRUM,Baseline-Decay,42,0.1
420,86.72876602564102,mimic,KRUM,Baseline-Decay,42,0.1
450,86.99919871794872,mimic,KRUM,Baseline-Decay,42,0.1
480,86.99919871794872,mimic,KRUM,Baseline-Decay,42,0.1
510,87.20953525641026,mimic,KRUM,Baseline-Decay,42,0.1
540,87.19951923076923,mimic,KRUM,Baseline-Decay,42,0.1
570,86.99919871794872,mimic,KRUM,Baseline-Decay,42,0.1
600,87.30969551282051,mimic,KRUM,Baseline-Decay,42,0.1
630,87.34975961538461,mimic,KRUM,Baseline-Decay,42,0.1
660,87.44991987179488,mimic,KRUM,Baseline-Decay,42,0.1
690,87.47996794871794,mimic,KRUM,Baseline-Decay,42,0.1
720,87.42988782051282,mimic,KRUM,Baseline-Decay,42,0.1
750,87.43990384615384,mimic,KRUM,Baseline-Decay,42,0.1
780,87.57011217948718,mimic,KRUM,Baseline-Decay,42,0.1
810,87.73036858974359,mimic,KRUM,Baseline-Decay,42,0.1
840,87.6201923076923,mimic,KRUM,Baseline-Decay,42,0.1
870,87.76041666666667,mimic,KRUM,Baseline-Decay,42,0.1
900,87.73036858974359,mimic,KRUM,Baseline-Decay,42,0.1
930,87.66025641025641,mimic,KRUM,Baseline-Decay,42,0.1
960,87.84054487179488,mimic,KRUM,Baseline-Decay,42,0.1
990,87.79046474358974,mimic,KRUM,Baseline-Decay,42,0.1
1020,87.9306891025641,mimic,KRUM,Baseline-Decay,42,0.1
1050,87.76041666666667,mimic,KRUM,Baseline-Decay,42,0.1
1080,87.91065705128206,mimic,KRUM,Baseline-Decay,42,0.1
1110,87.92067307692308,mimic,KRUM,Baseline-Decay,42,0.1
1140,87.99078525641026,mimic,KRUM,Baseline-Decay,42,0.1
1170,87.9306891025641,mimic,KRUM,Baseline-Decay,42,0.1
1200,88.02083333333333,mimic,KRUM,Baseline-Decay,42,0.1
1230,87.9306891025641,mimic,KRUM,Baseline-Decay,42,0.1
1260,88.07091346153847,mimic,KRUM,Baseline-Decay,42,0.1
1290,88.0108173076923,mimic,KRUM,Baseline-Decay,42,0.1
1320,88.02083333333333,mimic,KRUM,Baseline-Decay,42,0.1
1350,88.06089743589743,mimic,KRUM,Baseline-Decay,42,0.1
1380,88.03084935897436,mimic,KRUM,Baseline-Decay,42,0.1
1410,88.10096153846153,mimic,KRUM,Baseline-Decay,42,0.1
1440,88.18108974358974,mimic,KRUM,Baseline-Decay,42,0.1
1470,88.21113782051282,mimic,KRUM,Baseline-Decay,42,0.1
1500,88.26121794871794,mimic,KRUM,Baseline-Decay,42,0.1
30,82.14142628205128,BF,KRUM,Baseline,0,0.01
60,80.25841346153847,BF,KRUM,Baseline,0,0.01
90,81.88100961538461,BF,KRUM,Baseline,0,0.01
120,83.38341346153847,BF,KRUM,Baseline,0,0.01
150,84.8858173076923,BF,KRUM,Baseline,0,0.01
180,84.47516025641026,BF,KRUM,Baseline,0,0.01
210,83.58373397435898,BF,KRUM,Baseline,0,0.01
240,81.62059294871794,BF,KRUM,Baseline,0,0.01
270,85.92748397435898,BF,KRUM,Baseline,0,0.01
300,75.3104967948718,BF,KRUM,Baseline,0,0.01
330,72.62620192307692,BF,KRUM,Baseline,0,0.01
360,76.32211538461539,BF,KRUM,Baseline,0,0.01
390,78.27524038461539,BF,KRUM,Baseline,0,0.01
420,81.7207532051282,BF,KRUM,Baseline,0,0.01
450,84.08453525641026,BF,KRUM,Baseline,0,0.01
480,83.04286858974359,BF,KRUM,Baseline,0,0.01
510,82.40184294871794,BF,KRUM,Baseline,0,0.01
540,60.88741987179487,BF,KRUM,Baseline,0,0.01
570,11.678685897435898,BF,KRUM,Baseline,0,0.01
600,11.408253205128204,BF,KRUM,Baseline,0,0.01
630,13.080929487179487,BF,KRUM,Baseline,0,0.01
660,13.561698717948717,BF,KRUM,Baseline,0,0.01
690,12.119391025641026,BF,KRUM,Baseline,0,0.01
720,13.37139423076923,BF,KRUM,Baseline,0,0.01
750,20.352564102564102,BF,KRUM,Baseline,0,0.01
780,11.368189102564102,BF,KRUM,Baseline,0,0.01
810,11.368189102564102,BF,KRUM,Baseline,0,0.01
840,11.368189102564102,BF,KRUM,Baseline,0,0.01
870,11.368189102564102,BF,KRUM,Baseline,0,0.01
900,9.835737179487179,BF,KRUM,Baseline,0,0.01
930,9.835737179487179,BF,KRUM,Baseline,0,0.01
960,11.368189102564102,BF,KRUM,Baseline,0,0.01
990,11.368189102564102,BF,KRUM,Baseline,0,0.01
1020,11.368189102564102,BF,KRUM,Baseline,0,0.01
1050,11.368189102564102,BF,KRUM,Baseline,0,0.01
1080,11.368189102564102,BF,KRUM,Baseline,0,0.01
1110,11.368189102564102,BF,KRUM,Baseline,0,0.01
1140,11.368189102564102,BF,KRUM,Baseline,0,0.01
1170,11.788862179487179,BF,KRUM,Baseline,0,0.01
1200,12.570112179487179,BF,KRUM,Baseline,0,0.01
1230,11.368189102564102,BF,KRUM,Baseline,0,0.01
1260,11.368189102564102,BF,KRUM,Baseline,0,0.01
1290,11.368189102564102,BF,KRUM,Baseline,0,0.01
1320,11.368189102564102,BF,KRUM,Baseline,0,0.01
1350,11.368189102564102,BF,KRUM,Baseline,0,0.01
1380,11.368189102564102,BF,KRUM,Baseline,0,0.01
1410,11.368189102564102,BF,KRUM,Baseline,0,0.01
1440,11.368189102564102,BF,KRUM,Baseline,0,0.01
1470,11.648637820512821,BF,KRUM,Baseline,0,0.01
1500,11.368189102564102,BF,KRUM,Baseline,0,0.01
30,77.14342948717949,LF,RFA,Baseline-Decay,0,0.05
60,80.75921474358974,LF,RFA,Baseline-Decay,0,0.05
90,82.20152243589743,LF,RFA,Baseline-Decay,0,0.05
120,83.1229967948718,LF,RFA,Baseline-Decay,0,0.05
150,84.0645032051282,LF,RFA,Baseline-Decay,0,0.05
180,84.40504807692308,LF,RFA,Baseline-Decay,0,0.05
210,84.66546474358974,LF,RFA,Baseline-Decay,0,0.05
240,84.97596153846153,LF,RFA,Baseline-Decay,0,0.05
270,85.06610576923077,LF,RFA,Baseline-Decay,0,0.05
300,85.09615384615384,LF,RFA,Baseline-Decay,0,0.05
330,85.47676282051282,LF,RFA,Baseline-Decay,0,0.05
360,85.63701923076923,LF,RFA,Baseline-Decay,0,0.05
390,85.75721153846153,LF,RFA,Baseline-Decay,0,0.05
420,85.83733974358974,LF,RFA,Baseline-Decay,0,0.05
450,85.79727564102564,LF,RFA,Baseline-Decay,0,0.05
480,85.94751602564102,LF,RFA,Baseline-Decay,0,0.05
510,86.2880608974359,LF,RFA,Baseline-Decay,0,0.05
540,86.2479967948718,LF,RFA,Baseline-Decay,0,0.05
570,86.06770833333333,LF,RFA,Baseline-Decay,0,0.05
600,86.12780448717949,LF,RFA,Baseline-Decay,0,0.05
630,86.328125,LF,RFA,Baseline-Decay,0,0.05
660,86.3681891025641,LF,RFA,Baseline-Decay,0,0.05
690,86.48838141025641,LF,RFA,Baseline-Decay,0,0.05
720,86.62860576923077,LF,RFA,Baseline-Decay,0,0.05
750,86.4483173076923,LF,RFA,Baseline-Decay,0,0.05
780,86.62860576923077,LF,RFA,Baseline-Decay,0,0.05
810,86.65865384615384,LF,RFA,Baseline-Decay,0,0.05
840,86.54847756410257,LF,RFA,Baseline-Decay,0,0.05
870,86.74879807692308,LF,RFA,Baseline-Decay,0,0.05
900,86.81891025641026,LF,RFA,Baseline-Decay,0,0.05
930,86.9891826923077,LF,RFA,Baseline-Decay,0,0.05
960,86.8389423076923,LF,RFA,Baseline-Decay,0,0.05
990,86.76883012820512,LF,RFA,Baseline-Decay,0,0.05
1020,86.93910256410257,LF,RFA,Baseline-Decay,0,0.05
1050,86.96915064102564,LF,RFA,Baseline-Decay,0,0.05
1080,86.95913461538461,LF,RFA,Baseline-Decay,0,0.05
1110,86.86899038461539,LF,RFA,Baseline-Decay,0,0.05
1140,86.87900641025641,LF,RFA,Baseline-Decay,0,0.05
1170,86.99919871794872,LF,RFA,Baseline-Decay,0,0.05
1200,87.13942307692308,LF,RFA,Baseline-Decay,0,0.05
1230,87.11939102564102,LF,RFA,Baseline-Decay,0,0.05
1260,87.19951923076923,LF,RFA,Baseline-Decay,0,0.05
1290,86.96915064102564,LF,RFA,Baseline-Decay,0,0.05
1320,87.12940705128206,LF,RFA,Baseline-Decay,0,0.05
1350,87.17948717948718,LF,RFA,Baseline-Decay,0,0.05
1380,87.16947115384616,LF,RFA,Baseline-Decay,0,0.05
1410,87.27964743589743,LF,RFA,Baseline-Decay,0,0.05
1440,87.25961538461539,LF,RFA,Baseline-Decay,0,0.05
1470,87.36979166666667,LF,RFA,Baseline-Decay,0,0.05
1500,87.31971153846153,LF,RFA,Baseline-Decay,0,0.05
30,29.787660256410255,mimic,CM,Byz-NSGDM,0,0.01
60,41.08573717948718,mimic,CM,Byz-NSGDM,0,0.01
90,47.005208333333336,mimic,CM,Byz-NSGDM,0,0.01
120,50.37059294871795,mimic,CM,Byz-NSGDM,0,0.01
150,53.024839743589745,mimic,CM,Byz-NSGDM,0,0.01
180,55.01802884615385,mimic,CM,Byz-NSGDM,0,0.01
210,56.84094551282051,mimic,CM,Byz-NSGDM,0,0.01
240,58.102964743589745,mimic,CM,Byz-NSGDM,0,0.01
270,57.58213141025641,mimic,CM,Byz-NSGDM,0,0.01
300,56.63060897435897,mimic,CM,Byz-NSGDM,0,0.01
330,56.350160256410255,mimic,CM,Byz-NSGDM,0,0.01
360,54.69751602564103,mimic,CM,Byz-NSGDM,0,0.01
390,53.205128205128204,mimic,CM,Byz-NSGDM,0,0.01
420,50.72115384615385,mimic,CM,Byz-NSGDM,0,0.01
450,48.31730769230769,mimic,CM,Byz-NSGDM,0,0.01
480,46.93509615384615,mimic,CM,Byz-NSGDM,0,0.01
510,46.33413461538461,mimic,CM,Byz-NSGDM,0,0.01
540,46.45432692307692,mimic,CM,Byz-NSGDM,0,0.01
570,46.96514423076923,mimic,CM,Byz-NSGDM,0,0.01
600,47.85657051282051,mimic,CM,Byz-NSGDM,0,0.01
630,48.67788461538461,mimic,CM,Byz-NSGDM,0,0.01
660,49.75961538461539,mimic,CM,Byz-NSGDM,0,0.01
690,50.76121794871795,mimic,CM,Byz-NSGDM,0,0.01
720,51.171875,mimic,CM,Byz-NSGDM,0,0.01
750,52.15344551282051,mimic,CM,Byz-NSGDM,0,0.01
780,52.95472756410256,mimic,CM,Byz-NSGDM,0,0.01
810,53.73597756410256,mimic,CM,Byz-NSGDM,0,0.01
840,54.296875,mimic,CM,Byz-NSGDM,0,0.01
870,55.078125,mimic,CM,Byz-NSGDM,0,0.01
900,55.66907051282051,mimic,CM,Byz-NSGDM,0,0.01
930,56.04967948717949,mimic,CM,Byz-NSGDM,0,0.01
960,56.50040064102564,mimic,CM,Byz-NSGDM,0,0.01
990,57.09134615384615,mimic,CM,Byz-NSGDM,0,0.01
1020,57.49198717948718,mimic,CM,Byz-NSGDM,0,0.01
1050,58.04286858974359,mimic,CM,Byz-NSGDM,0,0.01
1080,58.38341346153846,mimic,CM,Byz-NSGDM,0,0.01
1110,58.61378205128205,mimic,CM,Byz-NSGDM,0,0.01
1140,58.96434294871795,mimic,CM,Byz-NSGDM,0,0.01
1170,59.17467948717949,mimic,CM,Byz-NSGDM,0,0.01
1200,59.57532051282051,mimic,CM,Byz-NSGDM,0,0.01
1230,60.06610576923077,mimic,CM,Byz-NSGDM,0,0.01
1260,60.47676282051282,mimic,CM,Byz-NSGDM,0,0.01
1290,60.8974358974359,mimic,CM,Byz-NSGDM,0,0.01
1320,61.09775641025641,mimic,CM,Byz-NSGDM,0,0.01
1350,61.25801282051282,mimic,CM,Byz-NSGDM,0,0.01
1380,61.44831730769231,mimic,CM,Byz-NSGDM,0,0.01
1410,61.57852564102564,mimic,CM,Byz-NSGDM,0,0.01
1440,61.76883012820513,mimic,CM,Byz-NSGDM,0,0.01
1470,61.94911858974359,mimic,CM,Byz-NSGDM,0,0.01
1500,62.109375,mimic,CM,Byz-NSGDM,0,0.01
30,63.171073717948715,mimic,CM,Byz-NSGDM,0,0.1
60,72.93669871794872,mimic,CM,Byz-NSGDM,0,0.1
90,82.17147435897436,mimic,CM,Byz-NSGDM,0,0.1
120,85.94751602564102,mimic,CM,Byz-NSGDM,0,0.1
150,88.14102564102564,mimic,CM,Byz-NSGDM,0,0.1
180,89.13261217948718,mimic,CM,Byz-NSGDM,0,0.1
210,89.87379807692308,mimic,CM,Byz-NSGDM,0,0.1
240,90.3545673076923,mimic,CM,Byz-NSGDM,0,0.1
270,91.06570512820512,mimic,CM,Byz-NSGDM,0,0.1
300,90.85536858974359,mimic,CM,Byz-NSGDM,0,0.1
330,91.80689102564102,mimic,CM,Byz-NSGDM,0,0.1
360,91.9170673076923,mimic,CM,Byz-NSGDM,0,0.1
390,91.90705128205128,mimic,CM,Byz-NSGDM,0,0.1
420,92.71834935897436,mimic,CM,Byz-NSGDM,0,0.1
450,92.62820512820512,mimic,CM,Byz-NSGDM,0,0.1
480,93.0889423076923,mimic,CM,Byz-NSGDM,0,0.1
510,93.30929487179488,mimic,CM,Byz-NSGDM,0,0.1
540,93.0889423076923,mimic,CM,Byz-NSGDM,0,0.1
570,93.28926282051282,mimic,CM,Byz-NSGDM,0,0.1
600,93.44951923076923,mimic,CM,Byz-NSGDM,0,0.1
630,93.76001602564102,mimic,CM,Byz-NSGDM,0,0.1
660,93.75,mimic,CM,Byz-NSGDM,0,0.1
690,93.59975961538461,mimic,CM,Byz-NSGDM,0,0.1
720,94.19070512820512,mimic,CM,Byz-NSGDM,0,0.1
750,94.03044871794872,mimic,CM,Byz-NSGDM,0,0.1
780,94.04046474358974,mimic,CM,Byz-NSGDM,0,0.1
810,94.28084935897436,mimic,CM,Byz-NSGDM,0,0.1
840,94.04046474358974,mimic,CM,Byz-NSGDM,0,0.1
870,94.40104166666667,mimic,CM,Byz-NSGDM,0,0.1
900,94.59134615384616,mimic,CM,Byz-NSGDM,0,0.1
930,94.44110576923077,mimic,CM,Byz-NSGDM,0,0.1
960,94.79166666666667,mimic,CM,Byz-NSGDM,0,0.1
990,94.69150641025641,mimic,CM,Byz-NSGDM,0,0.1
1020,94.71153846153847,mimic,CM,Byz-NSGDM,0,0.1
1050,94.73157051282051,mimic,CM,Byz-NSGDM,0,0.1
1080,94.90184294871794,mimic,CM,Byz-NSGDM,0,0.1
1110,94.98197115384616,mimic,CM,Byz-NSGDM,0,0.1
1140,95.05208333333333,mimic,CM,Byz-NSGDM,0,0.1
1170,95.2724358974359,mimic,CM,Byz-NSGDM,0,0.1
1200,95.12219551282051,mimic,CM,Byz-NSGDM,0,0.1
1230,95.28245192307692,mimic,CM,Byz-NSGDM,0,0.1
1260,95.24238782051282,mimic,CM,Byz-NSGDM,0,0.1
1290,95.22235576923077,mimic,CM,Byz-NSGDM,0,0.1
1320,95.20232371794872,mimic,CM,Byz-NSGDM,0,0.1
1350,95.16225961538461,mimic,CM,Byz-NSGDM,0,0.1
1380,95.20232371794872,mimic,CM,Byz-NSGDM,0,0.1
1410,95.47275641025641,mimic,CM,Byz-NSGDM,0,0.1
1440,95.46274038461539,mimic,CM,Byz-NSGDM,0,0.1
1470,95.65304487179488,mimic,CM,Byz-NSGDM,0,0.1
1500,95.55288461538461,mimic,CM,Byz-NSGDM,0,0.1
30,83.7139423076923,mimic,KRUM,Baseline-Decay,123,0.2
60,89.63341346153847,mimic,KRUM,Baseline-Decay,123,0.2
90,92.71834935897436,mimic,KRUM,Baseline-Decay,123,0.2
120,94.23076923076923,mimic,KRUM,Baseline-Decay,123,0.2
150,95.54286858974359,mimic,KRUM,Baseline-Decay,123,0.2
180,95.81330128205128,mimic,KRUM,Baseline-Decay,123,0.2
210,96.47435897435898,mimic,KRUM,Baseline-Decay,123,0.2
240,96.71474358974359,mimic,KRUM,Baseline-Decay,123,0.2
270,96.93509615384616,mimic,KRUM,Baseline-Decay,123,0.2
300,96.98517628205128,mimic,KRUM,Baseline-Decay,123,0.2
330,97.23557692307692,mimic,KRUM,Baseline-Decay,123,0.2
360,94.19070512820512,mimic,KRUM,Baseline-Decay,123,0.2
390,93.95032051282051,mimic,KRUM,Baseline-Decay,123,0.2
420,92.94871794871794,mimic,KRUM,Baseline-Decay,123,0.2
450,91.99719551282051,mimic,KRUM,Baseline-Decay,123,0.2
480,92.2275641025641,mimic,KRUM,Baseline-Decay,123,0.2
510,91.34615384615384,mimic,KRUM,Baseline-Decay,123,0.2
540,90.56490384615384,mimic,KRUM,Baseline-Decay,123,0.2
570,90.18429487179488,mimic,KRUM,Baseline-Decay,123,0.2
600,89.83373397435898,mimic,KRUM,Baseline-Decay,123,0.2
630,89.87379807692308,mimic,KRUM,Baseline-Decay,123,0.2
660,89.82371794871794,mimic,KRUM,Baseline-Decay,123,0.2
690,90.21434294871794,mimic,KRUM,Baseline-Decay,123,0.2
720,89.453125,mimic,KRUM,Baseline-Decay,123,0.2
750,89.34294871794872,mimic,KRUM,Baseline-Decay,123,0.2
780,89.13261217948718,mimic,KRUM,Baseline-Decay,123,0.2
810,89.08253205128206,mimic,KRUM,Baseline-Decay,123,0.2
840,89.23277243589743,mimic,KRUM,Baseline-Decay,123,0.2
870,88.95232371794872,mimic,KRUM,Baseline-Decay,123,0.2
900,89.04246794871794,mimic,KRUM,Baseline-Decay,123,0.2
930,89.15264423076923,mimic,KRUM,Baseline-Decay,123,0.2
960,89.03245192307692,mimic,KRUM,Baseline-Decay,123,0.2
990,89.03245192307692,mimic,KRUM,Baseline-Decay,123,0.2
1020,88.9423076923077,mimic,KRUM,Baseline-Decay,123,0.2
1050,88.97235576923077,mimic,KRUM,Baseline-Decay,123,0.2
1080,89.00240384615384,mimic,KRUM,Baseline-Decay,123,0.2
1110,88.96233974358974,mimic,KRUM,Baseline-Decay,123,0.2
1140,89.03245192307692,mimic,KRUM,Baseline-Decay,123,0.2
1170,88.91225961538461,mimic,KRUM,Baseline-Decay,123,0.2
1200,88.92227564102564,mimic,KRUM,Baseline-Decay,123,0.2
1230,88.92227564102564,mimic,KRUM,Baseline-Decay,123,0.2
1260,88.97235576923077,mimic,KRUM,Baseline-Decay,123,0.2
1290,88.9423076923077,mimic,KRUM,Baseline-Decay,123,0.2
1320,88.90224358974359,mimic,KRUM,Baseline-Decay,123,0.2
1350,88.91225961538461,mimic,KRUM,Baseline-Decay,123,0.2
1380,88.95232371794872,mimic,KRUM,Baseline-Decay,123,0.2
1410,88.92227564102564,mimic,KRUM,Baseline-Decay,123,0.2
1440,88.92227564102564,mimic,KRUM,Baseline-Decay,123,0.2
1470,88.9423076923077,mimic,KRUM,Baseline-Decay,123,0.2
1500,88.97235576923077,mimic,KRUM,Baseline-Decay,123,0.2
30,64.87379807692308,BF,KRUM,Byz-NSGDM,42,0.1
60,70.67307692307692,BF,KRUM,Byz-NSGDM,42,0.1
90,76.78285256410257,BF,KRUM,Byz-NSGDM,42,0.1
120,79.18669871794872,BF,KRUM,Byz-NSGDM,42,0.1
150,81.23998397435898,BF,KRUM,Byz-NSGDM,42,0.1
180,82.01121794871794,BF,KRUM,Byz-NSGDM,42,0.1
210,82.32171474358974,BF,KRUM,Byz-NSGDM,42,0.1
240,83.15304487179488,BF,KRUM,Byz-NSGDM,42,0.1
270,83.30328525641026,BF,KRUM,Byz-NSGDM,42,0.1
300,83.6338141025641,BF,KRUM,Byz-NSGDM,42,0.1
330,83.99439102564102,BF,KRUM,Byz-NSGDM,42,0.1
360,84.34495192307692,BF,KRUM,Byz-NSGDM,42,0.1
390,84.17467948717949,BF,KRUM,Byz-NSGDM,42,0.1
420,84.38501602564102,BF,KRUM,Byz-NSGDM,42,0.1
450,84.73557692307692,BF,KRUM,Byz-NSGDM,42,0.1
480,84.78565705128206,BF,KRUM,Byz-NSGDM,42,0.1
510,85.02604166666667,BF,KRUM,Byz-NSGDM,42,0.1
540,85.31650641025641,BF,KRUM,Byz-NSGDM,42,0.1
570,84.78565705128206,BF,KRUM,Byz-NSGDM,42,0.1
600,85.18629807692308,BF,KRUM,Byz-NSGDM,42,0.1
630,85.48677884615384,BF,KRUM,Byz-NSGDM,42,0.1
660,85.21634615384616,BF,KRUM,Byz-NSGDM,42,0.1
690,85.18629807692308,BF,KRUM,Byz-NSGDM,42,0.1
720,85.6270032051282,BF,KRUM,Byz-NSGDM,42,0.1
750,85.2363782051282,BF,KRUM,Byz-NSGDM,42,0.1
780,85.70713141025641,BF,KRUM,Byz-NSGDM,42,0.1
810,85.6270032051282,BF,KRUM,Byz-NSGDM,42,0.1
840,85.37660256410257,BF,KRUM,Byz-NSGDM,42,0.1
870,85.37660256410257,BF,KRUM,Byz-NSGDM,42,0.1
900,85.83733974358974,BF,KRUM,Byz-NSGDM,42,0.1
930,85.92748397435898,BF,KRUM,Byz-NSGDM,42,0.1
960,85.74719551282051,BF,KRUM,Byz-NSGDM,42,0.1
990,85.83733974358974,BF,KRUM,Byz-NSGDM,42,0.1
1020,85.68709935897436,BF,KRUM,Byz-NSGDM,42,0.1
1050,85.59695512820512,BF,KRUM,Byz-NSGDM,42,0.1
1080,85.83733974358974,BF,KRUM,Byz-NSGDM,42,0.1
1110,85.8573717948718,BF,KRUM,Byz-NSGDM,42,0.1
1140,85.90745192307692,BF,KRUM,Byz-NSGDM,42,0.1
1170,85.9375,BF,KRUM,Byz-NSGDM,42,0.1
1200,86.04767628205128,BF,KRUM,Byz-NSGDM,42,0.1
1230,85.92748397435898,BF,KRUM,Byz-NSGDM,42,0.1
1260,85.94751602564102,BF,KRUM,Byz-NSGDM,42,0.1
1290,85.77724358974359,BF,KRUM,Byz-NSGDM,42,0.1
1320,85.96754807692308,BF,KRUM,Byz-NSGDM,42,0.1
1350,85.63701923076923,BF,KRUM,Byz-NSGDM,42,0.1
1380,85.60697115384616,BF,KRUM,Byz-NSGDM,42,0.1
1410,85.94751602564102,BF,KRUM,Byz-NSGDM,42,0.1
1440,85.5068108974359,BF,KRUM,Byz-NSGDM,42,0.1
1470,85.90745192307692,BF,KRUM,Byz-NSGDM,42,0.1
1500,86.06770833333333,BF,KRUM,Byz-NSGDM,42,0.1
30,64.7636217948718,BF,CM,Byz-NSGDM,42,0.1
60,71.33413461538461,BF,CM,Byz-NSGDM,42,0.1
90,77.21354166666667,BF,CM,Byz-NSGDM,42,0.1
120,79.42708333333333,BF,CM,Byz-NSGDM,42,0.1
150,81.32011217948718,BF,CM,Byz-NSGDM,42,0.1
180,82.08133012820512,BF,CM,Byz-NSGDM,42,0.1
210,82.48197115384616,BF,CM,Byz-NSGDM,42,0.1
240,83.22315705128206,BF,CM,Byz-NSGDM,42,0.1
270,83.39342948717949,BF,CM,Byz-NSGDM,42,0.1
300,83.78405448717949,BF,CM,Byz-NSGDM,42,0.1
330,84.04447115384616,BF,CM,Byz-NSGDM,42,0.1
360,84.47516025641026,BF,CM,Byz-NSGDM,42,0.1
390,84.27483974358974,BF,CM,Byz-NSGDM,42,0.1
420,84.51522435897436,BF,CM,Byz-NSGDM,42,0.1
450,84.83573717948718,BF,CM,Byz-NSGDM,42,0.1
480,84.75560897435898,BF,CM,Byz-NSGDM,42,0.1
510,85.08613782051282,BF,CM,Byz-NSGDM,42,0.1
540,85.28645833333333,BF,CM,Byz-NSGDM,42,0.1
570,84.93589743589743,BF,CM,Byz-NSGDM,42,0.1
600,85.24639423076923,BF,CM,Byz-NSGDM,42,0.1
630,85.37660256410257,BF,CM,Byz-NSGDM,42,0.1
660,85.25641025641026,BF,CM,Byz-NSGDM,42,0.1
690,85.1161858974359,BF,CM,Byz-NSGDM,42,0.1
720,85.69711538461539,BF,CM,Byz-NSGDM,42,0.1
750,85.34655448717949,BF,CM,Byz-NSGDM,42,0.1
780,85.68709935897436,BF,CM,Byz-NSGDM,42,0.1
810,85.71714743589743,BF,CM,Byz-NSGDM,42,0.1
840,85.35657051282051,BF,CM,Byz-NSGDM,42,0.1
870,85.25641025641026,BF,CM,Byz-NSGDM,42,0.1
900,85.72716346153847,BF,CM,Byz-NSGDM,42,0.1
930,85.88741987179488,BF,CM,Byz-NSGDM,42,0.1
960,85.79727564102564,BF,CM,Byz-NSGDM,42,0.1
990,85.87740384615384,BF,CM,Byz-NSGDM,42,0.1
1020,85.75721153846153,BF,CM,Byz-NSGDM,42,0.1
1050,85.48677884615384,BF,CM,Byz-NSGDM,42,0.1
1080,85.80729166666667,BF,CM,Byz-NSGDM,42,0.1
1110,85.74719551282051,BF,CM,Byz-NSGDM,42,0.1
1140,85.99759615384616,BF,CM,Byz-NSGDM,42,0.1
1170,85.86738782051282,BF,CM,Byz-NSGDM,42,0.1
1200,86.04767628205128,BF,CM,Byz-NSGDM,42,0.1
1230,86.00761217948718,BF,CM,Byz-NSGDM,42,0.1
1260,85.98758012820512,BF,CM,Byz-NSGDM,42,0.1
1290,85.88741987179488,BF,CM,Byz-NSGDM,42,0.1
1320,85.87740384615384,BF,CM,Byz-NSGDM,42,0.1
1350,85.546875,BF,CM,Byz-NSGDM,42,0.1
1380,85.45673076923077,BF,CM,Byz-NSGDM,42,0.1
1410,86.06770833333333,BF,CM,Byz-NSGDM,42,0.1
1440,85.26642628205128,BF,CM,Byz-NSGDM,42,0.1
1470,85.91746794871794,BF,CM,Byz-NSGDM,42,0.1
1500,86.04767628205128,BF,CM,Byz-NSGDM,42,0.1
30,44.36097756410256,mimic,KRUM,Baseline,42,0.002
60,70.7431891025641,mimic,KRUM,Baseline,42,0.002
90,76.61258012820512,mimic,KRUM,Baseline,42,0.002
120,78.76602564102564,mimic,KRUM,Baseline,42,0.002
150,80.62900641025641,mimic,KRUM,Baseline,42,0.002
180,81.71073717948718,mimic,KRUM,Baseline,42,0.002
210,82.0713141025641,mimic,KRUM,Baseline,42,0.002
240,82.76241987179488,mimic,KRUM,Baseline,42,0.002
270,82.94270833333333,mimic,KRUM,Baseline,42,0.002
300,83.17307692307692,mimic,KRUM,Baseline,42,0.002
330,83.52363782051282,mimic,KRUM,Baseline,42,0.002
360,83.9443108974359,mimic,KRUM,Baseline,42,0.002
390,83.97435897435898,mimic,KRUM,Baseline,42,0.002
420,84.35496794871794,mimic,KRUM,Baseline,42,0.002
450,84.78565705128206,mimic,KRUM,Baseline,42,0.002
480,84.51522435897436,mimic,KRUM,Baseline,42,0.002
510,85.14623397435898,mimic,KRUM,Baseline,42,0.002
540,84.89583333333333,mimic,KRUM,Baseline,42,0.002
570,85.18629807692308,mimic,KRUM,Baseline,42,0.002
600,85.1161858974359,mimic,KRUM,Baseline,42,0.002
630,85.38661858974359,mimic,KRUM,Baseline,42,0.002
660,85.48677884615384,mimic,KRUM,Baseline,42,0.002
690,85.9375,mimic,KRUM,Baseline,42,0.002
720,86.14783653846153,mimic,KRUM,Baseline,42,0.002
750,85.87740384615384,mimic,KRUM,Baseline,42,0.002
780,86.26802884615384,mimic,KRUM,Baseline,42,0.002
810,85.96754807692308,mimic,KRUM,Baseline,42,0.002
840,86.15785256410257,mimic,KRUM,Baseline,42,0.002
870,86.4082532051282,mimic,KRUM,Baseline,42,0.002
900,86.72876602564102,mimic,KRUM,Baseline,42,0.002
930,86.55849358974359,mimic,KRUM,Baseline,42,0.002
960,86.60857371794872,mimic,KRUM,Baseline,42,0.002
990,86.89903846153847,mimic,KRUM,Baseline,42,0.002
1020,86.71875,mimic,KRUM,Baseline,42,0.002
1050,86.86899038461539,mimic,KRUM,Baseline,42,0.002
1080,86.66866987179488,mimic,KRUM,Baseline,42,0.002
1110,87.00921474358974,mimic,KRUM,Baseline,42,0.002
1140,86.7988782051282,mimic,KRUM,Baseline,42,0.002
1170,86.85897435897436,mimic,KRUM,Baseline,42,0.002
1200,87.04927884615384,mimic,KRUM,Baseline,42,0.002
1230,87.17948717948718,mimic,KRUM,Baseline,42,0.002
1260,87.1494391025641,mimic,KRUM,Baseline,42,0.002
1290,87.08934294871794,mimic,KRUM,Baseline,42,0.002
1320,87.32972756410257,mimic,KRUM,Baseline,42,0.002
1350,87.3798076923077,mimic,KRUM,Baseline,42,0.002
1380,86.8389423076923,mimic,KRUM,Baseline,42,0.002
1410,87.24959935897436,mimic,KRUM,Baseline,42,0.002
1440,87.32972756410257,mimic,KRUM,Baseline,42,0.002
1470,87.55008012820512,mimic,KRUM,Baseline,42,0.002
1500,87.55008012820512,mimic,KRUM,Baseline,42,0.002
30,81.2099358974359,BF,RFA,Baseline,0,0.01
60,79.3770032051282,BF,RFA,Baseline,0,0.01
90,82.52203525641026,BF,RFA,Baseline,0,0.01
120,83.66386217948718,BF,RFA,Baseline,0,0.01
150,84.90584935897436,BF,RFA,Baseline,0,0.01
180,84.98597756410257,BF,RFA,Baseline,0,0.01
210,80.98958333333333,BF,RFA,Baseline,0,0.01
240,84.03445512820512,BF,RFA,Baseline,0,0.01
270,85.59695512820512,BF,RFA,Baseline,0,0.01
300,83.92427884615384,BF,RFA,Baseline,0,0.01
330,82.06129807692308,BF,RFA,Baseline,0,0.01
360,83.34334935897436,BF,RFA,Baseline,0,0.01
390,84.65544871794872,BF,RFA,Baseline,0,0.01
420,81.97115384615384,BF,RFA,Baseline,0,0.01
450,80.98958333333333,BF,RFA,Baseline,0,0.01
480,9.815705128205128,BF,RFA,Baseline,0,0.01
510,9.815705128205128,BF,RFA,Baseline,0,0.01
540,9.815705128205128,BF,RFA,Baseline,0,0.01
570,9.815705128205128,BF,RFA,Baseline,0,0.01
600,9.815705128205128,BF,RFA,Baseline,0,0.01
630,9.815705128205128,BF,RFA,Baseline,0,0.01
660,9.815705128205128,BF,RFA,Baseline,0,0.01
690,9.815705128205128,BF,RFA,Baseline,0,0.01
720,9.815705128205128,BF,RFA,Baseline,0,0.01
750,9.815705128205128,BF,RFA,Baseline,0,0.01
780,9.815705128205128,BF,RFA,Baseline,0,0.01
810,9.815705128205128,BF,RFA,Baseline,0,0.01
840,9.815705128205128,BF,RFA,Baseline,0,0.01
870,9.815705128205128,BF,RFA,Baseline,0,0.01
900,9.815705128205128,BF,RFA,Baseline,0,0.01
930,9.815705128205128,BF,RFA,Baseline,0,0.01
960,9.815705128205128,BF,RFA,Baseline,0,0.01
990,9.815705128205128,BF,RFA,Baseline,0,0.01
1020,9.815705128205128,BF,RFA,Baseline,0,0.01
1050,9.815705128205128,BF,RFA,Baseline,0,0.01
1080,9.815705128205128,BF,RFA,Baseline,0,0.01
1110,9.815705128205128,BF,RFA,Baseline,0,0.01
1140,9.815705128205128,BF,RFA,Baseline,0,0.01
1170,9.815705128205128,BF,RFA,Baseline,0,0.01
1200,9.815705128205128,BF,RFA,Baseline,0,0.01
1230,9.815705128205128,BF,RFA,Baseline,0,0.01
1260,9.815705128205128,BF,RFA,Baseline,0,0.01
1290,9.815705128205128,BF,RFA,Baseline,0,0.01
1320,9.815705128205128,BF,RFA,Baseline,0,0.01
1350,9.815705128205128,BF,RFA,Baseline,0,0.01
1380,9.815705128205128,BF,RFA,Baseline,0,0.01
1410,9.815705128205128,BF,RFA,Baseline,0,0.01
1440,9.815705128205128,BF,RFA,Baseline,0,0.01
1470,9.815705128205128,BF,RFA,Baseline,0,0.01
1500,9.815705128205128,BF,RFA,Baseline,0,0.01
30,63.802083333333336,mimic,RFA,Byz-NSGDM,0,0.1
60,73.13701923076923,mimic,RFA,Byz-NSGDM,0,0.1
90,82.14142628205128,mimic,RFA,Byz-NSGDM,0,0.1
120,85.87740384615384,mimic,RFA,Byz-NSGDM,0,0.1
150,88.10096153846153,mimic,RFA,Byz-NSGDM,0,0.1
180,89.13261217948718,mimic,RFA,Byz-NSGDM,0,0.1
210,89.85376602564102,mimic,RFA,Byz-NSGDM,0,0.1
240,90.37459935897436,mimic,RFA,Byz-NSGDM,0,0.1
270,91.10576923076923,mimic,RFA,Byz-NSGDM,0,0.1
300,90.8954326923077,mimic,RFA,Byz-NSGDM,0,0.1
330,91.81690705128206,mimic,RFA,Byz-NSGDM,0,0.1
360,91.88701923076923,mimic,RFA,Byz-NSGDM,0,0.1
390,91.86698717948718,mimic,RFA,Byz-NSGDM,0,0.1
420,92.6582532051282,mimic,RFA,Byz-NSGDM,0,0.1
450,92.6181891025641,mimic,RFA,Byz-NSGDM,0,0.1
480,93.09895833333333,mimic,RFA,Byz-NSGDM,0,0.1
510,93.2792467948718,mimic,RFA,Byz-NSGDM,0,0.1
540,93.07892628205128,mimic,RFA,Byz-NSGDM,0,0.1
570,93.25921474358974,mimic,RFA,Byz-NSGDM,0,0.1
600,93.3994391025641,mimic,RFA,Byz-NSGDM,0,0.1
630,93.75,mimic,RFA,Byz-NSGDM,0,0.1
660,93.7900641025641,mimic,RFA,Byz-NSGDM,0,0.1
690,93.61979166666667,mimic,RFA,Byz-NSGDM,0,0.1
720,94.24078525641026,mimic,RFA,Byz-NSGDM,0,0.1
750,94.12059294871794,mimic,RFA,Byz-NSGDM,0,0.1
780,94.1005608974359,mimic,RFA,Byz-NSGDM,0,0.1
810,94.25080128205128,mimic,RFA,Byz-NSGDM,0,0.1
840,94.12059294871794,mimic,RFA,Byz-NSGDM,0,0.1
870,94.4110576923077,mimic,RFA,Byz-NSGDM,0,0.1
900,94.59134615384616,mimic,RFA,Byz-NSGDM,0,0.1
930,94.44110576923077,mimic,RFA,Byz-NSGDM,0,0.1
960,94.81169871794872,mimic,RFA,Byz-NSGDM,0,0.1
990,94.67147435897436,mimic,RFA,Byz-NSGDM,0,0.1
1020,94.75160256410257,mimic,RFA,Byz-NSGDM,0,0.1
1050,94.72155448717949,mimic,RFA,Byz-NSGDM,0,0.1
1080,94.87179487179488,mimic,RFA,Byz-NSGDM,0,0.1
1110,95.02203525641026,mimic,RFA,Byz-NSGDM,0,0.1
1140,94.99198717948718,mimic,RFA,Byz-NSGDM,0,0.1
1170,95.2724358974359,mimic,RFA,Byz-NSGDM,0,0.1
1200,95.18229166666667,mimic,RFA,Byz-NSGDM,0,0.1
1230,95.26241987179488,mimic,RFA,Byz-NSGDM,0,0.1
1260,95.22235576923077,mimic,RFA,Byz-NSGDM,0,0.1
1290,95.21233974358974,mimic,RFA,Byz-NSGDM,0,0.1
1320,95.16225961538461,mimic,RFA,Byz-NSGDM,0,0.1
1350,95.22235576923077,mimic,RFA,Byz-NSGDM,0,0.1
1380,95.1923076923077,mimic,RFA,Byz-NSGDM,0,0.1
1410,95.47275641025641,mimic,RFA,Byz-NSGDM,0,0.1
1440,95.55288461538461,mimic,RFA,Byz-NSGDM,0,0.1
1470,95.6630608974359,mimic,RFA,Byz-NSGDM,0,0.1
1500,95.6229967948718,mimic,RFA,Byz-NSGDM,0,0.1
30,78.75600961538461,BF,KRUM,Baseline-Decay,0,0.2
60,85.1963141025641,BF,KRUM,Baseline-Decay,0,0.2
90,85.17628205128206,BF,KRUM,Baseline-Decay,0,0.2
120,77.78445512820512,BF,KRUM,Baseline-Decay,0,0.2
150,81.34014423076923,BF,KRUM,Baseline-Decay,0,0.2
180,9.815705128205128,BF,KRUM,Baseline-Decay,0,0.2
210,9.815705128205128,BF,KRUM,Baseline-Decay,0,0.2
240,9.815705128205128,BF,KRUM,Baseline-Decay,0,0.2
270,9.815705128205128,BF,KRUM,Baseline-Decay,0,0.2
300,9.815705128205128,BF,KRUM,Baseline-Decay,0,0.2
330,9.815705128205128,BF,KRUM,Baseline-Decay,0,0.2
360,9.815705128205128,BF,KRUM,Baseline-Decay,0,0.2
390,9.815705128205128,BF,KRUM,Baseline-Decay,0,0.2
420,9.815705128205128,BF,KRUM,Baseline-Decay,0,0.2
450,9.815705128205128,BF,KRUM,Baseline-Decay,0,0.2
480,9.815705128205128,BF,KRUM,Baseline-Decay,0,0.2
510,9.815705128205128,BF,KRUM,Baseline-Decay,0,0.2
540,9.815705128205128,BF,KRUM,Baseline-Decay,0,0.2
570,9.815705128205128,BF,KRUM,Baseline-Decay,0,0.2
600,9.815705128205128,BF,KRUM,Baseline-Decay,0,0.2
630,9.815705128205128,BF,KRUM,Baseline-Decay,0,0.2
660,9.815705128205128,BF,KRUM,Baseline-Decay,0,0.2
690,9.815705128205128,BF,KRUM,Baseline-Decay,0,0.2
720,9.815705128205128,BF,KRUM,Baseline-Decay,0,0.2
750,9.815705128205128,BF,KRUM,Baseline-Decay,0,0.2
780,9.815705128205128,BF,KRUM,Baseline-Decay,0,0.2
810,9.815705128205128,BF,KRUM,Baseline-Decay,0,0.2
840,9.815705128205128,BF,KRUM,Baseline-Decay,0,0.2
870,9.815705128205128,BF,KRUM,Baseline-Decay,0,0.2
900,9.815705128205128,BF,KRUM,Baseline-Decay,0,0.2
930,9.815705128205128,BF,KRUM,Baseline-Decay,0,0.2
960,9.815705128205128,BF,KRUM,Baseline-Decay,0,0.2
990,9.815705128205128,BF,KRUM,Baseline-Decay,0,0.2
1020,9.815705128205128,BF,KRUM,Baseline-Decay,0,0.2
1050,9.815705128205128,BF,KRUM,Baseline-Decay,0,0.2
1080,9.815705128205128,BF,KRUM,Baseline-Decay,0,0.2
1110,9.815705128205128,BF,KRUM,Baseline-Decay,0,0.2
1140,9.815705128205128,BF,KRUM,Baseline-Decay,0,0.2
1170,9.815705128205128,BF,KRUM,Baseline-Decay,0,0.2
1200,9.815705128205128,BF,KRUM,Baseline-Decay,0,0.2
1230,9.815705128205128,BF,KRUM,Baseline-Decay,0,0.2
1260,9.815705128205128,BF,KRUM,Baseline-Decay,0,0.2
1290,9.815705128205128,BF,KRUM,Baseline-Decay,0,0.2
1320,9.815705128205128,BF,KRUM,Baseline-Decay,0,0.2
1350,9.815705128205128,BF,KRUM,Baseline-Decay,0,0.2
1380,9.815705128205128,BF,KRUM,Baseline-Decay,0,0.2
1410,9.815705128205128,BF,KRUM,Baseline-Decay,0,0.2
1440,9.815705128205128,BF,KRUM,Baseline-Decay,0,0.2
1470,9.815705128205128,BF,KRUM,Baseline-Decay,0,0.2
1500,9.815705128205128,BF,KRUM,Baseline-Decay,0,0.2
30,9.815705128205128,mimic,RFA,Baseline-Decay,0,0.5
60,9.815705128205128,mimic,RFA,Baseline-Decay,0,0.5
90,9.815705128205128,mimic,RFA,Baseline-Decay,0,0.5
120,9.815705128205128,mimic,RFA,Baseline-Decay,0,0.5
150,9.815705128205128,mimic,RFA,Baseline-Decay,0,0.5
180,9.815705128205128,mimic,RFA,Baseline-Decay,0,0.5
210,9.815705128205128,mimic,RFA,Baseline-Decay,0,0.5
240,9.815705128205128,mimic,RFA,Baseline-Decay,0,0.5
270,9.815705128205128,mimic,RFA,Baseline-Decay,0,0.5
300,9.815705128205128,mimic,RFA,Baseline-Decay,0,0.5
330,9.815705128205128,mimic,RFA,Baseline-Decay,0,0.5
360,9.815705128205128,mimic,RFA,Baseline-Decay,0,0.5
390,9.815705128205128,mimic,RFA,Baseline-Decay,0,0.5
420,9.815705128205128,mimic,RFA,Baseline-Decay,0,0.5
450,9.815705128205128,mimic,RFA,Baseline-Decay,0,0.5
480,9.815705128205128,mimic,RFA,Baseline-Decay,0,0.5
510,9.815705128205128,mimic,RFA,Baseline-Decay,0,0.5
540,9.815705128205128,mimic,RFA,Baseline-Decay,0,0.5
570,9.815705128205128,mimic,RFA,Baseline-Decay,0,0.5
600,9.815705128205128,mimic,RFA,Baseline-Decay,0,0.5
630,9.815705128205128,mimic,RFA,Baseline-Decay,0,0.5
660,9.815705128205128,mimic,RFA,Baseline-Decay,0,0.5
690,9.815705128205128,mimic,RFA,Baseline-Decay,0,0.5
720,9.815705128205128,mimic,RFA,Baseline-Decay,0,0.5
750,9.815705128205128,mimic,RFA,Baseline-Decay,0,0.5
780,9.815705128205128,mimic,RFA,Baseline-Decay,0,0.5
810,9.815705128205128,mimic,RFA,Baseline-Decay,0,0.5
840,9.815705128205128,mimic,RFA,Baseline-Decay,0,0.5
870,9.815705128205128,mimic,RFA,Baseline-Decay,0,0.5
900,9.815705128205128,mimic,RFA,Baseline-Decay,0,0.5
930,9.815705128205128,mimic,RFA,Baseline-Decay,0,0.5
960,9.815705128205128,mimic,RFA,Baseline-Decay,0,0.5
990,9.815705128205128,mimic,RFA,Baseline-Decay,0,0.5
1020,9.815705128205128,mimic,RFA,Baseline-Decay,0,0.5
1050,9.815705128205128,mimic,RFA,Baseline-Decay,0,0.5
1080,9.815705128205128,mimic,RFA,Baseline-Decay,0,0.5
1110,9.815705128205128,mimic,RFA,Baseline-Decay,0,0.5
1140,9.815705128205128,mimic,RFA,Baseline-Decay,0,0.5
1170,9.815705128205128,mimic,RFA,Baseline-Decay,0,0.5
1200,9.815705128205128,mimic,RFA,Baseline-Decay,0,0.5
1230,9.815705128205128,mimic,RFA,Baseline-Decay,0,0.5
1260,9.815705128205128,mimic,RFA,Baseline-Decay,0,0.5
1290,9.815705128205128,mimic,RFA,Baseline-Decay,0,0.5
1320,9.815705128205128,mimic,RFA,Baseline-Decay,0,0.5
1350,9.815705128205128,mimic,RFA,Baseline-Decay,0,0.5
1380,9.815705128205128,mimic,RFA,Baseline-Decay,0,0.5
1410,9.815705128205128,mimic,RFA,Baseline-Decay,0,0.5
1440,9.815705128205128,mimic,RFA,Baseline-Decay,0,0.5
1470,9.815705128205128,mimic,RFA,Baseline-Decay,0,0.5
1500,9.815705128205128,mimic,RFA,Baseline-Decay,0,0.5
30,61.76883012820513,mimic,CM,Baseline,0,0.002
60,67.96875,mimic,CM,Baseline,0,0.002
90,80.92948717948718,mimic,CM,Baseline,0,0.002
120,85.10616987179488,mimic,CM,Baseline,0,0.002
150,87.60016025641026,mimic,CM,Baseline,0,0.002
180,88.34134615384616,mimic,CM,Baseline,0,0.002
210,89.36298076923077,mimic,CM,Baseline,0,0.002
240,90.13421474358974,mimic,CM,Baseline,0,0.002
270,90.81530448717949,mimic,CM,Baseline,0,0.002
300,90.72516025641026,mimic,CM,Baseline,0,0.002
330,91.53645833333333,mimic,CM,Baseline,0,0.002
360,91.74679487179488,mimic,CM,Baseline,0,0.002
390,91.73677884615384,mimic,CM,Baseline,0,0.002
420,92.64823717948718,mimic,CM,Baseline,0,0.002
450,92.5380608974359,mimic,CM,Baseline,0,0.002
480,93.15905448717949,mimic,CM,Baseline,0,0.002
510,93.42948717948718,mimic,CM,Baseline,0,0.002
540,93.09895833333333,mimic,CM,Baseline,0,0.002
570,93.69991987179488,mimic,CM,Baseline,0,0.002
600,93.3994391025641,mimic,CM,Baseline,0,0.002
630,94.08052884615384,mimic,CM,Baseline,0,0.002
660,94.09054487179488,mimic,CM,Baseline,0,0.002
690,93.95032051282051,mimic,CM,Baseline,0,0.002
720,94.53125,mimic,CM,Baseline,0,0.002
750,94.52123397435898,mimic,CM,Baseline,0,0.002
780,94.39102564102564,mimic,CM,Baseline,0,0.002
810,94.85176282051282,mimic,CM,Baseline,0,0.002
840,94.76161858974359,mimic,CM,Baseline,0,0.002
870,95.14222756410257,mimic,CM,Baseline,0,0.002
900,94.89182692307692,mimic,CM,Baseline,0,0.002
930,95.29246794871794,mimic,CM,Baseline,0,0.002
960,95.42267628205128,mimic,CM,Baseline,0,0.002
990,95.28245192307692,mimic,CM,Baseline,0,0.002
1020,95.40264423076923,mimic,CM,Baseline,0,0.002
1050,95.10216346153847,mimic,CM,Baseline,0,0.002
1080,95.51282051282051,mimic,CM,Baseline,0,0.002
1110,95.6229967948718,mimic,CM,Baseline,0,0.002
1140,95.89342948717949,mimic,CM,Baseline,0,0.002
1170,95.96354166666667,mimic,CM,Baseline,0,0.002
1200,95.87339743589743,mimic,CM,Baseline,0,0.002
1230,95.91346153846153,mimic,CM,Baseline,0,0.002
1260,95.88341346153847,mimic,CM,Baseline,0,0.002
1290,96.02363782051282,mimic,CM,Baseline,0,0.002
1320,96.10376602564102,mimic,CM,Baseline,0,0.002
1350,96.02363782051282,mimic,CM,Baseline,0,0.002
1380,95.98357371794872,mimic,CM,Baseline,0,0.002
1410,96.33413461538461,mimic,CM,Baseline,0,0.002
1440,95.94350961538461,mimic,CM,Baseline,0,0.002
1470,96.54447115384616,mimic,CM,Baseline,0,0.002
1500,96.50440705128206,mimic,CM,Baseline,0,0.002
30,84.98597756410257,LF,CM,Byz-NSGDM,0,1.0
60,85.84735576923077,LF,CM,Byz-NSGDM,0,1.0
90,87.27964743589743,LF,CM,Byz-NSGDM,0,1.0
120,87.68028846153847,LF,CM,Byz-NSGDM,0,1.0
150,87.79046474358974,LF,CM,Byz-NSGDM,0,1.0
180,88.03084935897436,LF,CM,Byz-NSGDM,0,1.0
210,88.58173076923077,LF,CM,Byz-NSGDM,0,1.0
240,88.81209935897436,LF,CM,Byz-NSGDM,0,1.0
270,88.39142628205128,LF,CM,Byz-NSGDM,0,1.0
300,88.7920673076923,LF,CM,Byz-NSGDM,0,1.0
330,88.76201923076923,LF,CM,Byz-NSGDM,0,1.0
360,88.97235576923077,LF,CM,Byz-NSGDM,0,1.0
390,88.73197115384616,LF,CM,Byz-NSGDM,0,1.0
420,89.03245192307692,LF,CM,Byz-NSGDM,0,1.0
450,88.76201923076923,LF,CM,Byz-NSGDM,0,1.0
480,88.96233974358974,LF,CM,Byz-NSGDM,0,1.0
510,88.99238782051282,LF,CM,Byz-NSGDM,0,1.0
540,88.9823717948718,LF,CM,Byz-NSGDM,0,1.0
570,88.96233974358974,LF,CM,Byz-NSGDM,0,1.0
600,89.00240384615384,LF,CM,Byz-NSGDM,0,1.0
630,89.01241987179488,LF,CM,Byz-NSGDM,0,1.0
660,88.9823717948718,LF,CM,Byz-NSGDM,0,1.0
690,89.0224358974359,LF,CM,Byz-NSGDM,0,1.0
720,89.13261217948718,LF,CM,Byz-NSGDM,0,1.0
750,89.1025641025641,LF,CM,Byz-NSGDM,0,1.0
780,89.1826923076923,LF,CM,Byz-NSGDM,0,1.0
810,89.20272435897436,LF,CM,Byz-NSGDM,0,1.0
840,89.03245192307692,LF,CM,Byz-NSGDM,0,1.0
870,89.1025641025641,LF,CM,Byz-NSGDM,0,1.0
900,89.16266025641026,LF,CM,Byz-NSGDM,0,1.0
930,89.1426282051282,LF,CM,Byz-NSGDM,0,1.0
960,89.17267628205128,LF,CM,Byz-NSGDM,0,1.0
990,89.13261217948718,LF,CM,Byz-NSGDM,0,1.0
1020,89.16266025641026,LF,CM,Byz-NSGDM,0,1.0
1050,89.08253205128206,LF,CM,Byz-NSGDM,0,1.0
1080,89.16266025641026,LF,CM,Byz-NSGDM,0,1.0
1110,89.08253205128206,LF,CM,Byz-NSGDM,0,1.0
1140,89.12259615384616,LF,CM,Byz-NSGDM,0,1.0
1170,88.9823717948718,LF,CM,Byz-NSGDM,0,1.0
1200,89.26282051282051,LF,CM,Byz-NSGDM,0,1.0
1230,89.13261217948718,LF,CM,Byz-NSGDM,0,1.0
1260,89.16266025641026,LF,CM,Byz-NSGDM,0,1.0
1290,89.22275641025641,LF,CM,Byz-NSGDM,0,1.0
1320,89.15264423076923,LF,CM,Byz-NSGDM,0,1.0
1350,89.21274038461539,LF,CM,Byz-NSGDM,0,1.0
1380,89.17267628205128,LF,CM,Byz-NSGDM,0,1.0
1410,89.24278846153847,LF,CM,Byz-NSGDM,0,1.0
1440,89.09254807692308,LF,CM,Byz-NSGDM,0,1.0
1470,89.16266025641026,LF,CM,Byz-NSGDM,0,1.0
1500,89.17267628205128,LF,CM,Byz-NSGDM,0,1.0
30,18.529647435897434,LF,RFA,Byz-NSGDM,0,0.005
60,26.392227564102566,LF,RFA,Byz-NSGDM,0,0.005
90,29.91786858974359,LF,RFA,Byz-NSGDM,0,0.005
120,32.15144230769231,LF,RFA,Byz-NSGDM,0,0.005
150,33.79407051282051,LF,RFA,Byz-NSGDM,0,0.005
180,35.416666666666664,LF,RFA,Byz-NSGDM,0,0.005
210,37.26963141025641,LF,RFA,Byz-NSGDM,0,0.005
30,53.615785256410255,LF,KRUM,Baseline,0,0.002
60,74.43910256410257,LF,KRUM,Baseline,0,0.002
90,79.06650641025641,LF,KRUM,Baseline,0,0.002
120,77.63421474358974,LF,KRUM,Baseline,0,0.002
150,79.83774038461539,LF,KRUM,Baseline,0,0.002
180,80.52884615384616,LF,KRUM,Baseline,0,0.002
210,81.3301282051282,LF,KRUM,Baseline,0,0.002
240,82.0713141025641,LF,KRUM,Baseline,0,0.002
270,82.1514423076923,LF,KRUM,Baseline,0,0.002
300,82.7323717948718,LF,KRUM,Baseline,0,0.002
330,83.15304487179488,LF,KRUM,Baseline,0,0.002
360,83.5536858974359,LF,KRUM,Baseline,0,0.002
390,83.75400641025641,LF,KRUM,Baseline,0,0.002
420,83.99439102564102,LF,KRUM,Baseline,0,0.002
450,84.28485576923077,LF,KRUM,Baseline,0,0.002
480,84.44511217948718,LF,KRUM,Baseline,0,0.002
510,84.92588141025641,LF,KRUM,Baseline,0,0.002
540,84.97596153846153,LF,KRUM,Baseline,0,0.002
570,84.93589743589743,LF,KRUM,Baseline,0,0.002
600,85.14623397435898,LF,KRUM,Baseline,0,0.002
630,85.31650641025641,LF,KRUM,Baseline,0,0.002
660,85.53685897435898,LF,KRUM,Baseline,0,0.002
690,85.76722756410257,LF,KRUM,Baseline,0,0.002
720,85.9375,LF,KRUM,Baseline,0,0.002
750,85.77724358974359,LF,KRUM,Baseline,0,0.002
780,85.69711538461539,LF,KRUM,Baseline,0,0.002
810,85.9375,LF,KRUM,Baseline,0,0.002
840,85.76722756410257,LF,KRUM,Baseline,0,0.002
870,86.04767628205128,LF,KRUM,Baseline,0,0.002
900,86.10777243589743,LF,KRUM,Baseline,0,0.002
930,86.60857371794872,LF,KRUM,Baseline,0,0.002
960,86.46834935897436,LF,KRUM,Baseline,0,0.002
990,86.50841346153847,LF,KRUM,Baseline,0,0.002
1020,86.58854166666667,LF,KRUM,Baseline,0,0.002
1050,86.52844551282051,LF,KRUM,Baseline,0,0.002
1080,86.52844551282051,LF,KRUM,Baseline,0,0.002
1110,86.328125,LF,KRUM,Baseline,0,0.002
1140,86.61858974358974,LF,KRUM,Baseline,0,0.002
1170,86.52844551282051,LF,KRUM,Baseline,0,0.002
1200,87.0693108974359,LF,KRUM,Baseline,0,0.002
1230,86.97916666666667,LF,KRUM,Baseline,0,0.002
1260,86.7988782051282,LF,KRUM,Baseline,0,0.002
1290,86.66866987179488,LF,KRUM,Baseline,0,0.002
1320,86.7988782051282,LF,KRUM,Baseline,0,0.002
1350,87.01923076923077,LF,KRUM,Baseline,0,0.002
1380,86.8389423076923,LF,KRUM,Baseline,0,0.002
1410,87.0693108974359,LF,KRUM,Baseline,0,0.002
1440,87.05929487179488,LF,KRUM,Baseline,0,0.002
1470,87.1895032051282,LF,KRUM,Baseline,0,0.002
1500,87.12940705128206,LF,KRUM,Baseline,0,0.002
30,36.6786858974359,BF,KRUM,Baseline,42,0.001
60,56.750801282051285,BF,KRUM,Baseline,42,0.001
90,65.75520833333333,BF,KRUM,Baseline,42,0.001
120,70.13221153846153,BF,KRUM,Baseline,42,0.001
150,74.74959935897436,BF,KRUM,Baseline,42,0.001
180,77.56410256410257,BF,KRUM,Baseline,42,0.001
210,78.9463141025641,BF,KRUM,Baseline,42,0.001
240,79.70753205128206,BF,KRUM,Baseline,42,0.001
270,80.32852564102564,BF,KRUM,Baseline,42,0.001
300,81.03966346153847,BF,KRUM,Baseline,42,0.001
330,81.39022435897436,BF,KRUM,Baseline,42,0.001
360,81.71073717948718,BF,KRUM,Baseline,42,0.001
390,81.85096153846153,BF,KRUM,Baseline,42,0.001
420,81.9110576923077,BF,KRUM,Baseline,42,0.001
450,82.1514423076923,BF,KRUM,Baseline,42,0.001
480,82.63221153846153,BF,KRUM,Baseline,42,0.001
510,83.14302884615384,BF,KRUM,Baseline,42,0.001
540,83.37339743589743,BF,KRUM,Baseline,42,0.001
570,83.1229967948718,BF,KRUM,Baseline,42,0.001
600,83.38341346153847,BF,KRUM,Baseline,42,0.001
630,83.70392628205128,BF,KRUM,Baseline,42,0.001
660,83.82411858974359,BF,KRUM,Baseline,42,0.001
690,83.85416666666667,BF,KRUM,Baseline,42,0.001
720,84.34495192307692,BF,KRUM,Baseline,42,0.001
750,84.05448717948718,BF,KRUM,Baseline,42,0.001
780,84.44511217948718,BF,KRUM,Baseline,42,0.001
810,84.39503205128206,BF,KRUM,Baseline,42,0.001
840,84.43509615384616,BF,KRUM,Baseline,42,0.001
870,84.47516025641026,BF,KRUM,Baseline,42,0.001
900,84.8056891025641,BF,KRUM,Baseline,42,0.001
930,84.71554487179488,BF,KRUM,Baseline,42,0.001
960,84.86578525641026,BF,KRUM,Baseline,42,0.001
990,85.24639423076923,BF,KRUM,Baseline,42,0.001
1020,85.26642628205128,BF,KRUM,Baseline,42,0.001
1050,84.98597756410257,BF,KRUM,Baseline,42,0.001
1080,84.93589743589743,BF,KRUM,Baseline,42,0.001
1110,85.17628205128206,BF,KRUM,Baseline,42,0.001
1140,85.43669871794872,BF,KRUM,Baseline,42,0.001
1170,85.28645833333333,BF,KRUM,Baseline,42,0.001
1200,85.5869391025641,BF,KRUM,Baseline,42,0.001
1230,85.5869391025641,BF,KRUM,Baseline,42,0.001
1260,84.60536858974359,BF,KRUM,Baseline,42,0.001
1290,84.1045673076923,BF,KRUM,Baseline,42,0.001
1320,81.87099358974359,BF,KRUM,Baseline,42,0.001
1350,80.7792467948718,BF,KRUM,Baseline,42,0.001
1380,83.44350961538461,BF,KRUM,Baseline,42,0.001
1410,84.36498397435898,BF,KRUM,Baseline,42,0.001
1440,76.71274038461539,BF,KRUM,Baseline,42,0.001
1470,77.66426282051282,BF,KRUM,Baseline,42,0.001
1500,85.04607371794872,BF,KRUM,Baseline,42,0.001
30,61.017628205128204,BF,RFA,Baseline-Decay,123,0.01
60,80.91947115384616,BF,RFA,Baseline-Decay,123,0.01
90,84.4551282051282,BF,RFA,Baseline-Decay,123,0.01
120,86.02764423076923,BF,RFA,Baseline-Decay,123,0.01
150,87.40985576923077,BF,RFA,Baseline-Decay,123,0.01
180,88.12099358974359,BF,RFA,Baseline-Decay,123,0.01
210,88.46153846153847,BF,RFA,Baseline-Decay,123,0.01
240,79.2568108974359,BF,RFA,Baseline-Decay,123,0.01
270,81.07972756410257,BF,RFA,Baseline-Decay,123,0.01
300,80.96955128205128,BF,RFA,Baseline-Decay,123,0.01
330,81.28004807692308,BF,RFA,Baseline-Decay,123,0.01
360,81.6806891025641,BF,RFA,Baseline-Decay,123,0.01
390,81.66065705128206,BF,RFA,Baseline-Decay,123,0.01
420,81.54046474358974,BF,RFA,Baseline-Decay,123,0.01
450,81.62059294871794,BF,RFA,Baseline-Decay,123,0.01
480,82.01121794871794,BF,RFA,Baseline-Decay,123,0.01
510,82.02123397435898,BF,RFA,Baseline-Decay,123,0.01
540,82.31169871794872,BF,RFA,Baseline-Decay,123,0.01
570,82.33173076923077,BF,RFA,Baseline-Decay,123,0.01
600,82.55208333333333,BF,RFA,Baseline-Decay,123,0.01
630,82.59214743589743,BF,RFA,Baseline-Decay,123,0.01
660,82.87259615384616,BF,RFA,Baseline-Decay,123,0.01
690,82.71233974358974,BF,RFA,Baseline-Decay,123,0.01
720,82.98277243589743,BF,RFA,Baseline-Decay,123,0.01
750,82.65224358974359,BF,RFA,Baseline-Decay,123,0.01
780,83.0829326923077,BF,RFA,Baseline-Decay,123,0.01
810,83.23317307692308,BF,RFA,Baseline-Decay,123,0.01
840,83.1229967948718,BF,RFA,Baseline-Decay,123,0.01
870,83.06290064102564,BF,RFA,Baseline-Decay,123,0.01
900,83.45352564102564,BF,RFA,Baseline-Decay,123,0.01
930,83.43349358974359,BF,RFA,Baseline-Decay,123,0.01
960,83.37339743589743,BF,RFA,Baseline-Decay,123,0.01
990,83.5536858974359,BF,RFA,Baseline-Decay,123,0.01
1020,83.57371794871794,BF,RFA,Baseline-Decay,123,0.01
1050,83.70392628205128,BF,RFA,Baseline-Decay,123,0.01
1080,83.77403846153847,BF,RFA,Baseline-Decay,123,0.01
1110,83.62379807692308,BF,RFA,Baseline-Decay,123,0.01
1140,83.84415064102564,BF,RFA,Baseline-Decay,123,0.01
1170,83.87419871794872,BF,RFA,Baseline-Decay,123,0.01
1200,83.92427884615384,BF,RFA,Baseline-Decay,123,0.01
1230,83.84415064102564,BF,RFA,Baseline-Decay,123,0.01
1260,84.04447115384616,BF,RFA,Baseline-Decay,123,0.01
1290,83.95432692307692,BF,RFA,Baseline-Decay,123,0.01
1320,84.12459935897436,BF,RFA,Baseline-Decay,123,0.01
1350,84.09455128205128,BF,RFA,Baseline-Decay,123,0.01
1380,84.1045673076923,BF,RFA,Baseline-Decay,123,0.01
1410,84.12459935897436,BF,RFA,Baseline-Decay,123,0.01
1440,84.17467948717949,BF,RFA,Baseline-Decay,123,0.01
1470,84.24479166666667,BF,RFA,Baseline-Decay,123,0.01
1500,84.2948717948718,BF,RFA,Baseline-Decay,123,0.01
30,41.38621794871795,BF,RFA,Baseline,123,0.001
60,61.41826923076923,BF,RFA,Baseline,123,0.001
90,77.00320512820512,BF,RFA,Baseline,123,0.001
120,82.421875,BF,RFA,Baseline,123,0.001
150,85.77724358974359,BF,RFA,Baseline,123,0.001
180,87.20953525641026,BF,RFA,Baseline,123,0.001
210,88.0108173076923,BF,RFA,Baseline,123,0.001
240,79.89783653846153,BF,RFA,Baseline,123,0.001
270,80.69911858974359,BF,RFA,Baseline,123,0.001
300,81.06971153846153,BF,RFA,Baseline,123,0.001
330,81.65064102564102,BF,RFA,Baseline,123,0.001
360,81.89102564102564,BF,RFA,Baseline,123,0.001
390,81.88100961538461,BF,RFA,Baseline,123,0.001
420,82.06129807692308,BF,RFA,Baseline,123,0.001
450,82.29166666666667,BF,RFA,Baseline,123,0.001
480,82.70232371794872,BF,RFA,Baseline,123,0.001
510,83.0829326923077,BF,RFA,Baseline,123,0.001
540,83.57371794871794,BF,RFA,Baseline,123,0.001
570,83.33333333333333,BF,RFA,Baseline,123,0.001
600,83.65384615384616,BF,RFA,Baseline,123,0.001
630,83.92427884615384,BF,RFA,Baseline,123,0.001
660,84.01442307692308,BF,RFA,Baseline,123,0.001
690,84.12459935897436,BF,RFA,Baseline,123,0.001
720,84.28485576923077,BF,RFA,Baseline,123,0.001
750,84.09455128205128,BF,RFA,Baseline,123,0.001
780,84.52524038461539,BF,RFA,Baseline,123,0.001
810,84.67548076923077,BF,RFA,Baseline,123,0.001
840,84.7255608974359,BF,RFA,Baseline,123,0.001
870,84.73557692307692,BF,RFA,Baseline,123,0.001
900,84.89583333333333,BF,RFA,Baseline,123,0.001
930,84.94591346153847,BF,RFA,Baseline,123,0.001
960,85.14623397435898,BF,RFA,Baseline,123,0.001
990,85.24639423076923,BF,RFA,Baseline,123,0.001
1020,85.4266826923077,BF,RFA,Baseline,123,0.001
1050,85.2764423076923,BF,RFA,Baseline,123,0.001
1080,85.39663461538461,BF,RFA,Baseline,123,0.001
1110,85.29647435897436,BF,RFA,Baseline,123,0.001
1140,85.38661858974359,BF,RFA,Baseline,123,0.001
1170,85.56690705128206,BF,RFA,Baseline,123,0.001
1200,85.71714743589743,BF,RFA,Baseline,123,0.001
1230,85.72716346153847,BF,RFA,Baseline,123,0.001
1260,85.80729166666667,BF,RFA,Baseline,123,0.001
1290,85.70713141025641,BF,RFA,Baseline,123,0.001
1320,85.82732371794872,BF,RFA,Baseline,123,0.001
1350,86.23798076923077,BF,RFA,Baseline,123,0.001
1380,85.56690705128206,BF,RFA,Baseline,123,0.001
1410,85.65705128205128,BF,RFA,Baseline,123,0.001
1440,85.24639423076923,BF,RFA,Baseline,123,0.001
1470,82.79246794871794,BF,RFA,Baseline,123,0.001
1500,77.56410256410257,BF,RFA,Baseline,123,0.001
30,66.37620192307692,LF,CM,Byz-NSGDM,0,0.1
60,80.078125,LF,CM,Byz-NSGDM,0,0.1
90,74.86979166666667,LF,CM,Byz-NSGDM,0,0.1
120,78.79607371794872,LF,CM,Byz-NSGDM,0,0.1
150,81.1298076923077,LF,CM,Byz-NSGDM,0,0.1
180,81.7207532051282,LF,CM,Byz-NSGDM,0,0.1
210,82.4619391025641,LF,CM,Byz-NSGDM,0,0.1
240,83.21314102564102,LF,CM,Byz-NSGDM,0,0.1
270,83.15304487179488,LF,CM,Byz-NSGDM,0,0.1
300,83.50360576923077,LF,CM,Byz-NSGDM,0,0.1
330,83.9443108974359,LF,CM,Byz-NSGDM,0,0.1
360,84.11458333333333,LF,CM,Byz-NSGDM,0,0.1
390,84.43509615384616,LF,CM,Byz-NSGDM,0,0.1
420,84.71554487179488,LF,CM,Byz-NSGDM,0,0.1
450,84.78565705128206,LF,CM,Byz-NSGDM,0,0.1
480,84.96594551282051,LF,CM,Byz-NSGDM,0,0.1
510,85.2764423076923,LF,CM,Byz-NSGDM,0,0.1
540,85.31650641025641,LF,CM,Byz-NSGDM,0,0.1
570,85.16626602564102,LF,CM,Byz-NSGDM,0,0.1
600,85.35657051282051,LF,CM,Byz-NSGDM,0,0.1
630,85.5869391025641,LF,CM,Byz-NSGDM,0,0.1
660,85.70713141025641,LF,CM,Byz-NSGDM,0,0.1
690,85.87740384615384,LF,CM,Byz-NSGDM,0,0.1
720,86.07772435897436,LF,CM,Byz-NSGDM,0,0.1
750,85.79727564102564,LF,CM,Byz-NSGDM,0,0.1
780,85.8573717948718,LF,CM,Byz-NSGDM,0,0.1
810,85.9375,LF,CM,Byz-NSGDM,0,0.1
840,85.83733974358974,LF,CM,Byz-NSGDM,0,0.1
870,85.88741987179488,LF,CM,Byz-NSGDM,0,0.1
900,86.00761217948718,LF,CM,Byz-NSGDM,0,0.1
930,86.25801282051282,LF,CM,Byz-NSGDM,0,0.1
960,86.16786858974359,LF,CM,Byz-NSGDM,0,0.1
990,86.18790064102564,LF,CM,Byz-NSGDM,0,0.1
1020,86.35817307692308,LF,CM,Byz-NSGDM,0,0.1
1050,86.3681891025641,LF,CM,Byz-NSGDM,0,0.1
1080,86.2079326923077,LF,CM,Byz-NSGDM,0,0.1
1110,86.27804487179488,LF,CM,Byz-NSGDM,0,0.1
1140,86.22796474358974,LF,CM,Byz-NSGDM,0,0.1
1170,86.48838141025641,LF,CM,Byz-NSGDM,0,0.1
1200,86.69871794871794,LF,CM,Byz-NSGDM,0,0.1
1230,86.5985576923077,LF,CM,Byz-NSGDM,0,0.1
1260,86.70873397435898,LF,CM,Byz-NSGDM,0,0.1
1290,86.30809294871794,LF,CM,Byz-NSGDM,0,0.1
1320,86.52844551282051,LF,CM,Byz-NSGDM,0,0.1
1350,86.62860576923077,LF,CM,Byz-NSGDM,0,0.1
1380,86.57852564102564,LF,CM,Byz-NSGDM,0,0.1
1410,86.7588141025641,LF,CM,Byz-NSGDM,0,0.1
1440,86.66866987179488,LF,CM,Byz-NSGDM,0,0.1
1470,86.80889423076923,LF,CM,Byz-NSGDM,0,0.1
1500,86.60857371794872,LF,CM,Byz-NSGDM,0,0.1
30,22.97676282051282,mimic,KRUM,Byz-NSGDM,0,0.01
60,35.01602564102564,mimic,KRUM,Byz-NSGDM,0,0.01
90,42.81850961538461,mimic,KRUM,Byz-NSGDM,0,0.01
120,38.97235576923077,mimic,KRUM,Byz-NSGDM,0,0.01
150,37.55008012820513,mimic,KRUM,Byz-NSGDM,0,0.01
180,38.62179487179487,mimic,KRUM,Byz-NSGDM,0,0.01
210,41.59655448717949,mimic,KRUM,Byz-NSGDM,0,0.01
240,45.28245192307692,mimic,KRUM,Byz-NSGDM,0,0.01
270,47.546073717948715,mimic,KRUM,Byz-NSGDM,0,0.01
300,43.60977564102564,mimic,KRUM,Byz-NSGDM,0,0.01
330,41.877003205128204,mimic,KRUM,Byz-NSGDM,0,0.01
360,39.70352564102564,mimic,KRUM,Byz-NSGDM,0,0.01
390,36.68870192307692,mimic,KRUM,Byz-NSGDM,0,0.01
420,35.56690705128205,mimic,KRUM,Byz-NSGDM,0,0.01
450,35.98758012820513,mimic,KRUM,Byz-NSGDM,0,0.01
480,37.01923076923077,mimic,KRUM,Byz-NSGDM,0,0.01
510,38.72195512820513,mimic,KRUM,Byz-NSGDM,0,0.01
540,40.56490384615385,mimic,KRUM,Byz-NSGDM,0,0.01
570,42.20753205128205,mimic,KRUM,Byz-NSGDM,0,0.01
600,43.80008012820513,mimic,KRUM,Byz-NSGDM,0,0.01
630,45.38261217948718,mimic,KRUM,Byz-NSGDM,0,0.01
660,47.135416666666664,mimic,KRUM,Byz-NSGDM,0,0.01
690,48.45753205128205,mimic,KRUM,Byz-NSGDM,0,0.01
720,49.48918269230769,mimic,KRUM,Byz-NSGDM,0,0.01
750,50.46073717948718,mimic,KRUM,Byz-NSGDM,0,0.01
780,51.34214743589744,mimic,KRUM,Byz-NSGDM,0,0.01
810,52.3036858974359,mimic,KRUM,Byz-NSGDM,0,0.01
840,53.205128205128204,mimic,KRUM,Byz-NSGDM,0,0.01
870,53.9463141025641,mimic,KRUM,Byz-NSGDM,0,0.01
900,54.407051282051285,mimic,KRUM,Byz-NSGDM,0,0.01
930,55.1181891025641,mimic,KRUM,Byz-NSGDM,0,0.01
960,55.568910256410255,mimic,KRUM,Byz-NSGDM,0,0.01
990,56.19991987179487,mimic,KRUM,Byz-NSGDM,0,0.01
1020,56.58052884615385,mimic,KRUM,Byz-NSGDM,0,0.01
1050,57.02123397435897,mimic,KRUM,Byz-NSGDM,0,0.01
1080,57.51201923076923,mimic,KRUM,Byz-NSGDM,0,0.01
1110,57.87259615384615,mimic,KRUM,Byz-NSGDM,0,0.01
1140,58.26322115384615,mimic,KRUM,Byz-NSGDM,0,0.01
1170,58.50360576923077,mimic,KRUM,Byz-NSGDM,0,0.01
1200,58.884214743589745,mimic,KRUM,Byz-NSGDM,0,0.01
1230,59.30488782051282,mimic,KRUM,Byz-NSGDM,0,0.01
1260,59.56530448717949,mimic,KRUM,Byz-NSGDM,0,0.01
1290,59.845753205128204,mimic,KRUM,Byz-NSGDM,0,0.01
1320,60.046073717948715,mimic,KRUM,Byz-NSGDM,0,0.01
1350,60.20633012820513,mimic,KRUM,Byz-NSGDM,0,0.01
1380,60.5869391025641,mimic,KRUM,Byz-NSGDM,0,0.01
1410,60.9375,mimic,KRUM,Byz-NSGDM,0,0.01
1440,61.23798076923077,mimic,KRUM,Byz-NSGDM,0,0.01
1470,61.408253205128204,mimic,KRUM,Byz-NSGDM,0,0.01
1500,61.57852564102564,mimic,KRUM,Byz-NSGDM,0,0.01
30,87.11939102564102,mimic,CM,Byz-NSGDM,0,0.5
60,93.29927884615384,mimic,CM,Byz-NSGDM,0,0.5
90,94.72155448717949,mimic,CM,Byz-NSGDM,0,0.5
120,96.32411858974359,mimic,CM,Byz-NSGDM,0,0.5
150,96.58453525641026,mimic,CM,Byz-NSGDM,0,0.5
180,97.265625,mimic,CM,Byz-NSGDM,0,0.5
210,97.54607371794872,mimic,CM,Byz-NSGDM,0,0.5
240,97.62620192307692,mimic,CM,Byz-NSGDM,0,0.5
270,98.05689102564102,mimic,CM,Byz-NSGDM,0,0.5
300,93.81009615384616,mimic,CM,Byz-NSGDM,0,0.5
330,93.99038461538461,mimic,CM,Byz-NSGDM,0,0.5
360,93.77003205128206,mimic,CM,Byz-NSGDM,0,0.5
390,93.61979166666667,mimic,CM,Byz-NSGDM,0,0.5
420,93.54967948717949,mimic,CM,Byz-NSGDM,0,0.5
450,92.78846153846153,mimic,CM,Byz-NSGDM,0,0.5
480,91.78685897435898,mimic,CM,Byz-NSGDM,0,0.5
510,91.62660256410257,mimic,CM,Byz-NSGDM,0,0.5
540,90.42467948717949,mimic,CM,Byz-NSGDM,0,0.5
570,90.30448717948718,mimic,CM,Byz-NSGDM,0,0.5
600,89.98397435897436,mimic,CM,Byz-NSGDM,0,0.5
630,90.63501602564102,mimic,CM,Byz-NSGDM,0,0.5
660,91.17588141025641,mimic,CM,Byz-NSGDM,0,0.5
690,90.33453525641026,mimic,CM,Byz-NSGDM,0,0.5
720,90.2744391025641,mimic,CM,Byz-NSGDM,0,0.5
750,90.06410256410257,mimic,CM,Byz-NSGDM,0,0.5
780,89.8838141025641,mimic,CM,Byz-NSGDM,0,0.5
810,90.12419871794872,mimic,CM,Byz-NSGDM,0,0.5
840,89.63341346153847,mimic,CM,Byz-NSGDM,0,0.5
870,89.8838141025641,mimic,CM,Byz-NSGDM,0,0.5
900,90.16426282051282,mimic,CM,Byz-NSGDM,0,0.5
930,90.21434294871794,mimic,CM,Byz-NSGDM,0,0.5
960,89.99399038461539,mimic,CM,Byz-NSGDM,0,0.5
990,90.06410256410257,mimic,CM,Byz-NSGDM,0,0.5
1020,89.8036858974359,mimic,CM,Byz-NSGDM,0,0.5
1050,89.7636217948718,mimic,CM,Byz-NSGDM,0,0.5
1080,89.54326923076923,mimic,CM,Byz-NSGDM,0,0.5
1110,89.5733173076923,mimic,CM,Byz-NSGDM,0,0.5
1140,89.31290064102564,mimic,CM,Byz-NSGDM,0,0.5
1170,89.4931891025641,mimic,CM,Byz-NSGDM,0,0.5
1200,89.36298076923077,mimic,CM,Byz-NSGDM,0,0.5
1230,89.42307692307692,mimic,CM,Byz-NSGDM,0,0.5
1260,89.38301282051282,mimic,CM,Byz-NSGDM,0,0.5
1290,89.46314102564102,mimic,CM,Byz-NSGDM,0,0.5
1320,89.62339743589743,mimic,CM,Byz-NSGDM,0,0.5
1350,89.40304487179488,mimic,CM,Byz-NSGDM,0,0.5
1380,89.36298076923077,mimic,CM,Byz-NSGDM,0,0.5
1410,89.28285256410257,mimic,CM,Byz-NSGDM,0,0.5
1440,89.27283653846153,mimic,CM,Byz-NSGDM,0,0.5
1470,89.29286858974359,mimic,CM,Byz-NSGDM,0,0.5
1500,89.43309294871794,mimic,CM,Byz-NSGDM,0,0.5
30,27.06330128205128,LF,KRUM,Byz-NSGDM,0,0.01
60,32.15144230769231,LF,KRUM,Byz-NSGDM,0,0.01
90,36.14783653846154,LF,KRUM,Byz-NSGDM,0,0.01
120,40.84535256410256,LF,KRUM,Byz-NSGDM,0,0.01
150,44.62139423076923,LF,KRUM,Byz-NSGDM,0,0.01
180,47.42588141025641,LF,KRUM,Byz-NSGDM,0,0.01
210,49.39903846153846,LF,KRUM,Byz-NSGDM,0,0.01
240,51.15184294871795,LF,KRUM,Byz-NSGDM,0,0.01
270,52.13341346153846,LF,KRUM,Byz-NSGDM,0,0.01
300,52.97475961538461,LF,KRUM,Byz-NSGDM,0,0.01
330,53.75600961538461,LF,KRUM,Byz-NSGDM,0,0.01
360,54.407051282051285,LF,KRUM,Byz-NSGDM,0,0.01
390,54.95793269230769,LF,KRUM,Byz-NSGDM,0,0.01
420,55.41866987179487,LF,KRUM,Byz-NSGDM,0,0.01
450,55.84935897435897,LF,KRUM,Byz-NSGDM,0,0.01
480,55.99959935897436,LF,KRUM,Byz-NSGDM,0,0.01
510,56.22996794871795,LF,KRUM,Byz-NSGDM,0,0.01
540,56.52043269230769,LF,KRUM,Byz-NSGDM,0,0.01
570,56.770833333333336,LF,KRUM,Byz-NSGDM,0,0.01
600,57.06129807692308,LF,KRUM,Byz-NSGDM,0,0.01
630,57.28165064102564,LF,KRUM,Byz-NSGDM,0,0.01
660,57.48197115384615,LF,KRUM,Byz-NSGDM,0,0.01
690,57.62219551282051,LF,KRUM,Byz-NSGDM,0,0.01
720,57.82251602564103,LF,KRUM,Byz-NSGDM,0,0.01
750,58.03285256410256,LF,KRUM,Byz-NSGDM,0,0.01
780,58.283253205128204,LF,KRUM,Byz-NSGDM,0,0.01
810,58.47355769230769,LF,KRUM,Byz-NSGDM,0,0.01
840,58.78405448717949,LF,KRUM,Byz-NSGDM,0,0.01
870,59.0244391025641,LF,KRUM,Byz-NSGDM,0,0.01
900,59.34495192307692,LF,KRUM,Byz-NSGDM,0,0.01
930,59.71554487179487,LF,KRUM,Byz-NSGDM,0,0.01
960,60.1161858974359,LF,KRUM,Byz-NSGDM,0,0.01
990,60.42668269230769,LF,KRUM,Byz-NSGDM,0,0.01
1020,60.86738782051282,LF,KRUM,Byz-NSGDM,0,0.01
1050,61.3681891025641,LF,KRUM,Byz-NSGDM,0,0.01
1080,61.77884615384615,LF,KRUM,Byz-NSGDM,0,0.01
1110,62.1494391025641,LF,KRUM,Byz-NSGDM,0,0.01
1140,62.59014423076923,LF,KRUM,Byz-NSGDM,0,0.01
1170,63.07091346153846,LF,KRUM,Byz-NSGDM,0,0.01
1200,63.61177884615385,LF,KRUM,Byz-NSGDM,0,0.01
1230,63.982371794871796,LF,KRUM,Byz-NSGDM,0,0.01
1260,64.5733173076923,LF,KRUM,Byz-NSGDM,0,0.01
1290,65.01402243589743,LF,KRUM,Byz-NSGDM,0,0.01
1320,65.55488782051282,LF,KRUM,Byz-NSGDM,0,0.01
1350,66.08573717948718,LF,KRUM,Byz-NSGDM,0,0.01
1380,66.55649038461539,LF,KRUM,Byz-NSGDM,0,0.01
1410,67.05729166666667,LF,KRUM,Byz-NSGDM,0,0.01
1440,67.41786858974359,LF,KRUM,Byz-NSGDM,0,0.01
1470,67.73838141025641,LF,KRUM,Byz-NSGDM,0,0.01
1500,68.15905448717949,LF,KRUM,Byz-NSGDM,0,0.01
30,73.5176282051282,BF,RFA,Baseline-Decay,0,0.1
60,81.94110576923077,BF,RFA,Baseline-Decay,0,0.1
90,83.83413461538461,BF,RFA,Baseline-Decay,0,0.1
120,84.20472756410257,BF,RFA,Baseline-Decay,0,0.1
150,85.24639423076923,BF,RFA,Baseline-Decay,0,0.1
180,85.39663461538461,BF,RFA,Baseline-Decay,0,0.1
210,85.57692307692308,BF,RFA,Baseline-Decay,0,0.1
240,75.13020833333333,BF,RFA,Baseline-Decay,0,0.1
270,85.71714743589743,BF,RFA,Baseline-Decay,0,0.1
300,85.83733974358974,BF,RFA,Baseline-Decay,0,0.1
330,85.71714743589743,BF,RFA,Baseline-Decay,0,0.1
360,83.33333333333333,BF,RFA,Baseline-Decay,0,0.1
390,80.29847756410257,BF,RFA,Baseline-Decay,0,0.1
420,83.97435897435898,BF,RFA,Baseline-Decay,0,0.1
450,81.78084935897436,BF,RFA,Baseline-Decay,0,0.1
480,79.6474358974359,BF,RFA,Baseline-Decay,0,0.1
510,9.815705128205128,BF,RFA,Baseline-Decay,0,0.1
540,9.815705128205128,BF,RFA,Baseline-Decay,0,0.1
570,9.815705128205128,BF,RFA,Baseline-Decay,0,0.1
600,9.815705128205128,BF,RFA,Baseline-Decay,0,0.1
630,9.815705128205128,BF,RFA,Baseline-Decay,0,0.1
660,9.815705128205128,BF,RFA,Baseline-Decay,0,0.1
690,9.815705128205128,BF,RFA,Baseline-Decay,0,0.1
720,9.815705128205128,BF,RFA,Baseline-Decay,0,0.1
750,9.815705128205128,BF,RFA,Baseline-Decay,0,0.1
780,9.815705128205128,BF,RFA,Baseline-Decay,0,0.1
810,9.815705128205128,BF,RFA,Baseline-Decay,0,0.1
840,9.815705128205128,BF,RFA,Baseline-Decay,0,0.1
870,9.815705128205128,BF,RFA,Baseline-Decay,0,0.1
900,9.815705128205128,BF,RFA,Baseline-Decay,0,0.1
930,9.815705128205128,BF,RFA,Baseline-Decay,0,0.1
960,9.815705128205128,BF,RFA,Baseline-Decay,0,0.1
990,9.815705128205128,BF,RFA,Baseline-Decay,0,0.1
1020,9.815705128205128,BF,RFA,Baseline-Decay,0,0.1
1050,9.815705128205128,BF,RFA,Baseline-Decay,0,0.1
1080,9.815705128205128,BF,RFA,Baseline-Decay,0,0.1
1110,9.815705128205128,BF,RFA,Baseline-Decay,0,0.1
1140,9.815705128205128,BF,RFA,Baseline-Decay,0,0.1
1170,9.815705128205128,BF,RFA,Baseline-Decay,0,0.1
1200,9.815705128205128,BF,RFA,Baseline-Decay,0,0.1
1230,9.815705128205128,BF,RFA,Baseline-Decay,0,0.1
1260,9.815705128205128,BF,RFA,Baseline-Decay,0,0.1
1290,9.815705128205128,BF,RFA,Baseline-Decay,0,0.1
1320,9.815705128205128,BF,RFA,Baseline-Decay,0,0.1
1350,9.815705128205128,BF,RFA,Baseline-Decay,0,0.1
1380,9.815705128205128,BF,RFA,Baseline-Decay,0,0.1
1410,9.815705128205128,BF,RFA,Baseline-Decay,0,0.1
1440,9.815705128205128,BF,RFA,Baseline-Decay,0,0.1
1470,9.815705128205128,BF,RFA,Baseline-Decay,0,0.1
1500,9.815705128205128,BF,RFA,Baseline-Decay,0,0.1
30,74.89983974358974,BF,RFA,Byz-NSGDM,0,0.2
60,78.4755608974359,BF,RFA,Byz-NSGDM,0,0.2
90,82.3417467948718,BF,RFA,Byz-NSGDM,0,0.2
120,83.38341346153847,BF,RFA,Byz-NSGDM,0,0.2
150,83.73397435897436,BF,RFA,Byz-NSGDM,0,0.2
180,84.67548076923077,BF,RFA,Byz-NSGDM,0,0.2
210,85.00600961538461,BF,RFA,Byz-NSGDM,0,0.2
240,85.40665064102564,BF,RFA,Byz-NSGDM,0,0.2
270,85.13621794871794,BF,RFA,Byz-NSGDM,0,0.2
300,85.2363782051282,BF,RFA,Byz-NSGDM,0,0.2
330,85.78725961538461,BF,RFA,Byz-NSGDM,0,0.2
360,85.16626602564102,BF,RFA,Byz-NSGDM,0,0.2
390,85.43669871794872,BF,RFA,Byz-NSGDM,0,0.2
420,85.95753205128206,BF,RFA,Byz-NSGDM,0,0.2
450,85.28645833333333,BF,RFA,Byz-NSGDM,0,0.2
480,85.82732371794872,BF,RFA,Byz-NSGDM,0,0.2
510,85.04607371794872,BF,RFA,Byz-NSGDM,0,0.2
540,85.16626602564102,BF,RFA,Byz-NSGDM,0,0.2
570,85.86738782051282,BF,RFA,Byz-NSGDM,0,0.2
600,84.70552884615384,BF,RFA,Byz-NSGDM,0,0.2
630,83.3233173076923,BF,RFA,Byz-NSGDM,0,0.2
660,83.38341346153847,BF,RFA,Byz-NSGDM,0,0.2
690,84.0244391025641,BF,RFA,Byz-NSGDM,0,0.2
720,83.87419871794872,BF,RFA,Byz-NSGDM,0,0.2
750,81.14983974358974,BF,RFA,Byz-NSGDM,0,0.2
780,84.98597756410257,BF,RFA,Byz-NSGDM,0,0.2
810,80.02804487179488,BF,RFA,Byz-NSGDM,0,0.2
840,81.19991987179488,BF,RFA,Byz-NSGDM,0,0.2
870,83.52363782051282,BF,RFA,Byz-NSGDM,0,0.2
900,85.90745192307692,BF,RFA,Byz-NSGDM,0,0.2
930,84.12459935897436,BF,RFA,Byz-NSGDM,0,0.2
960,85.84735576923077,BF,RFA,Byz-NSGDM,0,0.2
990,85.00600961538461,BF,RFA,Byz-NSGDM,0,0.2
1020,84.98597756410257,BF,RFA,Byz-NSGDM,0,0.2
1050,82.32171474358974,BF,RFA,Byz-NSGDM,0,0.2
1080,85.6670673076923,BF,RFA,Byz-NSGDM,0,0.2
1110,81.96113782051282,BF,RFA,Byz-NSGDM,0,0.2
1140,81.23998397435898,BF,RFA,Byz-NSGDM,0,0.2
1170,81.640625,BF,RFA,Byz-NSGDM,0,0.2
1200,85.67708333333333,BF,RFA,Byz-NSGDM,0,0.2
1230,82.45192307692308,BF,RFA,Byz-NSGDM,0,0.2
1260,83.23317307692308,BF,RFA,Byz-NSGDM,0,0.2
1290,80.10817307692308,BF,RFA,Byz-NSGDM,0,0.2
1320,84.47516025641026,BF,RFA,Byz-NSGDM,0,0.2
1350,83.33333333333333,BF,RFA,Byz-NSGDM,0,0.2
1380,83.62379807692308,BF,RFA,Byz-NSGDM,0,0.2
1410,85.57692307692308,BF,RFA,Byz-NSGDM,0,0.2
1440,80.78926282051282,BF,RFA,Byz-NSGDM,0,0.2
1470,83.97435897435898,BF,RFA,Byz-NSGDM,0,0.2
1500,84.3349358974359,BF,RFA,Byz-NSGDM,0,0.2
30,77.44391025641026,mimic,KRUM,Baseline,0,0.01
60,88.671875,mimic,KRUM,Baseline,0,0.01
90,90.5448717948718,mimic,KRUM,Baseline,0,0.01
120,92.67828525641026,mimic,KRUM,Baseline,0,0.01
150,93.17908653846153,mimic,KRUM,Baseline,0,0.01
180,94.09054487179488,mimic,KRUM,Baseline,0,0.01
210,94.28084935897436,mimic,KRUM,Baseline,0,0.01
240,94.58133012820512,mimic,KRUM,Baseline,0,0.01
270,95.5829326923077,mimic,KRUM,Baseline,0,0.01
300,95.8233173076923,mimic,KRUM,Baseline,0,0.01
330,96.16386217948718,mimic,KRUM,Baseline,0,0.01
360,96.58453525641026,mimic,KRUM,Baseline,0,0.01
390,96.66466346153847,mimic,KRUM,Baseline,0,0.01
420,96.7948717948718,mimic,KRUM,Baseline,0,0.01
450,88.96233974358974,mimic,KRUM,Baseline,0,0.01
480,90.13421474358974,mimic,KRUM,Baseline,0,0.01
510,91.02564102564102,mimic,KRUM,Baseline,0,0.01
540,88.83213141025641,mimic,KRUM,Baseline,0,0.01
570,88.77203525641026,mimic,KRUM,Baseline,0,0.01
600,88.45152243589743,mimic,KRUM,Baseline,0,0.01
630,88.73197115384616,mimic,KRUM,Baseline,0,0.01
660,88.97235576923077,mimic,KRUM,Baseline,0,0.01
690,88.78205128205128,mimic,KRUM,Baseline,0,0.01
720,88.78205128205128,mimic,KRUM,Baseline,0,0.01
750,88.7920673076923,mimic,KRUM,Baseline,0,0.01
780,88.74198717948718,mimic,KRUM,Baseline,0,0.01
810,88.61177884615384,mimic,KRUM,Baseline,0,0.01
840,88.671875,mimic,KRUM,Baseline,0,0.01
870,88.88221153846153,mimic,KRUM,Baseline,0,0.01
900,88.83213141025641,mimic,KRUM,Baseline,0,0.01
930,88.89222756410257,mimic,KRUM,Baseline,0,0.01
960,88.80208333333333,mimic,KRUM,Baseline,0,0.01
990,89.00240384615384,mimic,KRUM,Baseline,0,0.01
1020,88.96233974358974,mimic,KRUM,Baseline,0,0.01
1050,88.7920673076923,mimic,KRUM,Baseline,0,0.01
1080,88.83213141025641,mimic,KRUM,Baseline,0,0.01
1110,88.88221153846153,mimic,KRUM,Baseline,0,0.01
1140,88.91225961538461,mimic,KRUM,Baseline,0,0.01
1170,88.89222756410257,mimic,KRUM,Baseline,0,0.01
1200,88.95232371794872,mimic,KRUM,Baseline,0,0.01
1230,88.85216346153847,mimic,KRUM,Baseline,0,0.01
1260,89.03245192307692,mimic,KRUM,Baseline,0,0.01
1290,88.81209935897436,mimic,KRUM,Baseline,0,0.01
1320,88.99238782051282,mimic,KRUM,Baseline,0,0.01
1350,88.91225961538461,mimic,KRUM,Baseline,0,0.01
1380,89.00240384615384,mimic,KRUM,Baseline,0,0.01
1410,89.08253205128206,mimic,KRUM,Baseline,0,0.01
1440,89.00240384615384,mimic,KRUM,Baseline,0,0.01
1470,89.09254807692308,mimic,KRUM,Baseline,0,0.01
1500,89.01241987179488,mimic,KRUM,Baseline,0,0.01
30,80.95953525641026,mimic,KRUM,Baseline-Decay,123,0.05
60,82.67227564102564,mimic,KRUM,Baseline-Decay,123,0.05
90,84.15464743589743,mimic,KRUM,Baseline-Decay,123,0.05
120,84.28485576923077,mimic,KRUM,Baseline-Decay,123,0.05
150,84.86578525641026,mimic,KRUM,Baseline-Decay,123,0.05
180,85.06610576923077,mimic,KRUM,Baseline-Decay,123,0.05
210,85.45673076923077,mimic,KRUM,Baseline-Decay,123,0.05
240,85.38661858974359,mimic,KRUM,Baseline-Decay,123,0.05
270,85.59695512820512,mimic,KRUM,Baseline-Decay,123,0.05
300,85.82732371794872,mimic,KRUM,Baseline-Decay,123,0.05
330,86.02764423076923,mimic,KRUM,Baseline-Decay,123,0.05
360,85.96754807692308,mimic,KRUM,Baseline-Decay,123,0.05
390,86.02764423076923,mimic,KRUM,Baseline-Decay,123,0.05
420,86.19791666666667,mimic,KRUM,Baseline-Decay,123,0.05
450,86.34815705128206,mimic,KRUM,Baseline-Decay,123,0.05
480,86.30809294871794,mimic,KRUM,Baseline-Decay,123,0.05
510,86.3681891025641,mimic,KRUM,Baseline-Decay,123,0.05
540,86.54847756410257,mimic,KRUM,Baseline-Decay,123,0.05
570,86.3681891025641,mimic,KRUM,Baseline-Decay,123,0.05
600,86.5985576923077,mimic,KRUM,Baseline-Decay,123,0.05
630,86.42828525641026,mimic,KRUM,Baseline-Decay,123,0.05
660,86.55849358974359,mimic,KRUM,Baseline-Decay,123,0.05
690,86.71875,mimic,KRUM,Baseline-Decay,123,0.05
720,86.57852564102564,mimic,KRUM,Baseline-Decay,123,0.05
750,86.74879807692308,mimic,KRUM,Baseline-Decay,123,0.05
780,86.72876602564102,mimic,KRUM,Baseline-Decay,123,0.05
810,86.87900641025641,mimic,KRUM,Baseline-Decay,123,0.05
840,86.70873397435898,mimic,KRUM,Baseline-Decay,123,0.05
870,86.8389423076923,mimic,KRUM,Baseline-Decay,123,0.05
900,86.96915064102564,mimic,KRUM,Baseline-Decay,123,0.05
930,86.84895833333333,mimic,KRUM,Baseline-Decay,123,0.05
960,86.88902243589743,mimic,KRUM,Baseline-Decay,123,0.05
990,86.94911858974359,mimic,KRUM,Baseline-Decay,123,0.05
1020,86.87900641025641,mimic,KRUM,Baseline-Decay,123,0.05
1050,87.05929487179488,mimic,KRUM,Baseline-Decay,123,0.05
1080,86.93910256410257,mimic,KRUM,Baseline-Decay,123,0.05
1110,87.07932692307692,mimic,KRUM,Baseline-Decay,123,0.05
1140,87.05929487179488,mimic,KRUM,Baseline-Decay,123,0.05
1170,87.15945512820512,mimic,KRUM,Baseline-Decay,123,0.05
1200,87.12940705128206,mimic,KRUM,Baseline-Decay,123,0.05
1230,86.97916666666667,mimic,KRUM,Baseline-Decay,123,0.05
1260,87.19951923076923,mimic,KRUM,Baseline-Decay,123,0.05
1290,87.09935897435898,mimic,KRUM,Baseline-Decay,123,0.05
1320,87.19951923076923,mimic,KRUM,Baseline-Decay,123,0.05
1350,87.23958333333333,mimic,KRUM,Baseline-Decay,123,0.05
1380,87.25961538461539,mimic,KRUM,Baseline-Decay,123,0.05
1410,87.16947115384616,mimic,KRUM,Baseline-Decay,123,0.05
1440,87.23958333333333,mimic,KRUM,Baseline-Decay,123,0.05
1470,87.32972756410257,mimic,KRUM,Baseline-Decay,123,0.05
1500,87.3798076923077,mimic,KRUM,Baseline-Decay,123,0.05
30,9.815705128205128,LF,KRUM,Baseline-Decay,0,1.0
60,9.815705128205128,LF,KRUM,Baseline-Decay,0,1.0
90,9.815705128205128,LF,KRUM,Baseline-Decay,0,1.0
120,9.815705128205128,LF,KRUM,Baseline-Decay,0,1.0
150,9.815705128205128,LF,KRUM,Baseline-Decay,0,1.0
180,9.815705128205128,LF,KRUM,Baseline-Decay,0,1.0
210,9.815705128205128,LF,KRUM,Baseline-Decay,0,1.0
240,9.815705128205128,LF,KRUM,Baseline-Decay,0,1.0
270,9.815705128205128,LF,KRUM,Baseline-Decay,0,1.0
300,9.815705128205128,LF,KRUM,Baseline-Decay,0,1.0
330,9.815705128205128,LF,KRUM,Baseline-Decay,0,1.0
360,9.815705128205128,LF,KRUM,Baseline-Decay,0,1.0
390,9.815705128205128,LF,KRUM,Baseline-Decay,0,1.0
420,9.815705128205128,LF,KRUM,Baseline-Decay,0,1.0
450,9.815705128205128,LF,KRUM,Baseline-Decay,0,1.0
480,9.815705128205128,LF,KRUM,Baseline-Decay,0,1.0
510,9.815705128205128,LF,KRUM,Baseline-Decay,0,1.0
540,9.815705128205128,LF,KRUM,Baseline-Decay,0,1.0
570,9.815705128205128,LF,KRUM,Baseline-Decay,0,1.0
600,9.815705128205128,LF,KRUM,Baseline-Decay,0,1.0
630,9.815705128205128,LF,KRUM,Baseline-Decay,0,1.0
660,9.815705128205128,LF,KRUM,Baseline-Decay,0,1.0
690,9.815705128205128,LF,KRUM,Baseline-Decay,0,1.0
720,9.815705128205128,LF,KRUM,Baseline-Decay,0,1.0
750,9.815705128205128,LF,KRUM,Baseline-Decay,0,1.0
780,9.815705128205128,LF,KRUM,Baseline-Decay,0,1.0
810,9.815705128205128,LF,KRUM,Baseline-Decay,0,1.0
840,9.815705128205128,LF,KRUM,Baseline-Decay,0,1.0
870,9.815705128205128,LF,KRUM,Baseline-Decay,0,1.0
900,9.815705128205128,LF,KRUM,Baseline-Decay,0,1.0
30,87.90064102564102,LF,KRUM,Baseline-Decay,0,0.1
60,91.62660256410257,LF,KRUM,Baseline-Decay,0,0.1
90,93.28926282051282,LF,KRUM,Baseline-Decay,0,0.1
120,93.86017628205128,LF,KRUM,Baseline-Decay,0,0.1
150,94.27083333333333,LF,KRUM,Baseline-Decay,0,0.1
180,94.83173076923077,LF,KRUM,Baseline-Decay,0,0.1
210,95.12219551282051,LF,KRUM,Baseline-Decay,0,0.1
240,95.30248397435898,LF,KRUM,Baseline-Decay,0,0.1
270,95.65304487179488,LF,KRUM,Baseline-Decay,0,0.1
300,95.64302884615384,LF,KRUM,Baseline-Decay,0,0.1
330,95.94350961538461,LF,KRUM,Baseline-Decay,0,0.1
360,96.16386217948718,LF,KRUM,Baseline-Decay,0,0.1
390,96.32411858974359,LF,KRUM,Baseline-Decay,0,0.1
420,96.47435897435898,LF,KRUM,Baseline-Decay,0,0.1
450,96.6045673076923,LF,KRUM,Baseline-Decay,0,0.1
480,96.67467948717949,LF,KRUM,Baseline-Decay,0,0.1
510,92.27764423076923,LF,KRUM,Baseline-Decay,0,0.1
540,90.625,LF,KRUM,Baseline-Decay,0,0.1
570,89.5332532051282,LF,KRUM,Baseline-Decay,0,0.1
600,88.25120192307692,LF,KRUM,Baseline-Decay,0,0.1
630,88.15104166666667,LF,KRUM,Baseline-Decay,0,0.1
660,88.15104166666667,LF,KRUM,Baseline-Decay,0,0.1
690,88.06089743589743,LF,KRUM,Baseline-Decay,0,0.1
720,88.00080128205128,LF,KRUM,Baseline-Decay,0,0.1
750,87.90064102564102,LF,KRUM,Baseline-Decay,0,0.1
780,87.9707532051282,LF,KRUM,Baseline-Decay,0,0.1
810,87.9306891025641,LF,KRUM,Baseline-Decay,0,0.1
840,87.83052884615384,LF,KRUM,Baseline-Decay,0,0.1
870,87.90064102564102,LF,KRUM,Baseline-Decay,0,0.1
900,88.02083333333333,LF,KRUM,Baseline-Decay,0,0.1
930,88.02083333333333,LF,KRUM,Baseline-Decay,0,0.1
960,88.07091346153847,LF,KRUM,Baseline-Decay,0,0.1
990,88.02083333333333,LF,KRUM,Baseline-Decay,0,0.1
1020,88.14102564102564,LF,KRUM,Baseline-Decay,0,0.1
1050,88.10096153846153,LF,KRUM,Baseline-Decay,0,0.1
1080,88.18108974358974,LF,KRUM,Baseline-Decay,0,0.1
1110,88.09094551282051,LF,KRUM,Baseline-Decay,0,0.1
1140,88.08092948717949,LF,KRUM,Baseline-Decay,0,0.1
1170,88.21113782051282,LF,KRUM,Baseline-Decay,0,0.1
1200,88.30128205128206,LF,KRUM,Baseline-Decay,0,0.1
1230,88.31129807692308,LF,KRUM,Baseline-Decay,0,0.1
1260,88.29126602564102,LF,KRUM,Baseline-Decay,0,0.1
1290,88.23116987179488,LF,KRUM,Baseline-Decay,0,0.1
1320,88.31129807692308,LF,KRUM,Baseline-Decay,0,0.1
1350,88.33133012820512,LF,KRUM,Baseline-Decay,0,0.1
1380,88.3213141025641,LF,KRUM,Baseline-Decay,0,0.1
1410,88.38141025641026,LF,KRUM,Baseline-Decay,0,0.1
1440,88.33133012820512,LF,KRUM,Baseline-Decay,0,0.1
1470,88.44150641025641,LF,KRUM,Baseline-Decay,0,0.1
1500,88.39142628205128,LF,KRUM,Baseline-Decay,0,0.1
30,10.787259615384615,mimic,CM,Byz-NSGDM,0,0.001
60,12.329727564102564,mimic,CM,Byz-NSGDM,0,0.001
90,13.241185897435898,mimic,CM,Byz-NSGDM,0,0.001
120,14.052483974358974,mimic,CM,Byz-NSGDM,0,0.001
150,14.883814102564102,mimic,CM,Byz-NSGDM,0,0.001
180,15.524839743589743,mimic,CM,Byz-NSGDM,0,0.001
210,16.08573717948718,mimic,CM,Byz-NSGDM,0,0.001
240,16.836939102564102,mimic,CM,Byz-NSGDM,0,0.001
270,17.41786858974359,mimic,CM,Byz-NSGDM,0,0.001
300,17.978766025641026,mimic,CM,Byz-NSGDM,0,0.001
330,18.669871794871796,mimic,CM,Byz-NSGDM,0,0.001
360,19.310897435897434,mimic,CM,Byz-NSGDM,0,0.001
390,19.931891025641026,mimic,CM,Byz-NSGDM,0,0.001
420,20.482772435897434,mimic,CM,Byz-NSGDM,0,0.001
450,21.013621794871796,mimic,CM,Byz-NSGDM,0,0.001
480,21.474358974358974,mimic,CM,Byz-NSGDM,0,0.001
510,21.96514423076923,mimic,CM,Byz-NSGDM,0,0.001
540,22.35576923076923,mimic,CM,Byz-NSGDM,0,0.001
570,22.76642628205128,mimic,CM,Byz-NSGDM,0,0.001
600,23.177083333333332,mimic,CM,Byz-NSGDM,0,0.001
630,23.587740384615383,mimic,CM,Byz-NSGDM,0,0.001
660,23.89823717948718,mimic,CM,Byz-NSGDM,0,0.001
690,24.30889423076923,mimic,CM,Byz-NSGDM,0,0.001
720,24.49919871794872,mimic,CM,Byz-NSGDM,0,0.001
750,24.759615384615383,mimic,CM,Byz-NSGDM,0,0.001
780,25.140224358974358,mimic,CM,Byz-NSGDM,0,0.001
810,25.440705128205128,mimic,CM,Byz-NSGDM,0,0.001
840,25.641025641025642,mimic,CM,Byz-NSGDM,0,0.001
870,25.87139423076923,mimic,CM,Byz-NSGDM,0,0.001
900,26.131810897435898,mimic,CM,Byz-NSGDM,0,0.001
930,26.362179487179485,mimic,CM,Byz-NSGDM,0,0.001
960,26.5625,mimic,CM,Byz-NSGDM,0,0.001
990,26.762820512820515,mimic,CM,Byz-NSGDM,0,0.001
1020,26.97315705128205,mimic,CM,Byz-NSGDM,0,0.001
1050,27.18349358974359,mimic,CM,Byz-NSGDM,0,0.001
1080,27.263621794871796,mimic,CM,Byz-NSGDM,0,0.001
1110,27.55408653846154,mimic,CM,Byz-NSGDM,0,0.001
1140,27.734375,mimic,CM,Byz-NSGDM,0,0.001
1170,27.934695512820515,mimic,CM,Byz-NSGDM,0,0.001
1200,28.094951923076923,mimic,CM,Byz-NSGDM,0,0.001
1230,28.225160256410255,mimic,CM,Byz-NSGDM,0,0.001
1260,28.345352564102566,mimic,CM,Byz-NSGDM,0,0.001
1290,28.565705128205128,mimic,CM,Byz-NSGDM,0,0.001
1320,28.756009615384617,mimic,CM,Byz-NSGDM,0,0.001
1350,28.876201923076923,mimic,CM,Byz-NSGDM,0,0.001
1380,29.076522435897434,mimic,CM,Byz-NSGDM,0,0.001
1410,29.18669871794872,mimic,CM,Byz-NSGDM,0,0.001
1440,29.296875,mimic,CM,Byz-NSGDM,0,0.001
1470,29.417067307692307,mimic,CM,Byz-NSGDM,0,0.001
1500,29.537259615384617,mimic,CM,Byz-NSGDM,0,0.001
30,55.48878205128205,mimic,CM,Baseline-Decay,0,0.005
60,44.89182692307692,mimic,CM,Baseline-Decay,0,0.005
90,62.34975961538461,mimic,CM,Baseline-Decay,0,0.005
120,66.5264423076923,mimic,CM,Baseline-Decay,0,0.005
150,70.91346153846153,mimic,CM,Baseline-Decay,0,0.005
180,74.93990384615384,mimic,CM,Baseline-Decay,0,0.005
210,77.4238782051282,mimic,CM,Baseline-Decay,0,0.005
240,79.27684294871794,mimic,CM,Baseline-Decay,0,0.005
270,80.64903846153847,mimic,CM,Baseline-Decay,0,0.005
300,81.78084935897436,mimic,CM,Baseline-Decay,0,0.005
330,82.35176282051282,mimic,CM,Baseline-Decay,0,0.005
360,83.56370192307692,mimic,CM,Baseline-Decay,0,0.005
390,83.69391025641026,mimic,CM,Baseline-Decay,0,0.005
420,84.59535256410257,mimic,CM,Baseline-Decay,0,0.005
450,84.97596153846153,mimic,CM,Baseline-Decay,0,0.005
480,85.31650641025641,mimic,CM,Baseline-Decay,0,0.005
510,85.56690705128206,mimic,CM,Baseline-Decay,0,0.005
540,85.8573717948718,mimic,CM,Baseline-Decay,0,0.005
570,86.13782051282051,mimic,CM,Baseline-Decay,0,0.005
600,86.31810897435898,mimic,CM,Baseline-Decay,0,0.005
630,86.65865384615384,mimic,CM,Baseline-Decay,0,0.005
660,86.72876602564102,mimic,CM,Baseline-Decay,0,0.005
690,86.92908653846153,mimic,CM,Baseline-Decay,0,0.005
720,86.9891826923077,mimic,CM,Baseline-Decay,0,0.005
750,87.34975961538461,mimic,CM,Baseline-Decay,0,0.005
780,87.28966346153847,mimic,CM,Baseline-Decay,0,0.005
810,87.55008012820512,mimic,CM,Baseline-Decay,0,0.005
840,87.34975961538461,mimic,CM,Baseline-Decay,0,0.005
870,87.83052884615384,mimic,CM,Baseline-Decay,0,0.005
900,87.86057692307692,mimic,CM,Baseline-Decay,0,0.005
930,88.09094551282051,mimic,CM,Baseline-Decay,0,0.005
960,88.13100961538461,mimic,CM,Baseline-Decay,0,0.005
990,88.42147435897436,mimic,CM,Baseline-Decay,0,0.005
1020,88.15104166666667,mimic,CM,Baseline-Decay,0,0.005
1050,88.50160256410257,mimic,CM,Baseline-Decay,0,0.005
1080,88.5917467948718,mimic,CM,Baseline-Decay,0,0.005
1110,88.7119391025641,mimic,CM,Baseline-Decay,0,0.005
1140,88.7920673076923,mimic,CM,Baseline-Decay,0,0.005
1170,88.77203525641026,mimic,CM,Baseline-Decay,0,0.005
1200,88.90224358974359,mimic,CM,Baseline-Decay,0,0.005
1230,89.05248397435898,mimic,CM,Baseline-Decay,0,0.005
1260,89.00240384615384,mimic,CM,Baseline-Decay,0,0.005
1290,89.11258012820512,mimic,CM,Baseline-Decay,0,0.005
1320,89.16266025641026,mimic,CM,Baseline-Decay,0,0.005
1350,89.25280448717949,mimic,CM,Baseline-Decay,0,0.005
1380,89.26282051282051,mimic,CM,Baseline-Decay,0,0.005
1410,89.19270833333333,mimic,CM,Baseline-Decay,0,0.005
1440,89.3729967948718,mimic,CM,Baseline-Decay,0,0.005
1470,89.52323717948718,mimic,CM,Baseline-Decay,0,0.005
1500,89.66346153846153,mimic,CM,Baseline-Decay,0,0.005
30,42.51802884615385,BF,KRUM,Baseline-Decay,42,0.005
60,56.770833333333336,BF,KRUM,Baseline-Decay,42,0.005
90,61.979166666666664,BF,KRUM,Baseline-Decay,42,0.005
120,67.16746794871794,BF,KRUM,Baseline-Decay,42,0.005
150,70.61298076923077,BF,KRUM,Baseline-Decay,42,0.005
180,72.13541666666667,BF,KRUM,Baseline-Decay,42,0.005
210,72.82652243589743,BF,KRUM,Baseline-Decay,42,0.005
240,73.828125,BF,KRUM,Baseline-Decay,42,0.005
270,74.88982371794872,BF,KRUM,Baseline-Decay,42,0.005
300,75.6610576923077,BF,KRUM,Baseline-Decay,42,0.005
330,76.24198717948718,BF,KRUM,Baseline-Decay,42,0.005
360,77.08333333333333,BF,KRUM,Baseline-Decay,42,0.005
390,77.71434294871794,BF,KRUM,Baseline-Decay,42,0.005
420,77.70432692307692,BF,KRUM,Baseline-Decay,42,0.005
450,78.2451923076923,BF,KRUM,Baseline-Decay,42,0.005
480,78.61578525641026,BF,KRUM,Baseline-Decay,42,0.005
510,78.8261217948718,BF,KRUM,Baseline-Decay,42,0.005
540,79.11658653846153,BF,KRUM,Baseline-Decay,42,0.005
570,79.30689102564102,BF,KRUM,Baseline-Decay,42,0.005
600,79.36698717948718,BF,KRUM,Baseline-Decay,42,0.005
630,79.57732371794872,BF,KRUM,Baseline-Decay,42,0.005
660,79.94791666666667,BF,KRUM,Baseline-Decay,42,0.005
690,80.05809294871794,BF,KRUM,Baseline-Decay,42,0.005
720,80.14823717948718,BF,KRUM,Baseline-Decay,42,0.005
750,80.13822115384616,BF,KRUM,Baseline-Decay,42,0.005
780,80.23838141025641,BF,KRUM,Baseline-Decay,42,0.005
810,80.51883012820512,BF,KRUM,Baseline-Decay,42,0.005
840,80.46875,BF,KRUM,Baseline-Decay,42,0.005
870,80.43870192307692,BF,KRUM,Baseline-Decay,42,0.005
900,80.76923076923077,BF,KRUM,Baseline-Decay,42,0.005
930,80.98958333333333,BF,KRUM,Baseline-Decay,42,0.005
960,80.96955128205128,BF,KRUM,Baseline-Decay,42,0.005
990,80.92948717948718,BF,KRUM,Baseline-Decay,42,0.005
1020,81.13982371794872,BF,KRUM,Baseline-Decay,42,0.005
1050,81.22996794871794,BF,KRUM,Baseline-Decay,42,0.005
1080,81.26001602564102,BF,KRUM,Baseline-Decay,42,0.005
1110,81.23998397435898,BF,KRUM,Baseline-Decay,42,0.005
1140,81.48036858974359,BF,KRUM,Baseline-Decay,42,0.005
1170,81.50040064102564,BF,KRUM,Baseline-Decay,42,0.005
1200,81.6005608974359,BF,KRUM,Baseline-Decay,42,0.005
1230,81.48036858974359,BF,KRUM,Baseline-Decay,42,0.005
1260,81.57051282051282,BF,KRUM,Baseline-Decay,42,0.005
1290,81.67067307692308,BF,KRUM,Baseline-Decay,42,0.005
1320,81.70072115384616,BF,KRUM,Baseline-Decay,42,0.005
1350,81.75080128205128,BF,KRUM,Baseline-Decay,42,0.005
1380,81.75080128205128,BF,KRUM,Baseline-Decay,42,0.005
1410,81.71073717948718,BF,KRUM,Baseline-Decay,42,0.005
1440,81.83092948717949,BF,KRUM,Baseline-Decay,42,0.005
1470,81.9110576923077,BF,KRUM,Baseline-Decay,42,0.005
1500,81.97115384615384,BF,KRUM,Baseline-Decay,42,0.005
30,73.42748397435898,LF,CM,Baseline,42,0.01
60,81.75080128205128,LF,CM,Baseline,42,0.01
90,82.78245192307692,LF,CM,Baseline,42,0.01
120,83.79407051282051,LF,CM,Baseline,42,0.01
150,84.48517628205128,LF,CM,Baseline,42,0.01
180,85.28645833333333,LF,CM,Baseline,42,0.01
210,85.43669871794872,LF,CM,Baseline,42,0.01
240,86.4082532051282,LF,CM,Baseline,42,0.01
270,86.10777243589743,LF,CM,Baseline,42,0.01
300,86.56850961538461,LF,CM,Baseline,42,0.01
330,86.77884615384616,LF,CM,Baseline,42,0.01
360,87.05929487179488,LF,CM,Baseline,42,0.01
390,86.90905448717949,LF,CM,Baseline,42,0.01
420,87.42988782051282,LF,CM,Baseline,42,0.01
450,87.29967948717949,LF,CM,Baseline,42,0.01
480,87.08934294871794,LF,CM,Baseline,42,0.01
510,87.40985576923077,LF,CM,Baseline,42,0.01
540,87.43990384615384,LF,CM,Baseline,42,0.01
570,87.46995192307692,LF,CM,Baseline,42,0.01
600,87.46995192307692,LF,CM,Baseline,42,0.01
630,87.63020833333333,LF,CM,Baseline,42,0.01
660,87.63020833333333,LF,CM,Baseline,42,0.01
690,87.6201923076923,LF,CM,Baseline,42,0.01
720,87.71033653846153,LF,CM,Baseline,42,0.01
750,87.67027243589743,LF,CM,Baseline,42,0.01
780,88.11097756410257,LF,CM,Baseline,42,0.01
810,87.90064102564102,LF,CM,Baseline,42,0.01
840,87.88060897435898,LF,CM,Baseline,42,0.01
870,88.21113782051282,LF,CM,Baseline,42,0.01
900,88.03084935897436,LF,CM,Baseline,42,0.01
930,88.29126602564102,LF,CM,Baseline,42,0.01
960,88.28125,LF,CM,Baseline,42,0.01
990,88.27123397435898,LF,CM,Baseline,42,0.01
1020,88.2011217948718,LF,CM,Baseline,42,0.01
1050,88.25120192307692,LF,CM,Baseline,42,0.01
1080,88.52163461538461,LF,CM,Baseline,42,0.01
1110,88.46153846153847,LF,CM,Baseline,42,0.01
1140,88.48157051282051,LF,CM,Baseline,42,0.01
1170,88.39142628205128,LF,CM,Baseline,42,0.01
1200,88.51161858974359,LF,CM,Baseline,42,0.01
1230,88.37139423076923,LF,CM,Baseline,42,0.01
1260,88.66185897435898,LF,CM,Baseline,42,0.01
1290,88.54166666666667,LF,CM,Baseline,42,0.01
1320,88.57171474358974,LF,CM,Baseline,42,0.01
1350,88.56169871794872,LF,CM,Baseline,42,0.01
1380,88.52163461538461,LF,CM,Baseline,42,0.01
1410,88.68189102564102,LF,CM,Baseline,42,0.01
1440,88.53165064102564,LF,CM,Baseline,42,0.01
1470,88.70192307692308,LF,CM,Baseline,42,0.01
1500,88.7119391025641,LF,CM,Baseline,42,0.01
30,78.125,mimic,KRUM,Baseline-Decay,42,0.05
60,81.40024038461539,mimic,KRUM,Baseline-Decay,42,0.05
90,82.41185897435898,mimic,KRUM,Baseline-Decay,42,0.05
120,82.99278846153847,mimic,KRUM,Baseline-Decay,42,0.05
150,83.97435897435898,mimic,KRUM,Baseline-Decay,42,0.05
180,84.375,mimic,KRUM,Baseline-Decay,42,0.05
210,84.38501602564102,mimic,KRUM,Baseline-Decay,42,0.05
240,84.71554487179488,mimic,KRUM,Baseline-Decay,42,0.05
270,84.94591346153847,mimic,KRUM,Baseline-Decay,42,0.05
300,85.12620192307692,mimic,KRUM,Baseline-Decay,42,0.05
330,85.24639423076923,mimic,KRUM,Baseline-Decay,42,0.05
360,85.49679487179488,mimic,KRUM,Baseline-Decay,42,0.05
390,85.53685897435898,mimic,KRUM,Baseline-Decay,42,0.05
420,85.51682692307692,mimic,KRUM,Baseline-Decay,42,0.05
450,85.8173076923077,mimic,KRUM,Baseline-Decay,42,0.05
480,85.83733974358974,mimic,KRUM,Baseline-Decay,42,0.05
510,86.25801282051282,mimic,KRUM,Baseline-Decay,42,0.05
540,86.12780448717949,mimic,KRUM,Baseline-Decay,42,0.05
570,85.9775641025641,mimic,KRUM,Baseline-Decay,42,0.05
600,86.18790064102564,mimic,KRUM,Baseline-Decay,42,0.05
630,86.29807692307692,mimic,KRUM,Baseline-Decay,42,0.05
660,86.4483173076923,mimic,KRUM,Baseline-Decay,42,0.05
690,86.4483173076923,mimic,KRUM,Baseline-Decay,42,0.05
720,86.62860576923077,mimic,KRUM,Baseline-Decay,42,0.05
750,86.4082532051282,mimic,KRUM,Baseline-Decay,42,0.05
780,86.70873397435898,mimic,KRUM,Baseline-Decay,42,0.05
810,86.74879807692308,mimic,KRUM,Baseline-Decay,42,0.05
840,86.73878205128206,mimic,KRUM,Baseline-Decay,42,0.05
870,86.82892628205128,mimic,KRUM,Baseline-Decay,42,0.05
900,86.78886217948718,mimic,KRUM,Baseline-Decay,42,0.05
930,86.76883012820512,mimic,KRUM,Baseline-Decay,42,0.05
960,86.9891826923077,mimic,KRUM,Baseline-Decay,42,0.05
990,87.00921474358974,mimic,KRUM,Baseline-Decay,42,0.05
1020,87.13942307692308,mimic,KRUM,Baseline-Decay,42,0.05
1050,86.91907051282051,mimic,KRUM,Baseline-Decay,42,0.05
1080,86.93910256410257,mimic,KRUM,Baseline-Decay,42,0.05
1110,87.16947115384616,mimic,KRUM,Baseline-Decay,42,0.05
1140,87.09935897435898,mimic,KRUM,Baseline-Decay,42,0.05
1170,87.24959935897436,mimic,KRUM,Baseline-Decay,42,0.05
1200,87.21955128205128,mimic,KRUM,Baseline-Decay,42,0.05
1230,87.0292467948718,mimic,KRUM,Baseline-Decay,42,0.05
1260,87.17948717948718,mimic,KRUM,Baseline-Decay,42,0.05
1290,87.09935897435898,mimic,KRUM,Baseline-Decay,42,0.05
1320,87.1494391025641,mimic,KRUM,Baseline-Decay,42,0.05
1350,87.23958333333333,mimic,KRUM,Baseline-Decay,42,0.05
1380,87.1895032051282,mimic,KRUM,Baseline-Decay,42,0.05
1410,87.31971153846153,mimic,KRUM,Baseline-Decay,42,0.05
1440,87.24959935897436,mimic,KRUM,Baseline-Decay,42,0.05
1470,87.38982371794872,mimic,KRUM,Baseline-Decay,42,0.05
1500,87.31971153846153,mimic,KRUM,Baseline-Decay,42,0.05
30,9.815705128205128,mimic,CM,Baseline-Decay,0,0.5
60,9.815705128205128,mimic,CM,Baseline-Decay,0,0.5
90,9.815705128205128,mimic,CM,Baseline-Decay,0,0.5
120,9.815705128205128,mimic,CM,Baseline-Decay,0,0.5
150,9.815705128205128,mimic,CM,Baseline-Decay,0,0.5
180,9.815705128205128,mimic,CM,Baseline-Decay,0,0.5
210,9.815705128205128,mimic,CM,Baseline-Decay,0,0.5
240,9.815705128205128,mimic,CM,Baseline-Decay,0,0.5
270,9.815705128205128,mimic,CM,Baseline-Decay,0,0.5
300,9.815705128205128,mimic,CM,Baseline-Decay,0,0.5
330,9.815705128205128,mimic,CM,Baseline-Decay,0,0.5
360,9.815705128205128,mimic,CM,Baseline-Decay,0,0.5
390,9.815705128205128,mimic,CM,Baseline-Decay,0,0.5
420,9.815705128205128,mimic,CM,Baseline-Decay,0,0.5
450,9.815705128205128,mimic,CM,Baseline-Decay,0,0.5
480,9.815705128205128,mimic,CM,Baseline-Decay,0,0.5
510,9.815705128205128,mimic,CM,Baseline-Decay,0,0.5
540,9.815705128205128,mimic,CM,Baseline-Decay,0,0.5
570,9.815705128205128,mimic,CM,Baseline-Decay,0,0.5
600,9.815705128205128,mimic,CM,Baseline-Decay,0,0.5
630,9.815705128205128,mimic,CM,Baseline-Decay,0,0.5
660,9.815705128205128,mimic,CM,Baseline-Decay,0,0.5
690,9.815705128205128,mimic,CM,Baseline-Decay,0,0.5
720,9.815705128205128,mimic,CM,Baseline-Decay,0,0.5
750,9.815705128205128,mimic,CM,Baseline-Decay,0,0.5
780,9.815705128205128,mimic,CM,Baseline-Decay,0,0.5
810,9.815705128205128,mimic,CM,Baseline-Decay,0,0.5
840,9.815705128205128,mimic,CM,Baseline-Decay,0,0.5
870,9.815705128205128,mimic,CM,Baseline-Decay,0,0.5
900,9.815705128205128,mimic,CM,Baseline-Decay,0,0.5
930,9.815705128205128,mimic,CM,Baseline-Decay,0,0.5
960,9.815705128205128,mimic,CM,Baseline-Decay,0,0.5
990,9.815705128205128,mimic,CM,Baseline-Decay,0,0.5
1020,9.815705128205128,mimic,CM,Baseline-Decay,0,0.5
1050,9.815705128205128,mimic,CM,Baseline-Decay,0,0.5
1080,9.815705128205128,mimic,CM,Baseline-Decay,0,0.5
1110,9.815705128205128,mimic,CM,Baseline-Decay,0,0.5
1140,9.815705128205128,mimic,CM,Baseline-Decay,0,0.5
1170,9.815705128205128,mimic,CM,Baseline-Decay,0,0.5
1200,9.815705128205128,mimic,CM,Baseline-Decay,0,0.5
1230,9.815705128205128,mimic,CM,Baseline-Decay,0,0.5
1260,9.815705128205128,mimic,CM,Baseline-Decay,0,0.5
1290,9.815705128205128,mimic,CM,Baseline-Decay,0,0.5
1320,9.815705128205128,mimic,CM,Baseline-Decay,0,0.5
1350,9.815705128205128,mimic,CM,Baseline-Decay,0,0.5
1380,9.815705128205128,mimic,CM,Baseline-Decay,0,0.5
1410,9.815705128205128,mimic,CM,Baseline-Decay,0,0.5
1440,9.815705128205128,mimic,CM,Baseline-Decay,0,0.5
1470,9.815705128205128,mimic,CM,Baseline-Decay,0,0.5
1500,9.815705128205128,mimic,CM,Baseline-Decay,0,0.5
30,64.71354166666667,mimic,KRUM,Byz-NSGDM,123,0.1
60,75.30048076923077,mimic,KRUM,Byz-NSGDM,123,0.1
90,79.7676282051282,mimic,KRUM,Byz-NSGDM,123,0.1
120,80.99959935897436,mimic,KRUM,Byz-NSGDM,123,0.1
150,82.3016826923077,mimic,KRUM,Byz-NSGDM,123,0.1
180,82.74238782051282,mimic,KRUM,Byz-NSGDM,123,0.1
210,83.30328525641026,mimic,KRUM,Byz-NSGDM,123,0.1
240,83.45352564102564,mimic,KRUM,Byz-NSGDM,123,0.1
270,84.05448717948718,mimic,KRUM,Byz-NSGDM,123,0.1
300,83.984375,mimic,KRUM,Byz-NSGDM,123,0.1
330,84.55528846153847,mimic,KRUM,Byz-NSGDM,123,0.1
360,84.81570512820512,mimic,KRUM,Byz-NSGDM,123,0.1
390,84.54527243589743,mimic,KRUM,Byz-NSGDM,123,0.1
420,84.8457532051282,mimic,KRUM,Byz-NSGDM,123,0.1
450,85.0360576923077,mimic,KRUM,Byz-NSGDM,123,0.1
480,85.0761217948718,mimic,KRUM,Byz-NSGDM,123,0.1
510,85.05608974358974,mimic,KRUM,Byz-NSGDM,123,0.1
540,85.35657051282051,mimic,KRUM,Byz-NSGDM,123,0.1
570,85.33653846153847,mimic,KRUM,Byz-NSGDM,123,0.1
600,85.56690705128206,mimic,KRUM,Byz-NSGDM,123,0.1
630,85.41666666666667,mimic,KRUM,Byz-NSGDM,123,0.1
660,85.6670673076923,mimic,KRUM,Byz-NSGDM,123,0.1
690,85.61698717948718,mimic,KRUM,Byz-NSGDM,123,0.1
720,85.61698717948718,mimic,KRUM,Byz-NSGDM,123,0.1
750,85.73717948717949,mimic,KRUM,Byz-NSGDM,123,0.1
780,85.72716346153847,mimic,KRUM,Byz-NSGDM,123,0.1
810,85.75721153846153,mimic,KRUM,Byz-NSGDM,123,0.1
840,85.94751602564102,mimic,KRUM,Byz-NSGDM,123,0.1
870,86.19791666666667,mimic,KRUM,Byz-NSGDM,123,0.1
900,86.12780448717949,mimic,KRUM,Byz-NSGDM,123,0.1
930,86.2079326923077,mimic,KRUM,Byz-NSGDM,123,0.1
960,86.19791666666667,mimic,KRUM,Byz-NSGDM,123,0.1
990,86.26802884615384,mimic,KRUM,Byz-NSGDM,123,0.1
1020,86.25801282051282,mimic,KRUM,Byz-NSGDM,123,0.1
1050,86.57852564102564,mimic,KRUM,Byz-NSGDM,123,0.1
1080,86.51842948717949,mimic,KRUM,Byz-NSGDM,123,0.1
1110,86.57852564102564,mimic,KRUM,Byz-NSGDM,123,0.1
1140,86.47836538461539,mimic,KRUM,Byz-NSGDM,123,0.1
1170,86.65865384615384,mimic,KRUM,Byz-NSGDM,123,0.1
1200,86.71875,mimic,KRUM,Byz-NSGDM,123,0.1
1230,86.60857371794872,mimic,KRUM,Byz-NSGDM,123,0.1
1260,86.8389423076923,mimic,KRUM,Byz-NSGDM,123,0.1
1290,86.87900641025641,mimic,KRUM,Byz-NSGDM,123,0.1
1320,86.89903846153847,mimic,KRUM,Byz-NSGDM,123,0.1
1350,86.84895833333333,mimic,KRUM,Byz-NSGDM,123,0.1
1380,86.86899038461539,mimic,KRUM,Byz-NSGDM,123,0.1
1410,86.94911858974359,mimic,KRUM,Byz-NSGDM,123,0.1
1440,86.91907051282051,mimic,KRUM,Byz-NSGDM,123,0.1
1470,87.21955128205128,mimic,KRUM,Byz-NSGDM,123,0.1
1500,86.94911858974359,mimic,KRUM,Byz-NSGDM,123,0.1
30,64.1426282051282,LF,CM,Baseline,0,0.005
60,73.58774038461539,LF,CM,Baseline,0,0.005
90,80.30849358974359,LF,CM,Baseline,0,0.005
120,81.93108974358974,LF,CM,Baseline,0,0.005
150,83.30328525641026,LF,CM,Baseline,0,0.005
180,83.87419871794872,LF,CM,Baseline,0,0.005
210,84.47516025641026,LF,CM,Baseline,0,0.005
240,85.09615384615384,LF,CM,Baseline,0,0.005
270,85.1161858974359,LF,CM,Baseline,0,0.005
300,85.40665064102564,LF,CM,Baseline,0,0.005
330,85.99759615384616,LF,CM,Baseline,0,0.005
360,85.92748397435898,LF,CM,Baseline,0,0.005
390,86.02764423076923,LF,CM,Baseline,0,0.005
420,86.3681891025641,LF,CM,Baseline,0,0.005
450,86.26802884615384,LF,CM,Baseline,0,0.005
480,86.57852564102564,LF,CM,Baseline,0,0.005
510,86.57852564102564,LF,CM,Baseline,0,0.005
540,86.77884615384616,LF,CM,Baseline,0,0.005
570,86.71875,LF,CM,Baseline,0,0.005
600,86.72876602564102,LF,CM,Baseline,0,0.005
630,86.99919871794872,LF,CM,Baseline,0,0.005
660,86.89903846153847,LF,CM,Baseline,0,0.005
690,87.19951923076923,LF,CM,Baseline,0,0.005
720,87.24959935897436,LF,CM,Baseline,0,0.005
750,87.24959935897436,LF,CM,Baseline,0,0.005
780,87.43990384615384,LF,CM,Baseline,0,0.005
810,87.5400641025641,LF,CM,Baseline,0,0.005
840,87.3798076923077,LF,CM,Baseline,0,0.005
870,87.80048076923077,LF,CM,Baseline,0,0.005
900,87.63020833333333,LF,CM,Baseline,0,0.005
930,87.98076923076923,LF,CM,Baseline,0,0.005
960,88.06089743589743,LF,CM,Baseline,0,0.005
990,87.92067307692308,LF,CM,Baseline,0,0.005
1020,87.95072115384616,LF,CM,Baseline,0,0.005
1050,87.96073717948718,LF,CM,Baseline,0,0.005
1080,88.02083333333333,LF,CM,Baseline,0,0.005
1110,87.82051282051282,LF,CM,Baseline,0,0.005
1140,87.92067307692308,LF,CM,Baseline,0,0.005
1170,87.90064102564102,LF,CM,Baseline,0,0.005
1200,88.34134615384616,LF,CM,Baseline,0,0.005
1230,88.11097756410257,LF,CM,Baseline,0,0.005
1260,88.09094551282051,LF,CM,Baseline,0,0.005
1290,88.10096153846153,LF,CM,Baseline,0,0.005
1320,88.12099358974359,LF,CM,Baseline,0,0.005
1350,88.48157051282051,LF,CM,Baseline,0,0.005
1380,88.13100961538461,LF,CM,Baseline,0,0.005
1410,88.33133012820512,LF,CM,Baseline,0,0.005
1440,88.14102564102564,LF,CM,Baseline,0,0.005
1470,88.45152243589743,LF,CM,Baseline,0,0.005
1500,88.35136217948718,LF,CM,Baseline,0,0.005
30,31.300080128205128,LF,CM,Byz-NSGDM,0,0.01
60,37.65024038461539,LF,CM,Byz-NSGDM,0,0.01
90,43.359375,LF,CM,Byz-NSGDM,0,0.01
120,48.99839743589744,LF,CM,Byz-NSGDM,0,0.01
150,53.27524038461539,LF,CM,Byz-NSGDM,0,0.01
180,56.86097756410256,LF,CM,Byz-NSGDM,0,0.01
210,59.084535256410255,LF,CM,Byz-NSGDM,0,0.01
240,60.88741987179487,LF,CM,Byz-NSGDM,0,0.01
270,62.42988782051282,LF,CM,Byz-NSGDM,0,0.01
300,63.64182692307692,LF,CM,Byz-NSGDM,0,0.01
330,64.67347756410257,LF,CM,Byz-NSGDM,0,0.01
360,65.32451923076923,LF,CM,Byz-NSGDM,0,0.01
390,65.76522435897436,LF,CM,Byz-NSGDM,0,0.01
420,66.18589743589743,LF,CM,Byz-NSGDM,0,0.01
450,66.7167467948718,LF,CM,Byz-NSGDM,0,0.01
480,67.27764423076923,LF,CM,Byz-NSGDM,0,0.01
510,67.63822115384616,LF,CM,Byz-NSGDM,0,0.01
540,67.66826923076923,LF,CM,Byz-NSGDM,0,0.01
570,67.42788461538461,LF,CM,Byz-NSGDM,0,0.01
600,67.27764423076923,LF,CM,Byz-NSGDM,0,0.01
630,66.73677884615384,LF,CM,Byz-NSGDM,0,0.01
660,65.98557692307692,LF,CM,Byz-NSGDM,0,0.01
690,65.45472756410257,LF,CM,Byz-NSGDM,0,0.01
720,64.78365384615384,LF,CM,Byz-NSGDM,0,0.01
750,64.34294871794872,LF,CM,Byz-NSGDM,0,0.01
780,64.09254807692308,LF,CM,Byz-NSGDM,0,0.01
810,63.82211538461539,LF,CM,Byz-NSGDM,0,0.01
840,63.53165064102564,LF,CM,Byz-NSGDM,0,0.01
870,63.46153846153846,LF,CM,Byz-NSGDM,0,0.01
900,63.42147435897436,LF,CM,Byz-NSGDM,0,0.01
930,63.31129807692308,LF,CM,Byz-NSGDM,0,0.01
960,63.44150641025641,LF,CM,Byz-NSGDM,0,0.01
990,63.51161858974359,LF,CM,Byz-NSGDM,0,0.01
1020,63.60176282051282,LF,CM,Byz-NSGDM,0,0.01
1050,63.73197115384615,LF,CM,Byz-NSGDM,0,0.01
1080,63.85216346153846,LF,CM,Byz-NSGDM,0,0.01
1110,63.982371794871796,LF,CM,Byz-NSGDM,0,0.01
1140,64.13261217948718,LF,CM,Byz-NSGDM,0,0.01
1170,64.3329326923077,LF,CM,Byz-NSGDM,0,0.01
1200,64.43309294871794,LF,CM,Byz-NSGDM,0,0.01
1230,64.60336538461539,LF,CM,Byz-NSGDM,0,0.01
1260,64.82371794871794,LF,CM,Byz-NSGDM,0,0.01
1290,65.03405448717949,LF,CM,Byz-NSGDM,0,0.01
1320,65.17427884615384,LF,CM,Byz-NSGDM,0,0.01
1350,65.32451923076923,LF,CM,Byz-NSGDM,0,0.01
1380,65.5048076923077,LF,CM,Byz-NSGDM,0,0.01
1410,65.61498397435898,LF,CM,Byz-NSGDM,0,0.01
1440,65.75520833333333,LF,CM,Byz-NSGDM,0,0.01
1470,65.87540064102564,LF,CM,Byz-NSGDM,0,0.01
1500,66.03565705128206,LF,CM,Byz-NSGDM,0,0.01
30,9.354967948717949,LF,CM,Byz-NSGDM,0,0.001
60,10.446714743589743,LF,CM,Byz-NSGDM,0,0.001
90,11.498397435897436,LF,CM,Byz-NSGDM,0,0.001
120,12.159455128205128,LF,CM,Byz-NSGDM,0,0.001
150,12.940705128205128,LF,CM,Byz-NSGDM,0,0.001
180,13.541666666666666,LF,CM,Byz-NSGDM,0,0.001
210,14.132612179487179,LF,CM,Byz-NSGDM,0,0.001
240,14.673477564102564,LF,CM,Byz-NSGDM,0,0.001
270,15.124198717948717,LF,CM,Byz-NSGDM,0,0.001
300,15.354567307692308,LF,CM,Byz-NSGDM,0,0.001
330,15.755208333333334,LF,CM,Byz-NSGDM,0,0.001
360,16.045673076923077,LF,CM,Byz-NSGDM,0,0.001
390,16.38621794871795,LF,CM,Byz-NSGDM,0,0.001
420,16.786858974358974,LF,CM,Byz-NSGDM,0,0.001
450,17.00721153846154,LF,CM,Byz-NSGDM,0,0.001
480,17.27764423076923,LF,CM,Byz-NSGDM,0,0.001
510,17.618189102564102,LF,CM,Byz-NSGDM,0,0.001
540,17.89863782051282,LF,CM,Byz-NSGDM,0,0.001
570,18.33934294871795,LF,CM,Byz-NSGDM,0,0.001
600,18.86017628205128,LF,CM,Byz-NSGDM,0,0.001
630,19.411057692307693,LF,CM,Byz-NSGDM,0,0.001
660,19.931891025641026,LF,CM,Byz-NSGDM,0,0.001
690,20.352564102564102,LF,CM,Byz-NSGDM,0,0.001
720,20.853365384615383,LF,CM,Byz-NSGDM,0,0.001
750,21.37419871794872,LF,CM,Byz-NSGDM,0,0.001
780,21.915064102564102,LF,CM,Byz-NSGDM,0,0.001
810,22.305689102564102,LF,CM,Byz-NSGDM,0,0.001
840,22.76642628205128,LF,CM,Byz-NSGDM,0,0.001
870,23.177083333333332,LF,CM,Byz-NSGDM,0,0.001
900,23.567708333333332,LF,CM,Byz-NSGDM,0,0.001
930,23.868189102564102,LF,CM,Byz-NSGDM,0,0.001
960,24.188701923076923,LF,CM,Byz-NSGDM,0,0.001
990,24.42908653846154,LF,CM,Byz-NSGDM,0,0.001
1020,24.78966346153846,LF,CM,Byz-NSGDM,0,0.001
1050,25.140224358974358,LF,CM,Byz-NSGDM,0,0.001
1080,25.470753205128204,LF,CM,Byz-NSGDM,0,0.001
1110,25.681089743589745,LF,CM,Byz-NSGDM,0,0.001
1140,25.931490384615383,LF,CM,Byz-NSGDM,0,0.001
1170,26.161858974358974,LF,CM,Byz-NSGDM,0,0.001
1200,26.38221153846154,LF,CM,Byz-NSGDM,0,0.001
1230,26.58253205128205,LF,CM,Byz-NSGDM,0,0.001
1260,26.782852564102566,LF,CM,Byz-NSGDM,0,0.001
1290,26.983173076923077,LF,CM,Byz-NSGDM,0,0.001
1320,27.153445512820515,LF,CM,Byz-NSGDM,0,0.001
1350,27.36378205128205,LF,CM,Byz-NSGDM,0,0.001
1380,27.564102564102566,LF,CM,Byz-NSGDM,0,0.001
1410,27.774439102564102,LF,CM,Byz-NSGDM,0,0.001
1440,27.96474358974359,LF,CM,Byz-NSGDM,0,0.001
1470,28.125,LF,CM,Byz-NSGDM,0,0.001
1500,28.265224358974358,LF,CM,Byz-NSGDM,0,0.001
30,77.93469551282051,LF,KRUM,Baseline-Decay,0,0.05
60,80.45873397435898,LF,KRUM,Baseline-Decay,0,0.05
90,82.10136217948718,LF,KRUM,Baseline-Decay,0,0.05
120,82.98277243589743,LF,KRUM,Baseline-Decay,0,0.05
150,83.85416666666667,LF,KRUM,Baseline-Decay,0,0.05
180,84.14463141025641,LF,KRUM,Baseline-Decay,0,0.05
210,84.58533653846153,LF,KRUM,Baseline-Decay,0,0.05
240,84.85576923076923,LF,KRUM,Baseline-Decay,0,0.05
270,84.77564102564102,LF,KRUM,Baseline-Decay,0,0.05
300,84.95592948717949,LF,KRUM,Baseline-Decay,0,0.05
330,85.32652243589743,LF,KRUM,Baseline-Decay,0,0.05
360,85.48677884615384,LF,KRUM,Baseline-Decay,0,0.05
390,85.73717948717949,LF,KRUM,Baseline-Decay,0,0.05
420,85.70713141025641,LF,KRUM,Baseline-Decay,0,0.05
450,85.71714743589743,LF,KRUM,Baseline-Decay,0,0.05
480,85.9375,LF,KRUM,Baseline-Decay,0,0.05
510,86.17788461538461,LF,KRUM,Baseline-Decay,0,0.05
540,86.23798076923077,LF,KRUM,Baseline-Decay,0,0.05
570,86.09775641025641,LF,KRUM,Baseline-Decay,0,0.05
600,86.13782051282051,LF,KRUM,Baseline-Decay,0,0.05
630,86.45833333333333,LF,KRUM,Baseline-Decay,0,0.05
660,86.4483173076923,LF,KRUM,Baseline-Decay,0,0.05
690,86.62860576923077,LF,KRUM,Baseline-Decay,0,0.05
720,86.57852564102564,LF,KRUM,Baseline-Decay,0,0.05
750,86.48838141025641,LF,KRUM,Baseline-Decay,0,0.05
780,86.69871794871794,LF,KRUM,Baseline-Decay,0,0.05
810,86.68870192307692,LF,KRUM,Baseline-Decay,0,0.05
840,86.53846153846153,LF,KRUM,Baseline-Decay,0,0.05
870,86.66866987179488,LF,KRUM,Baseline-Decay,0,0.05
900,86.81891025641026,LF,KRUM,Baseline-Decay,0,0.05
930,86.90905448717949,LF,KRUM,Baseline-Decay,0,0.05
960,86.86899038461539,LF,KRUM,Baseline-Decay,0,0.05
990,86.86899038461539,LF,KRUM,Baseline-Decay,0,0.05
1020,86.97916666666667,LF,KRUM,Baseline-Decay,0,0.05
1050,87.0292467948718,LF,KRUM,Baseline-Decay,0,0.05
1080,86.99919871794872,LF,KRUM,Baseline-Decay,0,0.05
1110,86.94911858974359,LF,KRUM,Baseline-Decay,0,0.05
1140,86.93910256410257,LF,KRUM,Baseline-Decay,0,0.05
1170,87.0693108974359,LF,KRUM,Baseline-Decay,0,0.05
1200,87.13942307692308,LF,KRUM,Baseline-Decay,0,0.05
1230,87.17948717948718,LF,KRUM,Baseline-Decay,0,0.05
1260,87.25961538461539,LF,KRUM,Baseline-Decay,0,0.05
1290,87.01923076923077,LF,KRUM,Baseline-Decay,0,0.05
1320,87.17948717948718,LF,KRUM,Baseline-Decay,0,0.05
1350,87.2295673076923,LF,KRUM,Baseline-Decay,0,0.05
1380,87.24959935897436,LF,KRUM,Baseline-Decay,0,0.05
1410,87.27964743589743,LF,KRUM,Baseline-Decay,0,0.05
1440,87.32972756410257,LF,KRUM,Baseline-Decay,0,0.05
1470,87.3798076923077,LF,KRUM,Baseline-Decay,0,0.05
1500,87.32972756410257,LF,KRUM,Baseline-Decay,0,0.05
30,16.68669871794872,LF,KRUM,Byz-NSGDM,0,0.005
60,23.106971153846153,LF,KRUM,Byz-NSGDM,0,0.005
90,25.951522435897434,LF,KRUM,Byz-NSGDM,0,0.005
120,27.974759615384617,LF,KRUM,Byz-NSGDM,0,0.005
150,29.246794871794872,LF,KRUM,Byz-NSGDM,0,0.005
180,30.528846153846153,LF,KRUM,Byz-NSGDM,0,0.005
210,31.73076923076923,LF,KRUM,Byz-NSGDM,0,0.005
240,33.13301282051282,LF,KRUM,Byz-NSGDM,0,0.005
270,34.39503205128205,LF,KRUM,Byz-NSGDM,0,0.005
300,35.66706730769231,LF,KRUM,Byz-NSGDM,0,0.005
330,36.83894230769231,LF,KRUM,Byz-NSGDM,0,0.005
360,38.37139423076923,LF,KRUM,Byz-NSGDM,0,0.005
390,39.83373397435897,LF,KRUM,Byz-NSGDM,0,0.005
420,40.96554487179487,LF,KRUM,Byz-NSGDM,0,0.005
450,42.13741987179487,LF,KRUM,Byz-NSGDM,0,0.005
480,43.19911858974359,LF,KRUM,Byz-NSGDM,0,0.005
510,44.20072115384615,LF,KRUM,Byz-NSGDM,0,0.005
540,45.09214743589744,LF,KRUM,Byz-NSGDM,0,0.005
570,45.97355769230769,LF,KRUM,Byz-NSGDM,0,0.005
600,46.594551282051285,LF,KRUM,Byz-NSGDM,0,0.005
630,47.29567307692308,LF,KRUM,Byz-NSGDM,0,0.005
660,47.92668269230769,LF,KRUM,Byz-NSGDM,0,0.005
690,48.49759615384615,LF,KRUM,Byz-NSGDM,0,0.005
720,49.05849358974359,LF,KRUM,Byz-NSGDM,0,0.005
750,49.5693108974359,LF,KRUM,Byz-NSGDM,0,0.005
780,49.9599358974359,LF,KRUM,Byz-NSGDM,0,0.005
810,50.390625,LF,KRUM,Byz-NSGDM,0,0.005
840,50.80128205128205,LF,KRUM,Byz-NSGDM,0,0.005
870,51.16185897435897,LF,KRUM,Byz-NSGDM,0,0.005
900,51.51241987179487,LF,KRUM,Byz-NSGDM,0,0.005
930,51.81290064102564,LF,KRUM,Byz-NSGDM,0,0.005
960,51.97315705128205,LF,KRUM,Byz-NSGDM,0,0.005
990,52.17347756410256,LF,KRUM,Byz-NSGDM,0,0.005
1020,52.43389423076923,LF,KRUM,Byz-NSGDM,0,0.005
1050,52.58413461538461,LF,KRUM,Byz-NSGDM,0,0.005
1080,52.7744391025641,LF,KRUM,Byz-NSGDM,0,0.005
1110,52.98477564102564,LF,KRUM,Byz-NSGDM,0,0.005
1140,53.235176282051285,LF,KRUM,Byz-NSGDM,0,0.005
1170,53.39543269230769,LF,KRUM,Byz-NSGDM,0,0.005
1200,53.515625,LF,KRUM,Byz-NSGDM,0,0.005
1230,53.73597756410256,LF,KRUM,Byz-NSGDM,0,0.005
1260,53.89623397435897,LF,KRUM,Byz-NSGDM,0,0.005
1290,54.07652243589744,LF,KRUM,Byz-NSGDM,0,0.005
1320,54.23677884615385,LF,KRUM,Byz-NSGDM,0,0.005
1350,54.377003205128204,LF,KRUM,Byz-NSGDM,0,0.005
1380,54.52724358974359,LF,KRUM,Byz-NSGDM,0,0.005
1410,54.66746794871795,LF,KRUM,Byz-NSGDM,0,0.005
1440,54.80769230769231,LF,KRUM,Byz-NSGDM,0,0.005
1470,54.90785256410256,LF,KRUM,Byz-NSGDM,0,0.005
1500,55.078125,LF,KRUM,Byz-NSGDM,0,0.005
30,9.815705128205128,mimic,RFA,Baseline-Decay,0,1.0
60,9.815705128205128,mimic,RFA,Baseline-Decay,0,1.0
90,9.815705128205128,mimic,RFA,Baseline-Decay,0,1.0
120,9.815705128205128,mimic,RFA,Baseline-Decay,0,1.0
150,9.815705128205128,mimic,RFA,Baseline-Decay,0,1.0
180,9.815705128205128,mimic,RFA,Baseline-Decay,0,1.0
210,9.815705128205128,mimic,RFA,Baseline-Decay,0,1.0
240,9.815705128205128,mimic,RFA,Baseline-Decay,0,1.0
270,9.815705128205128,mimic,RFA,Baseline-Decay,0,1.0
300,9.815705128205128,mimic,RFA,Baseline-Decay,0,1.0
330,9.815705128205128,mimic,RFA,Baseline-Decay,0,1.0
360,9.815705128205128,mimic,RFA,Baseline-Decay,0,1.0
390,9.815705128205128,mimic,RFA,Baseline-Decay,0,1.0
420,9.815705128205128,mimic,RFA,Baseline-Decay,0,1.0
450,9.815705128205128,mimic,RFA,Baseline-Decay,0,1.0
480,9.815705128205128,mimic,RFA,Baseline-Decay,0,1.0
510,9.815705128205128,mimic,RFA,Baseline-Decay,0,1.0
540,9.815705128205128,mimic,RFA,Baseline-Decay,0,1.0
570,9.815705128205128,mimic,RFA,Baseline-Decay,0,1.0
600,9.815705128205128,mimic,RFA,Baseline-Decay,0,1.0
630,9.815705128205128,mimic,RFA,Baseline-Decay,0,1.0
660,9.815705128205128,mimic,RFA,Baseline-Decay,0,1.0
690,9.815705128205128,mimic,RFA,Baseline-Decay,0,1.0
720,9.815705128205128,mimic,RFA,Baseline-Decay,0,1.0
750,9.815705128205128,mimic,RFA,Baseline-Decay,0,1.0
780,9.815705128205128,mimic,RFA,Baseline-Decay,0,1.0
810,9.815705128205128,mimic,RFA,Baseline-Decay,0,1.0
840,9.815705128205128,mimic,RFA,Baseline-Decay,0,1.0
870,9.815705128205128,mimic,RFA,Baseline-Decay,0,1.0
900,9.815705128205128,mimic,RFA,Baseline-Decay,0,1.0
930,9.815705128205128,mimic,RFA,Baseline-Decay,0,1.0
960,9.815705128205128,mimic,RFA,Baseline-Decay,0,1.0
990,9.815705128205128,mimic,RFA,Baseline-Decay,0,1.0
1020,9.815705128205128,mimic,RFA,Baseline-Decay,0,1.0
1050,9.815705128205128,mimic,RFA,Baseline-Decay,0,1.0
1080,9.815705128205128,mimic,RFA,Baseline-Decay,0,1.0
1110,9.815705128205128,mimic,RFA,Baseline-Decay,0,1.0
1140,9.815705128205128,mimic,RFA,Baseline-Decay,0,1.0
1170,9.815705128205128,mimic,RFA,Baseline-Decay,0,1.0
1200,9.815705128205128,mimic,RFA,Baseline-Decay,0,1.0
1230,9.815705128205128,mimic,RFA,Baseline-Decay,0,1.0
1260,9.815705128205128,mimic,RFA,Baseline-Decay,0,1.0
1290,9.815705128205128,mimic,RFA,Baseline-Decay,0,1.0
1320,9.815705128205128,mimic,RFA,Baseline-Decay,0,1.0
1350,9.815705128205128,mimic,RFA,Baseline-Decay,0,1.0
1380,9.815705128205128,mimic,RFA,Baseline-Decay,0,1.0
1410,9.815705128205128,mimic,RFA,Baseline-Decay,0,1.0
1440,9.815705128205128,mimic,RFA,Baseline-Decay,0,1.0
1470,9.815705128205128,mimic,RFA,Baseline-Decay,0,1.0
1500,9.815705128205128,mimic,RFA,Baseline-Decay,0,1.0
30,79.57732371794872,mimic,RFA,Baseline-Decay,123,0.05
60,82.31169871794872,mimic,RFA,Baseline-Decay,123,0.05
90,83.3233173076923,mimic,RFA,Baseline-Decay,123,0.05
120,83.99439102564102,mimic,RFA,Baseline-Decay,123,0.05
150,84.53525641025641,mimic,RFA,Baseline-Decay,123,0.05
180,84.78565705128206,mimic,RFA,Baseline-Decay,123,0.05
210,84.81570512820512,mimic,RFA,Baseline-Decay,123,0.05
240,84.90584935897436,mimic,RFA,Baseline-Decay,123,0.05
270,85.53685897435898,mimic,RFA,Baseline-Decay,123,0.05
300,85.48677884615384,mimic,RFA,Baseline-Decay,123,0.05
330,85.80729166666667,mimic,RFA,Baseline-Decay,123,0.05
360,86.08774038461539,mimic,RFA,Baseline-Decay,123,0.05
390,86.15785256410257,mimic,RFA,Baseline-Decay,123,0.05
420,86.26802884615384,mimic,RFA,Baseline-Decay,123,0.05
450,86.37820512820512,mimic,RFA,Baseline-Decay,123,0.05
480,86.58854166666667,mimic,RFA,Baseline-Decay,123,0.05
510,86.76883012820512,mimic,RFA,Baseline-Decay,123,0.05
540,86.7588141025641,mimic,RFA,Baseline-Decay,123,0.05
570,86.66866987179488,mimic,RFA,Baseline-Decay,123,0.05
600,87.01923076923077,mimic,RFA,Baseline-Decay,123,0.05
630,86.86899038461539,mimic,RFA,Baseline-Decay,123,0.05
660,86.90905448717949,mimic,RFA,Baseline-Decay,123,0.05
690,87.1494391025641,mimic,RFA,Baseline-Decay,123,0.05
720,87.23958333333333,mimic,RFA,Baseline-Decay,123,0.05
750,87.07932692307692,mimic,RFA,Baseline-Decay,123,0.05
780,87.20953525641026,mimic,RFA,Baseline-Decay,123,0.05
810,87.34975961538461,mimic,RFA,Baseline-Decay,123,0.05
840,87.40985576923077,mimic,RFA,Baseline-Decay,123,0.05
870,88.00080128205128,mimic,RFA,Baseline-Decay,123,0.05
900,87.60016025641026,mimic,RFA,Baseline-Decay,123,0.05
930,87.61017628205128,mimic,RFA,Baseline-Decay,123,0.05
960,87.59014423076923,mimic,RFA,Baseline-Decay,123,0.05
990,87.63020833333333,mimic,RFA,Baseline-Decay,123,0.05
1020,87.70032051282051,mimic,RFA,Baseline-Decay,123,0.05
1050,88.19110576923077,mimic,RFA,Baseline-Decay,123,0.05
1080,87.99078525641026,mimic,RFA,Baseline-Decay,123,0.05
1110,88.46153846153847,mimic,RFA,Baseline-Decay,123,0.05
1140,88.18108974358974,mimic,RFA,Baseline-Decay,123,0.05
1170,88.30128205128206,mimic,RFA,Baseline-Decay,123,0.05
1200,88.31129807692308,mimic,RFA,Baseline-Decay,123,0.05
1230,88.25120192307692,mimic,RFA,Baseline-Decay,123,0.05
1260,88.41145833333333,mimic,RFA,Baseline-Decay,123,0.05
1290,88.66185897435898,mimic,RFA,Baseline-Decay,123,0.05
1320,88.3613782051282,mimic,RFA,Baseline-Decay,123,0.05
1350,88.4014423076923,mimic,RFA,Baseline-Decay,123,0.05
1380,88.31129807692308,mimic,RFA,Baseline-Decay,123,0.05
1410,88.43149038461539,mimic,RFA,Baseline-Decay,123,0.05
1440,88.29126602564102,mimic,RFA,Baseline-Decay,123,0.05
1470,88.64182692307692,mimic,RFA,Baseline-Decay,123,0.05
1500,88.60176282051282,mimic,RFA,Baseline-Decay,123,0.05
30,9.815705128205128,LF,RFA,Baseline-Decay,0,0.5
60,9.815705128205128,LF,RFA,Baseline-Decay,0,0.5
90,9.815705128205128,LF,RFA,Baseline-Decay,0,0.5
120,9.815705128205128,LF,RFA,Baseline-Decay,0,0.5
150,9.815705128205128,LF,RFA,Baseline-Decay,0,0.5
180,9.815705128205128,LF,RFA,Baseline-Decay,0,0.5
210,9.815705128205128,LF,RFA,Baseline-Decay,0,0.5
240,9.815705128205128,LF,RFA,Baseline-Decay,0,0.5
270,9.815705128205128,LF,RFA,Baseline-Decay,0,0.5
300,9.815705128205128,LF,RFA,Baseline-Decay,0,0.5
330,9.815705128205128,LF,RFA,Baseline-Decay,0,0.5
360,9.815705128205128,LF,RFA,Baseline-Decay,0,0.5
390,9.815705128205128,LF,RFA,Baseline-Decay,0,0.5
420,9.815705128205128,LF,RFA,Baseline-Decay,0,0.5
450,9.815705128205128,LF,RFA,Baseline-Decay,0,0.5
480,9.815705128205128,LF,RFA,Baseline-Decay,0,0.5
510,9.815705128205128,LF,RFA,Baseline-Decay,0,0.5
540,9.815705128205128,LF,RFA,Baseline-Decay,0,0.5
570,9.815705128205128,LF,RFA,Baseline-Decay,0,0.5
600,9.815705128205128,LF,RFA,Baseline-Decay,0,0.5
630,9.815705128205128,LF,RFA,Baseline-Decay,0,0.5
660,9.815705128205128,LF,RFA,Baseline-Decay,0,0.5
690,9.815705128205128,LF,RFA,Baseline-Decay,0,0.5
720,9.815705128205128,LF,RFA,Baseline-Decay,0,0.5
750,9.815705128205128,LF,RFA,Baseline-Decay,0,0.5
780,9.815705128205128,LF,RFA,Baseline-Decay,0,0.5
810,9.815705128205128,LF,RFA,Baseline-Decay,0,0.5
840,9.815705128205128,LF,RFA,Baseline-Decay,0,0.5
870,9.815705128205128,LF,RFA,Baseline-Decay,0,0.5
900,9.815705128205128,LF,RFA,Baseline-Decay,0,0.5
930,9.815705128205128,LF,RFA,Baseline-Decay,0,0.5
960,9.815705128205128,LF,RFA,Baseline-Decay,0,0.5
990,9.815705128205128,LF,RFA,Baseline-Decay,0,0.5
1020,9.815705128205128,LF,RFA,Baseline-Decay,0,0.5
1050,9.815705128205128,LF,RFA,Baseline-Decay,0,0.5
1080,9.815705128205128,LF,RFA,Baseline-Decay,0,0.5
1110,9.815705128205128,LF,RFA,Baseline-Decay,0,0.5
1140,9.815705128205128,LF,RFA,Baseline-Decay,0,0.5
1170,9.815705128205128,LF,RFA,Baseline-Decay,0,0.5
1200,9.815705128205128,LF,RFA,Baseline-Decay,0,0.5
1230,9.815705128205128,LF,RFA,Baseline-Decay,0,0.5
1260,9.815705128205128,LF,RFA,Baseline-Decay,0,0.5
1290,9.815705128205128,LF,RFA,Baseline-Decay,0,0.5
1320,9.815705128205128,LF,RFA,Baseline-Decay,0,0.5
1350,9.815705128205128,LF,RFA,Baseline-Decay,0,0.5
1380,9.815705128205128,LF,RFA,Baseline-Decay,0,0.5
1410,9.815705128205128,LF,RFA,Baseline-Decay,0,0.5
1440,9.815705128205128,LF,RFA,Baseline-Decay,0,0.5
1470,9.815705128205128,LF,RFA,Baseline-Decay,0,0.5
1500,9.815705128205128,LF,RFA,Baseline-Decay,0,0.5
30,76.80288461538461,mimic,RFA,Byz-NSGDM,42,0.2
60,79.53725961538461,mimic,RFA,Byz-NSGDM,42,0.2
90,81.38020833333333,mimic,RFA,Byz-NSGDM,42,0.2
120,83.31330128205128,mimic,RFA,Byz-NSGDM,42,0.2
150,84.23477564102564,mimic,RFA,Byz-NSGDM,42,0.2
180,84.96594551282051,mimic,RFA,Byz-NSGDM,42,0.2
210,85.37660256410257,mimic,RFA,Byz-NSGDM,42,0.2
240,86.04767628205128,mimic,RFA,Byz-NSGDM,42,0.2
270,85.8173076923077,mimic,RFA,Byz-NSGDM,42,0.2
300,86.19791666666667,mimic,RFA,Byz-NSGDM,42,0.2
330,86.39823717948718,mimic,RFA,Byz-NSGDM,42,0.2
360,86.27804487179488,mimic,RFA,Byz-NSGDM,42,0.2
390,86.37820512820512,mimic,RFA,Byz-NSGDM,42,0.2
420,86.61858974358974,mimic,RFA,Byz-NSGDM,42,0.2
450,86.92908653846153,mimic,RFA,Byz-NSGDM,42,0.2
480,86.65865384615384,mimic,RFA,Byz-NSGDM,42,0.2
510,86.89903846153847,mimic,RFA,Byz-NSGDM,42,0.2
540,86.56850961538461,mimic,RFA,Byz-NSGDM,42,0.2
570,86.95913461538461,mimic,RFA,Byz-NSGDM,42,0.2
600,87.0292467948718,mimic,RFA,Byz-NSGDM,42,0.2
630,87.16947115384616,mimic,RFA,Byz-NSGDM,42,0.2
660,87.15945512820512,mimic,RFA,Byz-NSGDM,42,0.2
690,87.26963141025641,mimic,RFA,Byz-NSGDM,42,0.2
720,87.38982371794872,mimic,RFA,Byz-NSGDM,42,0.2
750,87.27964743589743,mimic,RFA,Byz-NSGDM,42,0.2
780,87.25961538461539,mimic,RFA,Byz-NSGDM,42,0.2
810,87.36979166666667,mimic,RFA,Byz-NSGDM,42,0.2
840,87.32972756410257,mimic,RFA,Byz-NSGDM,42,0.2
870,87.4599358974359,mimic,RFA,Byz-NSGDM,42,0.2
900,87.69030448717949,mimic,RFA,Byz-NSGDM,42,0.2
930,87.59014423076923,mimic,RFA,Byz-NSGDM,42,0.2
960,87.71033653846153,mimic,RFA,Byz-NSGDM,42,0.2
990,87.71033653846153,mimic,RFA,Byz-NSGDM,42,0.2
1020,87.75040064102564,mimic,RFA,Byz-NSGDM,42,0.2
1050,87.55008012820512,mimic,RFA,Byz-NSGDM,42,0.2
1080,87.61017628205128,mimic,RFA,Byz-NSGDM,42,0.2
1110,87.86057692307692,mimic,RFA,Byz-NSGDM,42,0.2
1140,87.84054487179488,mimic,RFA,Byz-NSGDM,42,0.2
1170,87.94070512820512,mimic,RFA,Byz-NSGDM,42,0.2
1200,87.76041666666667,mimic,RFA,Byz-NSGDM,42,0.2
1230,87.72035256410257,mimic,RFA,Byz-NSGDM,42,0.2
1260,87.88060897435898,mimic,RFA,Byz-NSGDM,42,0.2
1290,87.71033653846153,mimic,RFA,Byz-NSGDM,42,0.2
1320,87.94070512820512,mimic,RFA,Byz-NSGDM,42,0.2
1350,87.96073717948718,mimic,RFA,Byz-NSGDM,42,0.2
1380,87.72035256410257,mimic,RFA,Byz-NSGDM,42,0.2
1410,88.0108173076923,mimic,RFA,Byz-NSGDM,42,0.2
1440,87.8104967948718,mimic,RFA,Byz-NSGDM,42,0.2
1470,88.12099358974359,mimic,RFA,Byz-NSGDM,42,0.2
1500,88.08092948717949,mimic,RFA,Byz-NSGDM,42,0.2
30,85.01602564102564,LF,RFA,Byz-NSGDM,0,1.0
60,86.13782051282051,LF,RFA,Byz-NSGDM,0,1.0
90,87.2295673076923,LF,RFA,Byz-NSGDM,0,1.0
120,87.75040064102564,LF,RFA,Byz-NSGDM,0,1.0
150,87.70032051282051,LF,RFA,Byz-NSGDM,0,1.0
180,88.03084935897436,LF,RFA,Byz-NSGDM,0,1.0
210,88.31129807692308,LF,RFA,Byz-NSGDM,0,1.0
240,88.66185897435898,LF,RFA,Byz-NSGDM,0,1.0
270,88.53165064102564,LF,RFA,Byz-NSGDM,0,1.0
300,88.88221153846153,LF,RFA,Byz-NSGDM,0,1.0
330,88.68189102564102,LF,RFA,Byz-NSGDM,0,1.0
360,88.99238782051282,LF,RFA,Byz-NSGDM,0,1.0
390,88.81209935897436,LF,RFA,Byz-NSGDM,0,1.0
420,89.1025641025641,LF,RFA,Byz-NSGDM,0,1.0
450,88.83213141025641,LF,RFA,Byz-NSGDM,0,1.0
480,88.90224358974359,LF,RFA,Byz-NSGDM,0,1.0
510,88.95232371794872,LF,RFA,Byz-NSGDM,0,1.0
540,88.80208333333333,LF,RFA,Byz-NSGDM,0,1.0
570,88.96233974358974,LF,RFA,Byz-NSGDM,0,1.0
600,88.96233974358974,LF,RFA,Byz-NSGDM,0,1.0
630,88.9423076923077,LF,RFA,Byz-NSGDM,0,1.0
660,88.9823717948718,LF,RFA,Byz-NSGDM,0,1.0
690,88.95232371794872,LF,RFA,Byz-NSGDM,0,1.0
720,89.15264423076923,LF,RFA,Byz-NSGDM,0,1.0
750,88.92227564102564,LF,RFA,Byz-NSGDM,0,1.0
780,89.1025641025641,LF,RFA,Byz-NSGDM,0,1.0
810,89.24278846153847,LF,RFA,Byz-NSGDM,0,1.0
840,89.08253205128206,LF,RFA,Byz-NSGDM,0,1.0
870,89.11258012820512,LF,RFA,Byz-NSGDM,0,1.0
900,89.19270833333333,LF,RFA,Byz-NSGDM,0,1.0
930,89.15264423076923,LF,RFA,Byz-NSGDM,0,1.0
960,89.09254807692308,LF,RFA,Byz-NSGDM,0,1.0
990,89.19270833333333,LF,RFA,Byz-NSGDM,0,1.0
1020,89.25280448717949,LF,RFA,Byz-NSGDM,0,1.0
1050,89.1025641025641,LF,RFA,Byz-NSGDM,0,1.0
1080,89.20272435897436,LF,RFA,Byz-NSGDM,0,1.0
1110,89.05248397435898,LF,RFA,Byz-NSGDM,0,1.0
1140,89.00240384615384,LF,RFA,Byz-NSGDM,0,1.0
1170,88.96233974358974,LF,RFA,Byz-NSGDM,0,1.0
1200,89.16266025641026,LF,RFA,Byz-NSGDM,0,1.0
1230,89.13261217948718,LF,RFA,Byz-NSGDM,0,1.0
1260,89.15264423076923,LF,RFA,Byz-NSGDM,0,1.0
1290,89.16266025641026,LF,RFA,Byz-NSGDM,0,1.0
1320,89.07251602564102,LF,RFA,Byz-NSGDM,0,1.0
1350,89.25280448717949,LF,RFA,Byz-NSGDM,0,1.0
1380,89.09254807692308,LF,RFA,Byz-NSGDM,0,1.0
1410,89.24278846153847,LF,RFA,Byz-NSGDM,0,1.0
1440,89.1025641025641,LF,RFA,Byz-NSGDM,0,1.0
1470,89.20272435897436,LF,RFA,Byz-NSGDM,0,1.0
1500,89.21274038461539,LF,RFA,Byz-NSGDM,0,1.0
30,91.61658653846153,LF,KRUM,Baseline-Decay,123,0.2
60,85.25641025641026,LF,KRUM,Baseline-Decay,123,0.2
90,86.22796474358974,LF,KRUM,Baseline-Decay,123,0.2
120,86.82892628205128,LF,KRUM,Baseline-Decay,123,0.2
150,86.95913461538461,LF,KRUM,Baseline-Decay,123,0.2
180,87.17948717948718,LF,KRUM,Baseline-Decay,123,0.2
210,87.4198717948718,LF,KRUM,Baseline-Decay,123,0.2
240,87.71033653846153,LF,KRUM,Baseline-Decay,123,0.2
270,87.65024038461539,LF,KRUM,Baseline-Decay,123,0.2
300,87.92067307692308,LF,KRUM,Baseline-Decay,123,0.2
330,87.8505608974359,LF,KRUM,Baseline-Decay,123,0.2
360,88.05088141025641,LF,KRUM,Baseline-Decay,123,0.2
390,87.94070512820512,LF,KRUM,Baseline-Decay,123,0.2
420,88.08092948717949,LF,KRUM,Baseline-Decay,123,0.2
450,88.00080128205128,LF,KRUM,Baseline-Decay,123,0.2
480,88.14102564102564,LF,KRUM,Baseline-Decay,123,0.2
510,88.2011217948718,LF,KRUM,Baseline-Decay,123,0.2
540,88.26121794871794,LF,KRUM,Baseline-Decay,123,0.2
570,88.3213141025641,LF,KRUM,Baseline-Decay,123,0.2
600,88.38141025641026,LF,KRUM,Baseline-Decay,123,0.2
630,88.28125,LF,KRUM,Baseline-Decay,123,0.2
660,88.3613782051282,LF,KRUM,Baseline-Decay,123,0.2
690,88.3613782051282,LF,KRUM,Baseline-Decay,123,0.2
720,88.41145833333333,LF,KRUM,Baseline-Decay,123,0.2
750,88.4014423076923,LF,KRUM,Baseline-Decay,123,0.2
780,88.53165064102564,LF,KRUM,Baseline-Decay,123,0.2
810,88.5917467948718,LF,KRUM,Baseline-Decay,123,0.2
840,88.61177884615384,LF,KRUM,Baseline-Decay,123,0.2
870,88.60176282051282,LF,KRUM,Baseline-Decay,123,0.2
900,88.53165064102564,LF,KRUM,Baseline-Decay,123,0.2
930,88.65184294871794,LF,KRUM,Baseline-Decay,123,0.2
960,88.6318108974359,LF,KRUM,Baseline-Decay,123,0.2
990,88.60176282051282,LF,KRUM,Baseline-Decay,123,0.2
1020,88.70192307692308,LF,KRUM,Baseline-Decay,123,0.2
1050,88.70192307692308,LF,KRUM,Baseline-Decay,123,0.2
1080,88.69190705128206,LF,KRUM,Baseline-Decay,123,0.2
1110,88.69190705128206,LF,KRUM,Baseline-Decay,123,0.2
1140,88.66185897435898,LF,KRUM,Baseline-Decay,123,0.2
1170,88.60176282051282,LF,KRUM,Baseline-Decay,123,0.2
1200,88.72195512820512,LF,KRUM,Baseline-Decay,123,0.2
1230,88.73197115384616,LF,KRUM,Baseline-Decay,123,0.2
1260,88.73197115384616,LF,KRUM,Baseline-Decay,123,0.2
1290,88.7119391025641,LF,KRUM,Baseline-Decay,123,0.2
1320,88.72195512820512,LF,KRUM,Baseline-Decay,123,0.2
1350,88.7119391025641,LF,KRUM,Baseline-Decay,123,0.2
1380,88.70192307692308,LF,KRUM,Baseline-Decay,123,0.2
1410,88.84214743589743,LF,KRUM,Baseline-Decay,123,0.2
1440,88.7520032051282,LF,KRUM,Baseline-Decay,123,0.2
1470,88.7520032051282,LF,KRUM,Baseline-Decay,123,0.2
1500,88.81209935897436,LF,KRUM,Baseline-Decay,123,0.2
30,62.109375,mimic,RFA,Baseline,123,0.002
60,75.23036858974359,mimic,RFA,Baseline,123,0.002
90,79.61738782051282,mimic,RFA,Baseline,123,0.002
120,80.80929487179488,mimic,RFA,Baseline,123,0.002
150,81.97115384615384,mimic,RFA,Baseline,123,0.002
180,82.60216346153847,mimic,RFA,Baseline,123,0.002
210,83.03285256410257,mimic,RFA,Baseline,123,0.002
240,83.04286858974359,mimic,RFA,Baseline,123,0.002
270,83.80408653846153,mimic,RFA,Baseline,123,0.002
300,83.88421474358974,mimic,RFA,Baseline,123,0.002
330,84.42508012820512,mimic,RFA,Baseline,123,0.002
360,84.79567307692308,mimic,RFA,Baseline,123,0.002
390,84.52524038461539,mimic,RFA,Baseline,123,0.002
420,84.69551282051282,mimic,RFA,Baseline,123,0.002
450,85.09615384615384,mimic,RFA,Baseline,123,0.002
480,85.28645833333333,mimic,RFA,Baseline,123,0.002
510,85.16626602564102,mimic,RFA,Baseline,123,0.002
540,85.5068108974359,mimic,RFA,Baseline,123,0.002
570,85.53685897435898,mimic,RFA,Baseline,123,0.002
600,85.94751602564102,mimic,RFA,Baseline,123,0.002
630,85.92748397435898,mimic,RFA,Baseline,123,0.002
660,85.95753205128206,mimic,RFA,Baseline,123,0.002
690,85.8974358974359,mimic,RFA,Baseline,123,0.002
720,85.9375,mimic,RFA,Baseline,123,0.002
750,86.29807692307692,mimic,RFA,Baseline,123,0.002
780,86.39823717948718,mimic,RFA,Baseline,123,0.002
810,86.53846153846153,mimic,RFA,Baseline,123,0.002
840,86.6386217948718,mimic,RFA,Baseline,123,0.002
870,87.23958333333333,mimic,RFA,Baseline,123,0.002
900,86.80889423076923,mimic,RFA,Baseline,123,0.002
930,86.91907051282051,mimic,RFA,Baseline,123,0.002
960,86.86899038461539,mimic,RFA,Baseline,123,0.002
990,87.23958333333333,mimic,RFA,Baseline,123,0.002
1020,87.32972756410257,mimic,RFA,Baseline,123,0.002
1050,87.40985576923077,mimic,RFA,Baseline,123,0.002
1080,87.4599358974359,mimic,RFA,Baseline,123,0.002
1110,87.75040064102564,mimic,RFA,Baseline,123,0.002
1140,87.83052884615384,mimic,RFA,Baseline,123,0.002
1170,88.02083333333333,mimic,RFA,Baseline,123,0.002
1200,88.06089743589743,mimic,RFA,Baseline,123,0.002
1230,87.80048076923077,mimic,RFA,Baseline,123,0.002
1260,88.03084935897436,mimic,RFA,Baseline,123,0.002
1290,88.06089743589743,mimic,RFA,Baseline,123,0.002
1320,87.99078525641026,mimic,RFA,Baseline,123,0.002
1350,88.07091346153847,mimic,RFA,Baseline,123,0.002
1380,88.22115384615384,mimic,RFA,Baseline,123,0.002
1410,88.18108974358974,mimic,RFA,Baseline,123,0.002
1440,87.9707532051282,mimic,RFA,Baseline,123,0.002
1470,88.35136217948718,mimic,RFA,Baseline,123,0.002
1500,88.45152243589743,mimic,RFA,Baseline,123,0.002
30,73.89823717948718,mimic,KRUM,Baseline,123,0.005
60,86.23798076923077,mimic,KRUM,Baseline,123,0.005
90,89.89383012820512,mimic,KRUM,Baseline,123,0.005
120,90.6650641025641,mimic,KRUM,Baseline,123,0.005
150,92.23758012820512,mimic,KRUM,Baseline,123,0.005
180,92.11738782051282,mimic,KRUM,Baseline,123,0.005
210,93.3994391025641,mimic,KRUM,Baseline,123,0.005
240,93.33934294871794,mimic,KRUM,Baseline,123,0.005
270,94.08052884615384,mimic,KRUM,Baseline,123,0.005
300,93.69991987179488,mimic,KRUM,Baseline,123,0.005
330,85.25641025641026,mimic,KRUM,Baseline,123,0.005
360,87.05929487179488,mimic,KRUM,Baseline,123,0.005
390,86.53846153846153,mimic,KRUM,Baseline,123,0.005
420,86.72876602564102,mimic,KRUM,Baseline,123,0.005
450,86.8389423076923,mimic,KRUM,Baseline,123,0.005
480,86.7588141025641,mimic,KRUM,Baseline,123,0.005
510,87.01923076923077,mimic,KRUM,Baseline,123,0.005
540,87.0693108974359,mimic,KRUM,Baseline,123,0.005
570,87.25961538461539,mimic,KRUM,Baseline,123,0.005
600,87.24959935897436,mimic,KRUM,Baseline,123,0.005
630,87.5400641025641,mimic,KRUM,Baseline,123,0.005
660,87.47996794871794,mimic,KRUM,Baseline,123,0.005
690,87.0292467948718,mimic,KRUM,Baseline,123,0.005
720,87.25961538461539,mimic,KRUM,Baseline,123,0.005
750,87.60016025641026,mimic,KRUM,Baseline,123,0.005
780,87.60016025641026,mimic,KRUM,Baseline,123,0.005
810,87.78044871794872,mimic,KRUM,Baseline,123,0.005
840,87.73036858974359,mimic,KRUM,Baseline,123,0.005
870,87.65024038461539,mimic,KRUM,Baseline,123,0.005
900,87.78044871794872,mimic,KRUM,Baseline,123,0.005
930,87.86057692307692,mimic,KRUM,Baseline,123,0.005
960,88.02083333333333,mimic,KRUM,Baseline,123,0.005
990,87.92067307692308,mimic,KRUM,Baseline,123,0.005
1020,87.87059294871794,mimic,KRUM,Baseline,123,0.005
1050,87.83052884615384,mimic,KRUM,Baseline,123,0.005
1080,88.08092948717949,mimic,KRUM,Baseline,123,0.005
1110,88.0108173076923,mimic,KRUM,Baseline,123,0.005
1140,88.09094551282051,mimic,KRUM,Baseline,123,0.005
1170,88.34134615384616,mimic,KRUM,Baseline,123,0.005
1200,88.34134615384616,mimic,KRUM,Baseline,123,0.005
1230,88.3213141025641,mimic,KRUM,Baseline,123,0.005
1260,88.34134615384616,mimic,KRUM,Baseline,123,0.005
1290,88.29126602564102,mimic,KRUM,Baseline,123,0.005
1320,88.44150641025641,mimic,KRUM,Baseline,123,0.005
1350,88.47155448717949,mimic,KRUM,Baseline,123,0.005
1380,88.27123397435898,mimic,KRUM,Baseline,123,0.005
1410,88.29126602564102,mimic,KRUM,Baseline,123,0.005
1440,88.50160256410257,mimic,KRUM,Baseline,123,0.005
1470,88.671875,mimic,KRUM,Baseline,123,0.005
1500,88.64182692307692,mimic,KRUM,Baseline,123,0.005
30,89.21274038461539,LF,RFA,Baseline-Decay,0,0.1
60,78.79607371794872,LF,RFA,Baseline-Decay,0,0.1
90,84.50520833333333,LF,RFA,Baseline-Decay,0,0.1
120,85.01602564102564,LF,RFA,Baseline-Decay,0,0.1
150,85.68709935897436,LF,RFA,Baseline-Decay,0,0.1
180,85.86738782051282,LF,RFA,Baseline-Decay,0,0.1
210,86.07772435897436,LF,RFA,Baseline-Decay,0,0.1
240,86.48838141025641,LF,RFA,Baseline-Decay,0,0.1
270,86.27804487179488,LF,RFA,Baseline-Decay,0,0.1
300,86.56850961538461,LF,RFA,Baseline-Decay,0,0.1
330,86.80889423076923,LF,RFA,Baseline-Decay,0,0.1
360,86.77884615384616,LF,RFA,Baseline-Decay,0,0.1
390,86.96915064102564,LF,RFA,Baseline-Decay,0,0.1
420,87.16947115384616,LF,RFA,Baseline-Decay,0,0.1
450,86.9891826923077,LF,RFA,Baseline-Decay,0,0.1
480,87.11939102564102,LF,RFA,Baseline-Decay,0,0.1
510,87.43990384615384,LF,RFA,Baseline-Decay,0,0.1
540,87.42988782051282,LF,RFA,Baseline-Decay,0,0.1
570,87.4599358974359,LF,RFA,Baseline-Decay,0,0.1
600,87.51001602564102,LF,RFA,Baseline-Decay,0,0.1
630,87.56009615384616,LF,RFA,Baseline-Decay,0,0.1
660,87.5801282051282,LF,RFA,Baseline-Decay,0,0.1
690,87.73036858974359,LF,RFA,Baseline-Decay,0,0.1
720,87.80048076923077,LF,RFA,Baseline-Decay,0,0.1
750,87.6201923076923,LF,RFA,Baseline-Decay,0,0.1
780,87.84054487179488,LF,RFA,Baseline-Decay,0,0.1
810,87.88060897435898,LF,RFA,Baseline-Decay,0,0.1
840,87.78044871794872,LF,RFA,Baseline-Decay,0,0.1
870,87.8104967948718,LF,RFA,Baseline-Decay,0,0.1
900,87.79046474358974,LF,RFA,Baseline-Decay,0,0.1
930,87.98076923076923,LF,RFA,Baseline-Decay,0,0.1
960,88.0108173076923,LF,RFA,Baseline-Decay,0,0.1
990,87.98076923076923,LF,RFA,Baseline-Decay,0,0.1
1020,88.11097756410257,LF,RFA,Baseline-Decay,0,0.1
1050,88.02083333333333,LF,RFA,Baseline-Decay,0,0.1
1080,88.13100961538461,LF,RFA,Baseline-Decay,0,0.1
1110,88.05088141025641,LF,RFA,Baseline-Decay,0,0.1
1140,88.02083333333333,LF,RFA,Baseline-Decay,0,0.1
1170,88.13100961538461,LF,RFA,Baseline-Decay,0,0.1
1200,88.17107371794872,LF,RFA,Baseline-Decay,0,0.1
1230,88.17107371794872,LF,RFA,Baseline-Decay,0,0.1
1260,88.22115384615384,LF,RFA,Baseline-Decay,0,0.1
1290,88.07091346153847,LF,RFA,Baseline-Decay,0,0.1
1320,88.2411858974359,LF,RFA,Baseline-Decay,0,0.1
1350,88.23116987179488,LF,RFA,Baseline-Decay,0,0.1
1380,88.17107371794872,LF,RFA,Baseline-Decay,0,0.1
1410,88.3213141025641,LF,RFA,Baseline-Decay,0,0.1
1440,88.26121794871794,LF,RFA,Baseline-Decay,0,0.1
1470,88.31129807692308,LF,RFA,Baseline-Decay,0,0.1
1500,88.34134615384616,LF,RFA,Baseline-Decay,0,0.1
30,10.817307692307692,mimic,RFA,Byz-NSGDM,0,0.001
60,12.26963141025641,mimic,RFA,Byz-NSGDM,0,0.001
90,13.221153846153847,mimic,RFA,Byz-NSGDM,0,0.001
120,13.92227564102564,mimic,RFA,Byz-NSGDM,0,0.001
150,14.59334935897436,mimic,RFA,Byz-NSGDM,0,0.001
180,15.184294871794872,mimic,RFA,Byz-NSGDM,0,0.001
210,15.685096153846153,mimic,RFA,Byz-NSGDM,0,0.001
240,16.306089743589745,mimic,RFA,Byz-NSGDM,0,0.001
270,16.947115384615383,mimic,RFA,Byz-NSGDM,0,0.001
300,17.578125,mimic,RFA,Byz-NSGDM,0,0.001
330,18.108974358974358,mimic,RFA,Byz-NSGDM,0,0.001
360,18.739983974358974,mimic,RFA,Byz-NSGDM,0,0.001
390,19.25080128205128,mimic,RFA,Byz-NSGDM,0,0.001
420,19.821714743589745,mimic,RFA,Byz-NSGDM,0,0.001
450,20.372596153846153,mimic,RFA,Byz-NSGDM,0,0.001
480,20.93349358974359,mimic,RFA,Byz-NSGDM,0,0.001
510,21.334134615384617,mimic,RFA,Byz-NSGDM,0,0.001
540,21.78485576923077,mimic,RFA,Byz-NSGDM,0,0.001
570,22.17548076923077,mimic,RFA,Byz-NSGDM,0,0.001
600,22.506009615384617,mimic,RFA,Byz-NSGDM,0,0.001
630,22.926682692307693,mimic,RFA,Byz-NSGDM,0,0.001
660,23.237179487179485,mimic,RFA,Byz-NSGDM,0,0.001
690,23.59775641025641,mimic,RFA,Byz-NSGDM,0,0.001
720,23.878205128205128,mimic,RFA,Byz-NSGDM,0,0.001
750,24.228766025641026,mimic,RFA,Byz-NSGDM,0,0.001
780,24.619391025641026,mimic,RFA,Byz-NSGDM,0,0.001
810,24.83974358974359,mimic,RFA,Byz-NSGDM,0,0.001
840,25.07011217948718,mimic,RFA,Byz-NSGDM,0,0.001
870,25.310496794871796,mimic,RFA,Byz-NSGDM,0,0.001
900,25.510817307692307,mimic,RFA,Byz-NSGDM,0,0.001
930,25.701121794871796,mimic,RFA,Byz-NSGDM,0,0.001
960,25.99158653846154,mimic,RFA,Byz-NSGDM,0,0.001
990,26.28205128205128,mimic,RFA,Byz-NSGDM,0,0.001
1020,26.502403846153847,mimic,RFA,Byz-NSGDM,0,0.001
1050,26.612580128205128,mimic,RFA,Byz-NSGDM,0,0.001
1080,26.762820512820515,mimic,RFA,Byz-NSGDM,0,0.001
1110,26.913060897435898,mimic,RFA,Byz-NSGDM,0,0.001
1140,27.093349358974358,mimic,RFA,Byz-NSGDM,0,0.001
1170,27.283653846153847,mimic,RFA,Byz-NSGDM,0,0.001
1200,27.41386217948718,mimic,RFA,Byz-NSGDM,0,0.001
1230,27.564102564102566,mimic,RFA,Byz-NSGDM,0,0.001
1260,27.694310897435898,mimic,RFA,Byz-NSGDM,0,0.001
1290,27.91466346153846,mimic,RFA,Byz-NSGDM,0,0.001
1320,28.074919871794872,mimic,RFA,Byz-NSGDM,0,0.001
1350,28.275240384615383,mimic,RFA,Byz-NSGDM,0,0.001
1380,28.415464743589745,mimic,RFA,Byz-NSGDM,0,0.001
1410,28.565705128205128,mimic,RFA,Byz-NSGDM,0,0.001
1440,28.715945512820515,mimic,RFA,Byz-NSGDM,0,0.001
1470,28.826121794871796,mimic,RFA,Byz-NSGDM,0,0.001
1500,28.966346153846153,mimic,RFA,Byz-NSGDM,0,0.001
30,92.73838141025641,LF,KRUM,Byz-NSGDM,123,1.0
60,94.47115384615384,LF,KRUM,Byz-NSGDM,123,1.0
90,96.57451923076923,LF,KRUM,Byz-NSGDM,123,1.0
120,97.31570512820512,LF,KRUM,Byz-NSGDM,123,1.0
150,97.37580128205128,LF,KRUM,Byz-NSGDM,123,1.0
180,97.56610576923077,LF,KRUM,Byz-NSGDM,123,1.0
210,97.91666666666667,LF,KRUM,Byz-NSGDM,123,1.0
240,89.87379807692308,LF,KRUM,Byz-NSGDM,123,1.0
270,88.72195512820512,LF,KRUM,Byz-NSGDM,123,1.0
300,88.77203525641026,LF,KRUM,Byz-NSGDM,123,1.0
330,88.83213141025641,LF,KRUM,Byz-NSGDM,123,1.0
360,88.93229166666667,LF,KRUM,Byz-NSGDM,123,1.0
390,88.81209935897436,LF,KRUM,Byz-NSGDM,123,1.0
420,89.09254807692308,LF,KRUM,Byz-NSGDM,123,1.0
450,88.89222756410257,LF,KRUM,Byz-NSGDM,123,1.0
480,88.95232371794872,LF,KRUM,Byz-NSGDM,123,1.0
510,89.05248397435898,LF,KRUM,Byz-NSGDM,123,1.0
540,89.0625,LF,KRUM,Byz-NSGDM,123,1.0
570,89.08253205128206,LF,KRUM,Byz-NSGDM,123,1.0
600,89.05248397435898,LF,KRUM,Byz-NSGDM,123,1.0
630,89.09254807692308,LF,KRUM,Byz-NSGDM,123,1.0
660,89.05248397435898,LF,KRUM,Byz-NSGDM,123,1.0
690,88.99238782051282,LF,KRUM,Byz-NSGDM,123,1.0
720,89.1025641025641,LF,KRUM,Byz-NSGDM,123,1.0
750,89.0224358974359,LF,KRUM,Byz-NSGDM,123,1.0
780,89.17267628205128,LF,KRUM,Byz-NSGDM,123,1.0
810,89.11258012820512,LF,KRUM,Byz-NSGDM,123,1.0
840,89.08253205128206,LF,KRUM,Byz-NSGDM,123,1.0
870,89.04246794871794,LF,KRUM,Byz-NSGDM,123,1.0
900,89.1025641025641,LF,KRUM,Byz-NSGDM,123,1.0
930,89.07251602564102,LF,KRUM,Byz-NSGDM,123,1.0
960,89.11258012820512,LF,KRUM,Byz-NSGDM,123,1.0
990,89.08253205128206,LF,KRUM,Byz-NSGDM,123,1.0
1020,89.1426282051282,LF,KRUM,Byz-NSGDM,123,1.0
1050,88.93229166666667,LF,KRUM,Byz-NSGDM,123,1.0
1080,89.1826923076923,LF,KRUM,Byz-NSGDM,123,1.0
1110,89.1025641025641,LF,KRUM,Byz-NSGDM,123,1.0
1140,89.16266025641026,LF,KRUM,Byz-NSGDM,123,1.0
1170,89.0625,LF,KRUM,Byz-NSGDM,123,1.0
1200,89.17267628205128,LF,KRUM,Byz-NSGDM,123,1.0
1230,89.12259615384616,LF,KRUM,Byz-NSGDM,123,1.0
1260,89.1025641025641,LF,KRUM,Byz-NSGDM,123,1.0
1290,89.1426282051282,LF,KRUM,Byz-NSGDM,123,1.0
1320,89.15264423076923,LF,KRUM,Byz-NSGDM,123,1.0
1350,89.1826923076923,LF,KRUM,Byz-NSGDM,123,1.0
1380,89.1426282051282,LF,KRUM,Byz-NSGDM,123,1.0
1410,89.25280448717949,LF,KRUM,Byz-NSGDM,123,1.0
1440,89.15264423076923,LF,KRUM,Byz-NSGDM,123,1.0
1470,89.22275641025641,LF,KRUM,Byz-NSGDM,123,1.0
1500,89.1025641025641,LF,KRUM,Byz-NSGDM,123,1.0
30,35.49679487179487,LF,KRUM,Baseline,0,0.001
60,56.42027243589744,LF,KRUM,Baseline,0,0.001
90,67.73838141025641,LF,KRUM,Baseline,0,0.001
120,79.65745192307692,LF,KRUM,Baseline,0,0.001
150,80.35857371794872,LF,KRUM,Baseline,0,0.001
180,85.24639423076923,LF,KRUM,Baseline,0,0.001
210,87.17948717948718,LF,KRUM,Baseline,0,0.001
240,76.34214743589743,LF,KRUM,Baseline,0,0.001
270,79.89783653846153,LF,KRUM,Baseline,0,0.001
300,80.57892628205128,LF,KRUM,Baseline,0,0.001
330,80.8994391025641,LF,KRUM,Baseline,0,0.001
360,81.19991987179488,LF,KRUM,Baseline,0,0.001
390,81.38020833333333,LF,KRUM,Baseline,0,0.001
420,81.67067307692308,LF,KRUM,Baseline,0,0.001
450,81.98116987179488,LF,KRUM,Baseline,0,0.001
480,82.21153846153847,LF,KRUM,Baseline,0,0.001
510,82.75240384615384,LF,KRUM,Baseline,0,0.001
540,82.84254807692308,LF,KRUM,Baseline,0,0.001
570,82.72235576923077,LF,KRUM,Baseline,0,0.001
600,83.04286858974359,LF,KRUM,Baseline,0,0.001
630,83.40344551282051,LF,KRUM,Baseline,0,0.001
660,83.54366987179488,LF,KRUM,Baseline,0,0.001
690,83.69391025641026,LF,KRUM,Baseline,0,0.001
720,84.14463141025641,LF,KRUM,Baseline,0,0.001
750,83.8641826923077,LF,KRUM,Baseline,0,0.001
780,84.12459935897436,LF,KRUM,Baseline,0,0.001
810,84.28485576923077,LF,KRUM,Baseline,0,0.001
840,84.16466346153847,LF,KRUM,Baseline,0,0.001
870,84.43509615384616,LF,KRUM,Baseline,0,0.001
900,84.52524038461539,LF,KRUM,Baseline,0,0.001
930,84.78565705128206,LF,KRUM,Baseline,0,0.001
960,84.94591346153847,LF,KRUM,Baseline,0,0.001
990,85.0360576923077,LF,KRUM,Baseline,0,0.001
1020,85.10616987179488,LF,KRUM,Baseline,0,0.001
1050,85.34655448717949,LF,KRUM,Baseline,0,0.001
1080,85.12620192307692,LF,KRUM,Baseline,0,0.001
1110,85.26642628205128,LF,KRUM,Baseline,0,0.001
1140,85.24639423076923,LF,KRUM,Baseline,0,0.001
1170,85.39663461538461,LF,KRUM,Baseline,0,0.001
1200,85.6670673076923,LF,KRUM,Baseline,0,0.001
1230,85.5869391025641,LF,KRUM,Baseline,0,0.001
1260,85.70713141025641,LF,KRUM,Baseline,0,0.001
1290,85.43669871794872,LF,KRUM,Baseline,0,0.001
1320,85.69711538461539,LF,KRUM,Baseline,0,0.001
1350,85.74719551282051,LF,KRUM,Baseline,0,0.001
1380,85.72716346153847,LF,KRUM,Baseline,0,0.001
1410,85.79727564102564,LF,KRUM,Baseline,0,0.001
1440,85.86738782051282,LF,KRUM,Baseline,0,0.001
1470,85.95753205128206,LF,KRUM,Baseline,0,0.001
1500,85.90745192307692,LF,KRUM,Baseline,0,0.001
30,81.04967948717949,mimic,KRUM,Baseline-Decay,123,0.1
60,83.50360576923077,mimic,KRUM,Baseline-Decay,123,0.1
90,85.12620192307692,mimic,KRUM,Baseline-Decay,123,0.1
120,85.6670673076923,mimic,KRUM,Baseline-Decay,123,0.1
150,86.19791666666667,mimic,KRUM,Baseline-Decay,123,0.1
180,86.49839743589743,mimic,KRUM,Baseline-Decay,123,0.1
210,86.76883012820512,mimic,KRUM,Baseline-Decay,123,0.1
240,86.89903846153847,mimic,KRUM,Baseline-Decay,123,0.1
270,87.17948717948718,mimic,KRUM,Baseline-Decay,123,0.1
300,87.31971153846153,mimic,KRUM,Baseline-Decay,123,0.1
330,87.56009615384616,mimic,KRUM,Baseline-Decay,123,0.1
360,87.5801282051282,mimic,KRUM,Baseline-Decay,123,0.1
390,87.75040064102564,mimic,KRUM,Baseline-Decay,123,0.1
420,87.78044871794872,mimic,KRUM,Baseline-Decay,123,0.1
450,87.94070512820512,mimic,KRUM,Baseline-Decay,123,0.1
480,87.94070512820512,mimic,KRUM,Baseline-Decay,123,0.1
510,87.96073717948718,mimic,KRUM,Baseline-Decay,123,0.1
540,88.00080128205128,mimic,KRUM,Baseline-Decay,123,0.1
570,88.10096153846153,mimic,KRUM,Baseline-Decay,123,0.1
600,88.12099358974359,mimic,KRUM,Baseline-Decay,123,0.1
630,88.14102564102564,mimic,KRUM,Baseline-Decay,123,0.1
660,88.22115384615384,mimic,KRUM,Baseline-Decay,123,0.1
690,88.21113782051282,mimic,KRUM,Baseline-Decay,123,0.1
720,88.21113782051282,mimic,KRUM,Baseline-Decay,123,0.1
750,88.21113782051282,mimic,KRUM,Baseline-Decay,123,0.1
780,88.22115384615384,mimic,KRUM,Baseline-Decay,123,0.1
810,88.28125,mimic,KRUM,Baseline-Decay,123,0.1
840,88.34134615384616,mimic,KRUM,Baseline-Decay,123,0.1
870,88.3213141025641,mimic,KRUM,Baseline-Decay,123,0.1
900,88.41145833333333,mimic,KRUM,Baseline-Decay,123,0.1
930,88.39142628205128,mimic,KRUM,Baseline-Decay,123,0.1
960,88.39142628205128,mimic,KRUM,Baseline-Decay,123,0.1
990,88.4014423076923,mimic,KRUM,Baseline-Decay,123,0.1
1020,88.3613782051282,mimic,KRUM,Baseline-Decay,123,0.1
1050,88.50160256410257,mimic,KRUM,Baseline-Decay,123,0.1
1080,88.48157051282051,mimic,KRUM,Baseline-Decay,123,0.1
1110,88.51161858974359,mimic,KRUM,Baseline-Decay,123,0.1
1140,88.52163461538461,mimic,KRUM,Baseline-Decay,123,0.1
1170,88.57171474358974,mimic,KRUM,Baseline-Decay,123,0.1
1200,88.57171474358974,mimic,KRUM,Baseline-Decay,123,0.1
1230,88.5516826923077,mimic,KRUM,Baseline-Decay,123,0.1
1260,88.49158653846153,mimic,KRUM,Baseline-Decay,123,0.1
1290,88.5516826923077,mimic,KRUM,Baseline-Decay,123,0.1
1320,88.56169871794872,mimic,KRUM,Baseline-Decay,123,0.1
1350,88.60176282051282,mimic,KRUM,Baseline-Decay,123,0.1
1380,88.58173076923077,mimic,KRUM,Baseline-Decay,123,0.1
1410,88.65184294871794,mimic,KRUM,Baseline-Decay,123,0.1
1440,88.73197115384616,mimic,KRUM,Baseline-Decay,123,0.1
1470,88.61177884615384,mimic,KRUM,Baseline-Decay,123,0.1
1500,88.62179487179488,mimic,KRUM,Baseline-Decay,123,0.1
30,91.43629807692308,LF,RFA,Baseline-Decay,0,0.2
60,94.1806891025641,LF,RFA,Baseline-Decay,0,0.2
90,95.54286858974359,LF,RFA,Baseline-Decay,0,0.2
120,95.89342948717949,LF,RFA,Baseline-Decay,0,0.2
150,96.50440705128206,LF,RFA,Baseline-Decay,0,0.2
180,96.71474358974359,LF,RFA,Baseline-Decay,0,0.2
210,96.98517628205128,LF,RFA,Baseline-Decay,0,0.2
240,97.19551282051282,LF,RFA,Baseline-Decay,0,0.2
270,97.37580128205128,LF,RFA,Baseline-Decay,0,0.2
300,97.48597756410257,LF,RFA,Baseline-Decay,0,0.2
330,97.54607371794872,LF,RFA,Baseline-Decay,0,0.2
360,97.74639423076923,LF,RFA,Baseline-Decay,0,0.2
390,97.7764423076923,LF,RFA,Baseline-Decay,0,0.2
420,97.84655448717949,LF,RFA,Baseline-Decay,0,0.2
450,97.89663461538461,LF,RFA,Baseline-Decay,0,0.2
480,97.88661858974359,LF,RFA,Baseline-Decay,0,0.2
510,98.01682692307692,LF,RFA,Baseline-Decay,0,0.2
540,97.98677884615384,LF,RFA,Baseline-Decay,0,0.2
570,97.98677884615384,LF,RFA,Baseline-Decay,0,0.2
600,98.03685897435898,LF,RFA,Baseline-Decay,0,0.2
630,98.20713141025641,LF,RFA,Baseline-Decay,0,0.2
660,98.13701923076923,LF,RFA,Baseline-Decay,0,0.2
690,98.19711538461539,LF,RFA,Baseline-Decay,0,0.2
720,98.27724358974359,LF,RFA,Baseline-Decay,0,0.2
750,98.22716346153847,LF,RFA,Baseline-Decay,0,0.2
780,98.3173076923077,LF,RFA,Baseline-Decay,0,0.2
810,98.34735576923077,LF,RFA,Baseline-Decay,0,0.2
840,98.19711538461539,LF,RFA,Baseline-Decay,0,0.2
870,98.3573717948718,LF,RFA,Baseline-Decay,0,0.2
900,98.36738782051282,LF,RFA,Baseline-Decay,0,0.2
930,98.40745192307692,LF,RFA,Baseline-Decay,0,0.2
960,98.38741987179488,LF,RFA,Baseline-Decay,0,0.2
990,98.4375,LF,RFA,Baseline-Decay,0,0.2
1020,98.34735576923077,LF,RFA,Baseline-Decay,0,0.2
1050,98.4775641025641,LF,RFA,Baseline-Decay,0,0.2
1080,98.41746794871794,LF,RFA,Baseline-Decay,0,0.2
1110,98.42748397435898,LF,RFA,Baseline-Decay,0,0.2
1140,98.42748397435898,LF,RFA,Baseline-Decay,0,0.2
1170,98.44751602564102,LF,RFA,Baseline-Decay,0,0.2
1200,98.50761217948718,LF,RFA,Baseline-Decay,0,0.2
1230,98.45753205128206,LF,RFA,Baseline-Decay,0,0.2
1260,98.4775641025641,LF,RFA,Baseline-Decay,0,0.2
1290,98.50761217948718,LF,RFA,Baseline-Decay,0,0.2
1320,98.45753205128206,LF,RFA,Baseline-Decay,0,0.2
1350,98.40745192307692,LF,RFA,Baseline-Decay,0,0.2
1380,98.54767628205128,LF,RFA,Baseline-Decay,0,0.2
1410,98.50761217948718,LF,RFA,Baseline-Decay,0,0.2
1440,98.46754807692308,LF,RFA,Baseline-Decay,0,0.2
1470,98.52764423076923,LF,RFA,Baseline-Decay,0,0.2
1500,98.48758012820512,LF,RFA,Baseline-Decay,0,0.2
30,79.296875,mimic,RFA,Byz-NSGDM,0,0.2
60,87.74038461538461,mimic,RFA,Byz-NSGDM,0,0.2
90,90.07411858974359,mimic,RFA,Byz-NSGDM,0,0.2
120,91.39623397435898,mimic,RFA,Byz-NSGDM,0,0.2
150,92.33774038461539,mimic,RFA,Byz-NSGDM,0,0.2
180,93.30929487179488,mimic,RFA,Byz-NSGDM,0,0.2
210,93.34935897435898,mimic,RFA,Byz-NSGDM,0,0.2
240,93.7099358974359,mimic,RFA,Byz-NSGDM,0,0.2
270,94.46113782051282,mimic,RFA,Byz-NSGDM,0,0.2
300,94.53125,mimic,RFA,Byz-NSGDM,0,0.2
330,95.1923076923077,mimic,RFA,Byz-NSGDM,0,0.2
360,95.4326923076923,mimic,RFA,Byz-NSGDM,0,0.2
390,95.20232371794872,mimic,RFA,Byz-NSGDM,0,0.2
420,95.5829326923077,mimic,RFA,Byz-NSGDM,0,0.2
450,95.52283653846153,mimic,RFA,Byz-NSGDM,0,0.2
480,95.92347756410257,mimic,RFA,Byz-NSGDM,0,0.2
510,96.06370192307692,mimic,RFA,Byz-NSGDM,0,0.2
540,95.57291666666667,mimic,RFA,Byz-NSGDM,0,0.2
570,96.15384615384616,mimic,RFA,Byz-NSGDM,0,0.2
600,96.03365384615384,mimic,RFA,Byz-NSGDM,0,0.2
630,96.51442307692308,mimic,RFA,Byz-NSGDM,0,0.2
660,96.23397435897436,mimic,RFA,Byz-NSGDM,0,0.2
690,96.19391025641026,mimic,RFA,Byz-NSGDM,0,0.2
720,96.484375,mimic,RFA,Byz-NSGDM,0,0.2
750,96.4443108974359,mimic,RFA,Byz-NSGDM,0,0.2
780,96.53445512820512,mimic,RFA,Byz-NSGDM,0,0.2
810,96.61458333333333,mimic,RFA,Byz-NSGDM,0,0.2
840,96.64463141025641,mimic,RFA,Byz-NSGDM,0,0.2
870,96.88501602564102,mimic,RFA,Byz-NSGDM,0,0.2
900,96.96514423076923,mimic,RFA,Byz-NSGDM,0,0.2
930,96.89503205128206,mimic,RFA,Byz-NSGDM,0,0.2
960,97.1454326923077,mimic,RFA,Byz-NSGDM,0,0.2
990,96.86498397435898,mimic,RFA,Byz-NSGDM,0,0.2
1020,97.02524038461539,mimic,RFA,Byz-NSGDM,0,0.2
1050,96.7948717948718,mimic,RFA,Byz-NSGDM,0,0.2
1080,97.21554487179488,mimic,RFA,Byz-NSGDM,0,0.2
1110,97.19551282051282,mimic,RFA,Byz-NSGDM,0,0.2
1140,97.31570512820512,mimic,RFA,Byz-NSGDM,0,0.2
1170,97.35576923076923,mimic,RFA,Byz-NSGDM,0,0.2
1200,97.3858173076923,mimic,RFA,Byz-NSGDM,0,0.2
1230,97.29567307692308,mimic,RFA,Byz-NSGDM,0,0.2
1260,97.23557692307692,mimic,RFA,Byz-NSGDM,0,0.2
1290,97.10536858974359,mimic,RFA,Byz-NSGDM,0,0.2
1320,97.41586538461539,mimic,RFA,Byz-NSGDM,0,0.2
1350,97.3457532051282,mimic,RFA,Byz-NSGDM,0,0.2
1380,97.54607371794872,mimic,RFA,Byz-NSGDM,0,0.2
1410,97.59615384615384,mimic,RFA,Byz-NSGDM,0,0.2
1440,97.5761217948718,mimic,RFA,Byz-NSGDM,0,0.2
1470,97.64623397435898,mimic,RFA,Byz-NSGDM,0,0.2
1500,97.70633012820512,mimic,RFA,Byz-NSGDM,0,0.2
30,10.837339743589743,mimic,KRUM,Byz-NSGDM,0,0.001
60,11.999198717948717,mimic,KRUM,Byz-NSGDM,0,0.001
90,12.449919871794872,mimic,KRUM,Byz-NSGDM,0,0.001
120,12.66025641025641,mimic,KRUM,Byz-NSGDM,0,0.001
150,12.890625,mimic,KRUM,Byz-NSGDM,0,0.001
180,13.14102564102564,mimic,KRUM,Byz-NSGDM,0,0.001
210,13.251201923076923,mimic,KRUM,Byz-NSGDM,0,0.001
240,13.301282051282051,mimic,KRUM,Byz-NSGDM,0,0.001
270,13.301282051282051,mimic,KRUM,Byz-NSGDM,0,0.001
300,13.42147435897436,mimic,KRUM,Byz-NSGDM,0,0.001
330,13.631810897435898,mimic,KRUM,Byz-NSGDM,0,0.001
360,13.671875,mimic,KRUM,Byz-NSGDM,0,0.001
390,13.942307692307692,mimic,KRUM,Byz-NSGDM,0,0.001
420,14.0625,mimic,KRUM,Byz-NSGDM,0,0.001
450,14.112580128205128,mimic,KRUM,Byz-NSGDM,0,0.001
480,14.252804487179487,mimic,KRUM,Byz-NSGDM,0,0.001
510,14.31290064102564,mimic,KRUM,Byz-NSGDM,0,0.001
540,14.383012820512821,mimic,KRUM,Byz-NSGDM,0,0.001
570,14.453125,mimic,KRUM,Byz-NSGDM,0,0.001
600,14.523237179487179,mimic,KRUM,Byz-NSGDM,0,0.001
630,14.54326923076923,mimic,KRUM,Byz-NSGDM,0,0.001
660,14.633413461538462,mimic,KRUM,Byz-NSGDM,0,0.001
690,14.693509615384615,mimic,KRUM,Byz-NSGDM,0,0.001
720,14.723557692307692,mimic,KRUM,Byz-NSGDM,0,0.001
750,14.803685897435898,mimic,KRUM,Byz-NSGDM,0,0.001
780,14.873798076923077,mimic,KRUM,Byz-NSGDM,0,0.001
810,14.903846153846153,mimic,KRUM,Byz-NSGDM,0,0.001
840,14.963942307692308,mimic,KRUM,Byz-NSGDM,0,0.001
870,14.973958333333334,mimic,KRUM,Byz-NSGDM,0,0.001
900,15.014022435897436,mimic,KRUM,Byz-NSGDM,0,0.001
930,15.054086538461538,mimic,KRUM,Byz-NSGDM,0,0.001
960,15.09415064102564,mimic,KRUM,Byz-NSGDM,0,0.001
990,15.134214743589743,mimic,KRUM,Byz-NSGDM,0,0.001
1020,15.134214743589743,mimic,KRUM,Byz-NSGDM,0,0.001
1050,15.224358974358974,mimic,KRUM,Byz-NSGDM,0,0.001
1080,15.244391025641026,mimic,KRUM,Byz-NSGDM,0,0.001
1110,15.274439102564102,mimic,KRUM,Byz-NSGDM,0,0.001
1140,15.304487179487179,mimic,KRUM,Byz-NSGDM,0,0.001
1170,15.344551282051283,mimic,KRUM,Byz-NSGDM,0,0.001
1200,15.354567307692308,mimic,KRUM,Byz-NSGDM,0,0.001
1230,15.39463141025641,mimic,KRUM,Byz-NSGDM,0,0.001
1260,15.434695512820513,mimic,KRUM,Byz-NSGDM,0,0.001
1290,15.46474358974359,mimic,KRUM,Byz-NSGDM,0,0.001
1320,15.494791666666666,mimic,KRUM,Byz-NSGDM,0,0.001
1350,15.53485576923077,mimic,KRUM,Byz-NSGDM,0,0.001
1380,15.554887820512821,mimic,KRUM,Byz-NSGDM,0,0.001
1410,15.574919871794872,mimic,KRUM,Byz-NSGDM,0,0.001
1440,15.584935897435898,mimic,KRUM,Byz-NSGDM,0,0.001
1470,15.584935897435898,mimic,KRUM,Byz-NSGDM,0,0.001
1500,15.604967948717949,mimic,KRUM,Byz-NSGDM,0,0.001
30,39.26282051282051,BF,RFA,Baseline,0,0.001
60,65.234375,BF,RFA,Baseline,0,0.001
90,65.09415064102564,BF,RFA,Baseline,0,0.001
120,74.03846153846153,BF,RFA,Baseline,0,0.001
150,72.36578525641026,BF,RFA,Baseline,0,0.001
180,77.57411858974359,BF,RFA,Baseline,0,0.001
210,78.25520833333333,BF,RFA,Baseline,0,0.001
240,79.24679487179488,BF,RFA,Baseline,0,0.001
270,79.79767628205128,BF,RFA,Baseline,0,0.001
300,80.3886217948718,BF,RFA,Baseline,0,0.001
330,80.63902243589743,BF,RFA,Baseline,0,0.001
360,81.09975961538461,BF,RFA,Baseline,0,0.001
390,81.21995192307692,BF,RFA,Baseline,0,0.001
420,81.61057692307692,BF,RFA,Baseline,0,0.001
450,81.82091346153847,BF,RFA,Baseline,0,0.001
480,82.13141025641026,BF,RFA,Baseline,0,0.001
510,82.6923076923077,BF,RFA,Baseline,0,0.001
540,82.8125,BF,RFA,Baseline,0,0.001
570,82.47195512820512,BF,RFA,Baseline,0,0.001
600,82.80248397435898,BF,RFA,Baseline,0,0.001
630,83.25320512820512,BF,RFA,Baseline,0,0.001
660,83.65384615384616,BF,RFA,Baseline,0,0.001
690,83.49358974358974,BF,RFA,Baseline,0,0.001
720,83.97435897435898,BF,RFA,Baseline,0,0.001
750,83.88421474358974,BF,RFA,Baseline,0,0.001
780,84.0645032051282,BF,RFA,Baseline,0,0.001
810,84.31490384615384,BF,RFA,Baseline,0,0.001
840,83.87419871794872,BF,RFA,Baseline,0,0.001
870,84.20472756410257,BF,RFA,Baseline,0,0.001
900,84.32491987179488,BF,RFA,Baseline,0,0.001
930,84.7255608974359,BF,RFA,Baseline,0,0.001
960,84.92588141025641,BF,RFA,Baseline,0,0.001
990,85.02604166666667,BF,RFA,Baseline,0,0.001
1020,85.09615384615384,BF,RFA,Baseline,0,0.001
1050,84.81570512820512,BF,RFA,Baseline,0,0.001
1080,84.85576923076923,BF,RFA,Baseline,0,0.001
1110,84.61538461538461,BF,RFA,Baseline,0,0.001
1140,84.69551282051282,BF,RFA,Baseline,0,0.001
1170,84.95592948717949,BF,RFA,Baseline,0,0.001
1200,85.35657051282051,BF,RFA,Baseline,0,0.001
1230,85.90745192307692,BF,RFA,Baseline,0,0.001
1260,83.15304487179488,BF,RFA,Baseline,0,0.001
1290,79.73758012820512,BF,RFA,Baseline,0,0.001
1320,80.27844551282051,BF,RFA,Baseline,0,0.001
1350,81.58052884615384,BF,RFA,Baseline,0,0.001
1380,83.68389423076923,BF,RFA,Baseline,0,0.001
1410,69.79166666666667,BF,RFA,Baseline,0,0.001
1440,82.1514423076923,BF,RFA,Baseline,0,0.001
1470,83.72395833333333,BF,RFA,Baseline,0,0.001
1500,83.9042467948718,BF,RFA,Baseline,0,0.001
30,42.04727564102564,LF,KRUM,Baseline-Decay,0,0.005
60,56.49038461538461,LF,KRUM,Baseline-Decay,0,0.005
90,60.84735576923077,LF,KRUM,Baseline-Decay,0,0.005
120,70.28245192307692,LF,KRUM,Baseline-Decay,0,0.005
150,75.80128205128206,LF,KRUM,Baseline-Decay,0,0.005
180,79.98798076923077,LF,KRUM,Baseline-Decay,0,0.005
210,81.63060897435898,LF,KRUM,Baseline-Decay,0,0.005
240,81.22996794871794,LF,KRUM,Baseline-Decay,0,0.005
270,83.88421474358974,LF,KRUM,Baseline-Decay,0,0.005
300,84.31490384615384,LF,KRUM,Baseline-Decay,0,0.005
330,84.95592948717949,LF,KRUM,Baseline-Decay,0,0.005
360,85.52684294871794,LF,KRUM,Baseline-Decay,0,0.005
390,85.92748397435898,LF,KRUM,Baseline-Decay,0,0.005
420,85.8573717948718,LF,KRUM,Baseline-Decay,0,0.005
450,77.80448717948718,LF,KRUM,Baseline-Decay,0,0.005
480,78.28525641025641,LF,KRUM,Baseline-Decay,0,0.005
510,78.45552884615384,LF,KRUM,Baseline-Decay,0,0.005
540,78.68589743589743,LF,KRUM,Baseline-Decay,0,0.005
570,78.95633012820512,LF,KRUM,Baseline-Decay,0,0.005
600,79.03645833333333,LF,KRUM,Baseline-Decay,0,0.005
630,79.08653846153847,LF,KRUM,Baseline-Decay,0,0.005
660,79.36698717948718,LF,KRUM,Baseline-Decay,0,0.005
690,79.46714743589743,LF,KRUM,Baseline-Decay,0,0.005
720,79.65745192307692,LF,KRUM,Baseline-Decay,0,0.005
750,79.73758012820512,LF,KRUM,Baseline-Decay,0,0.005
780,79.79767628205128,LF,KRUM,Baseline-Decay,0,0.005
810,79.94791666666667,LF,KRUM,Baseline-Decay,0,0.005
840,80.02804487179488,LF,KRUM,Baseline-Decay,0,0.005
870,80.05809294871794,LF,KRUM,Baseline-Decay,0,0.005
900,80.14823717948718,LF,KRUM,Baseline-Decay,0,0.005
930,80.4286858974359,LF,KRUM,Baseline-Decay,0,0.005
960,80.47876602564102,LF,KRUM,Baseline-Decay,0,0.005
990,80.39863782051282,LF,KRUM,Baseline-Decay,0,0.005
1020,80.55889423076923,LF,KRUM,Baseline-Decay,0,0.005
1050,80.72916666666667,LF,KRUM,Baseline-Decay,0,0.005
1080,80.76923076923077,LF,KRUM,Baseline-Decay,0,0.005
1110,80.80929487179488,LF,KRUM,Baseline-Decay,0,0.005
1140,80.82932692307692,LF,KRUM,Baseline-Decay,0,0.005
1170,80.9395032051282,LF,KRUM,Baseline-Decay,0,0.005
1200,80.99959935897436,LF,KRUM,Baseline-Decay,0,0.005
1230,81.05969551282051,LF,KRUM,Baseline-Decay,0,0.005
1260,81.14983974358974,LF,KRUM,Baseline-Decay,0,0.005
1290,81.1698717948718,LF,KRUM,Baseline-Decay,0,0.005
1320,81.25,LF,KRUM,Baseline-Decay,0,0.005
1350,81.23998397435898,LF,KRUM,Baseline-Decay,0,0.005
1380,81.2900641025641,LF,KRUM,Baseline-Decay,0,0.005
1410,81.35016025641026,LF,KRUM,Baseline-Decay,0,0.005
1440,81.30008012820512,LF,KRUM,Baseline-Decay,0,0.005
1470,81.35016025641026,LF,KRUM,Baseline-Decay,0,0.005
1500,81.44030448717949,LF,KRUM,Baseline-Decay,0,0.005
30,78.89623397435898,mimic,CM,Baseline-Decay,123,0.05
60,82.43189102564102,mimic,CM,Baseline-Decay,123,0.05
90,83.30328525641026,mimic,CM,Baseline-Decay,123,0.05
120,83.8641826923077,mimic,CM,Baseline-Decay,123,0.05
150,84.46514423076923,mimic,CM,Baseline-Decay,123,0.05
180,84.8457532051282,mimic,CM,Baseline-Decay,123,0.05
210,84.91586538461539,mimic,CM,Baseline-Decay,123,0.05
240,84.8858173076923,mimic,CM,Baseline-Decay,123,0.05
270,85.51682692307692,mimic,CM,Baseline-Decay,123,0.05
300,85.48677884615384,mimic,CM,Baseline-Decay,123,0.05
330,85.86738782051282,mimic,CM,Baseline-Decay,123,0.05
360,86.04767628205128,mimic,CM,Baseline-Decay,123,0.05
390,86.16786858974359,mimic,CM,Baseline-Decay,123,0.05
420,86.13782051282051,mimic,CM,Baseline-Decay,123,0.05
450,86.4082532051282,mimic,CM,Baseline-Decay,123,0.05
480,86.56850961538461,mimic,CM,Baseline-Decay,123,0.05
510,86.76883012820512,mimic,CM,Baseline-Decay,123,0.05
540,86.64863782051282,mimic,CM,Baseline-Decay,123,0.05
570,86.6386217948718,mimic,CM,Baseline-Decay,123,0.05
600,86.97916666666667,mimic,CM,Baseline-Decay,123,0.05
630,86.7988782051282,mimic,CM,Baseline-Decay,123,0.05
660,87.00921474358974,mimic,CM,Baseline-Decay,123,0.05
690,87.05929487179488,mimic,CM,Baseline-Decay,123,0.05
720,87.16947115384616,mimic,CM,Baseline-Decay,123,0.05
750,86.96915064102564,mimic,CM,Baseline-Decay,123,0.05
780,87.1895032051282,mimic,CM,Baseline-Decay,123,0.05
810,87.1895032051282,mimic,CM,Baseline-Decay,123,0.05
840,87.1494391025641,mimic,CM,Baseline-Decay,123,0.05
870,87.79046474358974,mimic,CM,Baseline-Decay,123,0.05
900,87.42988782051282,mimic,CM,Baseline-Decay,123,0.05
930,87.43990384615384,mimic,CM,Baseline-Decay,123,0.05
960,87.31971153846153,mimic,CM,Baseline-Decay,123,0.05
990,87.57011217948718,mimic,CM,Baseline-Decay,123,0.05
1020,87.67027243589743,mimic,CM,Baseline-Decay,123,0.05
1050,88.05088141025641,mimic,CM,Baseline-Decay,123,0.05
1080,87.92067307692308,mimic,CM,Baseline-Decay,123,0.05
1110,88.3213141025641,mimic,CM,Baseline-Decay,123,0.05
1140,87.90064102564102,mimic,CM,Baseline-Decay,123,0.05
1170,88.05088141025641,mimic,CM,Baseline-Decay,123,0.05
1200,88.22115384615384,mimic,CM,Baseline-Decay,123,0.05
1230,88.05088141025641,mimic,CM,Baseline-Decay,123,0.05
1260,88.17107371794872,mimic,CM,Baseline-Decay,123,0.05
1290,88.44150641025641,mimic,CM,Baseline-Decay,123,0.05
1320,88.23116987179488,mimic,CM,Baseline-Decay,123,0.05
1350,88.34134615384616,mimic,CM,Baseline-Decay,123,0.05
1380,88.19110576923077,mimic,CM,Baseline-Decay,123,0.05
1410,88.3613782051282,mimic,CM,Baseline-Decay,123,0.05
1440,88.15104166666667,mimic,CM,Baseline-Decay,123,0.05
1470,88.47155448717949,mimic,CM,Baseline-Decay,123,0.05
1500,88.42147435897436,mimic,CM,Baseline-Decay,123,0.05
30,11.548477564102564,mimic,CM,Baseline,42,0.001
60,51.96314102564103,mimic,CM,Baseline,42,0.001
90,66.24599358974359,mimic,CM,Baseline,42,0.001
120,76.47235576923077,mimic,CM,Baseline,42,0.001
150,75.72115384615384,mimic,CM,Baseline,42,0.001
180,78.07491987179488,mimic,CM,Baseline,42,0.001
210,79.38701923076923,mimic,CM,Baseline,42,0.001
240,80.078125,mimic,CM,Baseline,42,0.001
270,80.66907051282051,mimic,CM,Baseline,42,0.001
300,81.2099358974359,mimic,CM,Baseline,42,0.001
330,81.41025641025641,mimic,CM,Baseline,42,0.001
360,81.7207532051282,mimic,CM,Baseline,42,0.001
390,81.89102564102564,mimic,CM,Baseline,42,0.001
420,82.02123397435898,mimic,CM,Baseline,42,0.001
450,82.3818108974359,mimic,CM,Baseline,42,0.001
480,82.64222756410257,mimic,CM,Baseline,42,0.001
510,83.19310897435898,mimic,CM,Baseline,42,0.001
540,83.31330128205128,mimic,CM,Baseline,42,0.001
570,83.18309294871794,mimic,CM,Baseline,42,0.001
600,83.5136217948718,mimic,CM,Baseline,42,0.001
630,83.6738782051282,mimic,CM,Baseline,42,0.001
660,83.82411858974359,mimic,CM,Baseline,42,0.001
690,83.97435897435898,mimic,CM,Baseline,42,0.001
720,84.35496794871794,mimic,CM,Baseline,42,0.001
750,84.17467948717949,mimic,CM,Baseline,42,0.001
780,84.60536858974359,mimic,CM,Baseline,42,0.001
810,84.62540064102564,mimic,CM,Baseline,42,0.001
840,84.56530448717949,mimic,CM,Baseline,42,0.001
870,84.58533653846153,mimic,CM,Baseline,42,0.001
900,85.05608974358974,mimic,CM,Baseline,42,0.001
930,84.86578525641026,mimic,CM,Baseline,42,0.001
960,85.0360576923077,mimic,CM,Baseline,42,0.001
990,85.26642628205128,mimic,CM,Baseline,42,0.001
1020,85.16626602564102,mimic,CM,Baseline,42,0.001
1050,85.38661858974359,mimic,CM,Baseline,42,0.001
1080,85.2363782051282,mimic,CM,Baseline,42,0.001
1110,85.74719551282051,mimic,CM,Baseline,42,0.001
1140,85.61698717948718,mimic,CM,Baseline,42,0.001
1170,85.8173076923077,mimic,CM,Baseline,42,0.001
1200,85.76722756410257,mimic,CM,Baseline,42,0.001
1230,85.74719551282051,mimic,CM,Baseline,42,0.001
1260,85.69711538461539,mimic,CM,Baseline,42,0.001
1290,85.5869391025641,mimic,CM,Baseline,42,0.001
1320,85.96754807692308,mimic,CM,Baseline,42,0.001
1350,86.0176282051282,mimic,CM,Baseline,42,0.001
1380,85.5869391025641,mimic,CM,Baseline,42,0.001
1410,85.98758012820512,mimic,CM,Baseline,42,0.001
1440,86.19791666666667,mimic,CM,Baseline,42,0.001
1470,86.02764423076923,mimic,CM,Baseline,42,0.001
1500,86.27804487179488,mimic,CM,Baseline,42,0.001
30,63.201121794871796,mimic,KRUM,Byz-NSGDM,0,0.1
60,70.51282051282051,mimic,KRUM,Byz-NSGDM,0,0.1
90,81.48036858974359,mimic,KRUM,Byz-NSGDM,0,0.1
120,85.6670673076923,mimic,KRUM,Byz-NSGDM,0,0.1
150,87.99078525641026,mimic,KRUM,Byz-NSGDM,0,0.1
180,89.09254807692308,mimic,KRUM,Byz-NSGDM,0,0.1
210,89.7235576923077,mimic,KRUM,Byz-NSGDM,0,0.1
240,90.45472756410257,mimic,KRUM,Byz-NSGDM,0,0.1
270,90.98557692307692,mimic,KRUM,Byz-NSGDM,0,0.1
300,90.96554487179488,mimic,KRUM,Byz-NSGDM,0,0.1
330,91.77684294871794,mimic,KRUM,Byz-NSGDM,0,0.1
360,91.77684294871794,mimic,KRUM,Byz-NSGDM,0,0.1
390,91.82692307692308,mimic,KRUM,Byz-NSGDM,0,0.1
420,92.59815705128206,mimic,KRUM,Byz-NSGDM,0,0.1
450,92.47796474358974,mimic,KRUM,Byz-NSGDM,0,0.1
480,93.0889423076923,mimic,KRUM,Byz-NSGDM,0,0.1
510,93.22916666666667,mimic,KRUM,Byz-NSGDM,0,0.1
540,93.0488782051282,mimic,KRUM,Byz-NSGDM,0,0.1
570,93.28926282051282,mimic,KRUM,Byz-NSGDM,0,0.1
600,93.29927884615384,mimic,KRUM,Byz-NSGDM,0,0.1
630,93.73998397435898,mimic,KRUM,Byz-NSGDM,0,0.1
660,93.77003205128206,mimic,KRUM,Byz-NSGDM,0,0.1
690,93.68990384615384,mimic,KRUM,Byz-NSGDM,0,0.1
720,94.2207532051282,mimic,KRUM,Byz-NSGDM,0,0.1
750,94.09054487179488,mimic,KRUM,Byz-NSGDM,0,0.1
780,94.07051282051282,mimic,KRUM,Byz-NSGDM,0,0.1
810,94.30088141025641,mimic,KRUM,Byz-NSGDM,0,0.1
840,94.11057692307692,mimic,KRUM,Byz-NSGDM,0,0.1
870,94.38100961538461,mimic,KRUM,Byz-NSGDM,0,0.1
900,94.47115384615384,mimic,KRUM,Byz-NSGDM,0,0.1
930,94.38100961538461,mimic,KRUM,Byz-NSGDM,0,0.1
960,94.8417467948718,mimic,KRUM,Byz-NSGDM,0,0.1
990,94.73157051282051,mimic,KRUM,Byz-NSGDM,0,0.1
1020,94.76161858974359,mimic,KRUM,Byz-NSGDM,0,0.1
1050,94.6514423076923,mimic,KRUM,Byz-NSGDM,0,0.1
1080,94.921875,mimic,KRUM,Byz-NSGDM,0,0.1
1110,95.01201923076923,mimic,KRUM,Byz-NSGDM,0,0.1
1140,94.98197115384616,mimic,KRUM,Byz-NSGDM,0,0.1
1170,95.25240384615384,mimic,KRUM,Byz-NSGDM,0,0.1
1200,95.15224358974359,mimic,KRUM,Byz-NSGDM,0,0.1
1230,95.3125,mimic,KRUM,Byz-NSGDM,0,0.1
1260,95.21233974358974,mimic,KRUM,Byz-NSGDM,0,0.1
1290,95.24238782051282,mimic,KRUM,Byz-NSGDM,0,0.1
1320,95.25240384615384,mimic,KRUM,Byz-NSGDM,0,0.1
1350,95.15224358974359,mimic,KRUM,Byz-NSGDM,0,0.1
1380,95.16225961538461,mimic,KRUM,Byz-NSGDM,0,0.1
1410,95.51282051282051,mimic,KRUM,Byz-NSGDM,0,0.1
1440,95.50280448717949,mimic,KRUM,Byz-NSGDM,0,0.1
1470,95.59294871794872,mimic,KRUM,Byz-NSGDM,0,0.1
1500,95.53285256410257,mimic,KRUM,Byz-NSGDM,0,0.1
30,18.790064102564102,BF,CM,Byz-NSGDM,0,0.005
60,26.512419871794872,BF,CM,Byz-NSGDM,0,0.005
90,30.14823717948718,BF,CM,Byz-NSGDM,0,0.005
120,32.131410256410255,BF,CM,Byz-NSGDM,0,0.005
150,33.81410256410256,BF,CM,Byz-NSGDM,0,0.005
180,35.47676282051282,BF,CM,Byz-NSGDM,0,0.005
210,37.04927884615385,BF,CM,Byz-NSGDM,0,0.005
240,38.91225961538461,BF,CM,Byz-NSGDM,0,0.005
270,40.705128205128204,BF,CM,Byz-NSGDM,0,0.005
300,42.30769230769231,BF,CM,Byz-NSGDM,0,0.005
330,43.47956730769231,BF,CM,Byz-NSGDM,0,0.005
360,45.032051282051285,BF,CM,Byz-NSGDM,0,0.005
390,46.46434294871795,BF,CM,Byz-NSGDM,0,0.005
420,47.81650641025641,BF,CM,Byz-NSGDM,0,0.005
450,49.65945512820513,BF,CM,Byz-NSGDM,0,0.005
480,50.92147435897436,BF,CM,Byz-NSGDM,0,0.005
510,52.22355769230769,BF,CM,Byz-NSGDM,0,0.005
540,53.29527243589744,BF,CM,Byz-NSGDM,0,0.005
570,54.11658653846154,BF,CM,Byz-NSGDM,0,0.005
600,55.06810897435897,BF,CM,Byz-NSGDM,0,0.005
630,55.82932692307692,BF,CM,Byz-NSGDM,0,0.005
660,56.530448717948715,BF,CM,Byz-NSGDM,0,0.005
690,57.49198717948718,BF,CM,Byz-NSGDM,0,0.005
720,58.08293269230769,BF,CM,Byz-NSGDM,0,0.005
750,58.56370192307692,BF,CM,Byz-NSGDM,0,0.005
780,59.05448717948718,BF,CM,Byz-NSGDM,0,0.005
810,59.42508012820513,BF,CM,Byz-NSGDM,0,0.005
840,59.875801282051285,BF,CM,Byz-NSGDM,0,0.005
870,60.31650641025641,BF,CM,Byz-NSGDM,0,0.005
900,60.68709935897436,BF,CM,Byz-NSGDM,0,0.005
930,60.99759615384615,BF,CM,Byz-NSGDM,0,0.005
960,61.34815705128205,BF,CM,Byz-NSGDM,0,0.005
990,61.608573717948715,BF,CM,Byz-NSGDM,0,0.005
1020,61.76883012820513,BF,CM,Byz-NSGDM,0,0.005
1050,62.05929487179487,BF,CM,Byz-NSGDM,0,0.005
1080,62.209535256410255,BF,CM,Byz-NSGDM,0,0.005
1110,62.37980769230769,BF,CM,Byz-NSGDM,0,0.005
1140,62.610176282051285,BF,CM,Byz-NSGDM,0,0.005
1170,62.9306891025641,BF,CM,Byz-NSGDM,0,0.005
1200,63.181089743589745,BF,CM,Byz-NSGDM,0,0.005
1230,63.37139423076923,BF,CM,Byz-NSGDM,0,0.005
1260,63.7119391025641,BF,CM,Byz-NSGDM,0,0.005
1290,63.932291666666664,BF,CM,Byz-NSGDM,0,0.005
1320,64.1826923076923,BF,CM,Byz-NSGDM,0,0.005
1350,64.4130608974359,BF,CM,Byz-NSGDM,0,0.005
1380,64.67347756410257,BF,CM,Byz-NSGDM,0,0.005
1410,64.86378205128206,BF,CM,Byz-NSGDM,0,0.005
1440,64.91386217948718,BF,CM,Byz-NSGDM,0,0.005
1470,65.06410256410257,BF,CM,Byz-NSGDM,0,0.005
1500,65.21434294871794,BF,CM,Byz-NSGDM,0,0.005
30,82.17147435897436,LF,RFA,Byz-NSGDM,123,0.5
60,84.82572115384616,LF,RFA,Byz-NSGDM,123,0.5
90,86.17788461538461,LF,RFA,Byz-NSGDM,123,0.5
120,87.20953525641026,LF,RFA,Byz-NSGDM,123,0.5
150,87.11939102564102,LF,RFA,Byz-NSGDM,123,0.5
180,87.52003205128206,LF,RFA,Byz-NSGDM,123,0.5
210,87.92067307692308,LF,RFA,Byz-NSGDM,123,0.5
240,88.06089743589743,LF,RFA,Byz-NSGDM,123,0.5
270,88.13100961538461,LF,RFA,Byz-NSGDM,123,0.5
300,88.30128205128206,LF,RFA,Byz-NSGDM,123,0.5
330,88.39142628205128,LF,RFA,Byz-NSGDM,123,0.5
360,88.47155448717949,LF,RFA,Byz-NSGDM,123,0.5
390,88.44150641025641,LF,RFA,Byz-NSGDM,123,0.5
420,88.56169871794872,LF,RFA,Byz-NSGDM,123,0.5
450,88.43149038461539,LF,RFA,Byz-NSGDM,123,0.5
480,88.52163461538461,LF,RFA,Byz-NSGDM,123,0.5
510,88.5917467948718,LF,RFA,Byz-NSGDM,123,0.5
540,88.53165064102564,LF,RFA,Byz-NSGDM,123,0.5
570,88.68189102564102,LF,RFA,Byz-NSGDM,123,0.5
600,88.70192307692308,LF,RFA,Byz-NSGDM,123,0.5
630,88.81209935897436,LF,RFA,Byz-NSGDM,123,0.5
660,88.69190705128206,LF,RFA,Byz-NSGDM,123,0.5
690,88.69190705128206,LF,RFA,Byz-NSGDM,123,0.5
720,88.7520032051282,LF,RFA,Byz-NSGDM,123,0.5
750,88.69190705128206,LF,RFA,Byz-NSGDM,123,0.5
780,88.84214743589743,LF,RFA,Byz-NSGDM,123,0.5
810,88.84214743589743,LF,RFA,Byz-NSGDM,123,0.5
840,88.73197115384616,LF,RFA,Byz-NSGDM,123,0.5
870,88.85216346153847,LF,RFA,Byz-NSGDM,123,0.5
900,88.74198717948718,LF,RFA,Byz-NSGDM,123,0.5
930,88.9423076923077,LF,RFA,Byz-NSGDM,123,0.5
960,88.93229166666667,LF,RFA,Byz-NSGDM,123,0.5
990,88.86217948717949,LF,RFA,Byz-NSGDM,123,0.5
1020,88.89222756410257,LF,RFA,Byz-NSGDM,123,0.5
1050,88.90224358974359,LF,RFA,Byz-NSGDM,123,0.5
1080,88.92227564102564,LF,RFA,Byz-NSGDM,123,0.5
1110,88.90224358974359,LF,RFA,Byz-NSGDM,123,0.5
1140,88.89222756410257,LF,RFA,Byz-NSGDM,123,0.5
1170,88.89222756410257,LF,RFA,Byz-NSGDM,123,0.5
1200,89.01241987179488,LF,RFA,Byz-NSGDM,123,0.5
1230,88.88221153846153,LF,RFA,Byz-NSGDM,123,0.5
1260,88.9823717948718,LF,RFA,Byz-NSGDM,123,0.5
1290,88.89222756410257,LF,RFA,Byz-NSGDM,123,0.5
1320,88.97235576923077,LF,RFA,Byz-NSGDM,123,0.5
1350,89.03245192307692,LF,RFA,Byz-NSGDM,123,0.5
1380,88.88221153846153,LF,RFA,Byz-NSGDM,123,0.5
1410,89.00240384615384,LF,RFA,Byz-NSGDM,123,0.5
1440,88.91225961538461,LF,RFA,Byz-NSGDM,123,0.5
1470,89.12259615384616,LF,RFA,Byz-NSGDM,123,0.5
1500,89.04246794871794,LF,RFA,Byz-NSGDM,123,0.5
30,71.49439102564102,BF,CM,Byz-NSGDM,123,0.1
60,81.42027243589743,BF,CM,Byz-NSGDM,123,0.1
90,87.5400641025641,BF,CM,Byz-NSGDM,123,0.1
120,88.19110576923077,BF,CM,Byz-NSGDM,123,0.1
150,85.17628205128206,BF,CM,Byz-NSGDM,123,0.1
180,81.54046474358974,BF,CM,Byz-NSGDM,123,0.1
210,82.47195512820512,BF,CM,Byz-NSGDM,123,0.1
240,83.64383012820512,BF,CM,Byz-NSGDM,123,0.1
270,83.6338141025641,BF,CM,Byz-NSGDM,123,0.1
300,83.5536858974359,BF,CM,Byz-NSGDM,123,0.1
330,84.17467948717949,BF,CM,Byz-NSGDM,123,0.1
360,84.51522435897436,BF,CM,Byz-NSGDM,123,0.1
390,84.2948717948718,BF,CM,Byz-NSGDM,123,0.1
420,84.77564102564102,BF,CM,Byz-NSGDM,123,0.1
450,84.90584935897436,BF,CM,Byz-NSGDM,123,0.1
480,84.89583333333333,BF,CM,Byz-NSGDM,123,0.1
510,85.22636217948718,BF,CM,Byz-NSGDM,123,0.1
540,85.31650641025641,BF,CM,Byz-NSGDM,123,0.1
570,85.1963141025641,BF,CM,Byz-NSGDM,123,0.1
600,85.28645833333333,BF,CM,Byz-NSGDM,123,0.1
630,85.73717948717949,BF,CM,Byz-NSGDM,123,0.1
660,85.68709935897436,BF,CM,Byz-NSGDM,123,0.1
690,85.80729166666667,BF,CM,Byz-NSGDM,123,0.1
720,85.8573717948718,BF,CM,Byz-NSGDM,123,0.1
750,85.51682692307692,BF,CM,Byz-NSGDM,123,0.1
780,85.87740384615384,BF,CM,Byz-NSGDM,123,0.1
810,85.74719551282051,BF,CM,Byz-NSGDM,123,0.1
840,85.87740384615384,BF,CM,Byz-NSGDM,123,0.1
870,85.9775641025641,BF,CM,Byz-NSGDM,123,0.1
900,85.84735576923077,BF,CM,Byz-NSGDM,123,0.1
930,85.8974358974359,BF,CM,Byz-NSGDM,123,0.1
960,86.328125,BF,CM,Byz-NSGDM,123,0.1
990,86.31810897435898,BF,CM,Byz-NSGDM,123,0.1
1020,86.12780448717949,BF,CM,Byz-NSGDM,123,0.1
1050,86.06770833333333,BF,CM,Byz-NSGDM,123,0.1
1080,86.2079326923077,BF,CM,Byz-NSGDM,123,0.1
1110,86.12780448717949,BF,CM,Byz-NSGDM,123,0.1
1140,86.25801282051282,BF,CM,Byz-NSGDM,123,0.1
1170,86.26802884615384,BF,CM,Byz-NSGDM,123,0.1
1200,86.22796474358974,BF,CM,Byz-NSGDM,123,0.1
1230,86.06770833333333,BF,CM,Byz-NSGDM,123,0.1
1260,86.34815705128206,BF,CM,Byz-NSGDM,123,0.1
1290,86.04767628205128,BF,CM,Byz-NSGDM,123,0.1
1320,86.30809294871794,BF,CM,Byz-NSGDM,123,0.1
1350,86.47836538461539,BF,CM,Byz-NSGDM,123,0.1
1380,85.94751602564102,BF,CM,Byz-NSGDM,123,0.1
1410,86.13782051282051,BF,CM,Byz-NSGDM,123,0.1
1440,85.94751602564102,BF,CM,Byz-NSGDM,123,0.1
1470,86.19791666666667,BF,CM,Byz-NSGDM,123,0.1
1500,86.18790064102564,BF,CM,Byz-NSGDM,123,0.1
30,89.87379807692308,mimic,CM,Baseline-Decay,0,0.2
60,93.65985576923077,mimic,CM,Baseline-Decay,0,0.2
90,94.90184294871794,mimic,CM,Baseline-Decay,0,0.2
120,96.10376602564102,mimic,CM,Baseline-Decay,0,0.2
150,96.43429487179488,mimic,CM,Baseline-Decay,0,0.2
180,96.85496794871794,mimic,CM,Baseline-Decay,0,0.2
210,97.08533653846153,mimic,CM,Baseline-Decay,0,0.2
240,97.31570512820512,mimic,CM,Baseline-Decay,0,0.2
270,97.44591346153847,mimic,CM,Baseline-Decay,0,0.2
300,97.51602564102564,mimic,CM,Baseline-Decay,0,0.2
330,97.67628205128206,mimic,CM,Baseline-Decay,0,0.2
360,97.68629807692308,mimic,CM,Baseline-Decay,0,0.2
390,97.89663461538461,mimic,CM,Baseline-Decay,0,0.2
420,97.87660256410257,mimic,CM,Baseline-Decay,0,0.2
450,97.83653846153847,mimic,CM,Baseline-Decay,0,0.2
480,97.90665064102564,mimic,CM,Baseline-Decay,0,0.2
510,98.14703525641026,mimic,CM,Baseline-Decay,0,0.2
540,97.91666666666667,mimic,CM,Baseline-Decay,0,0.2
570,98.05689102564102,mimic,CM,Baseline-Decay,0,0.2
600,98.07692307692308,mimic,CM,Baseline-Decay,0,0.2
630,98.1670673076923,mimic,CM,Baseline-Decay,0,0.2
660,98.17708333333333,mimic,CM,Baseline-Decay,0,0.2
690,98.21714743589743,mimic,CM,Baseline-Decay,0,0.2
720,98.25721153846153,mimic,CM,Baseline-Decay,0,0.2
750,98.23717948717949,mimic,CM,Baseline-Decay,0,0.2
780,98.29727564102564,mimic,CM,Baseline-Decay,0,0.2
810,98.32732371794872,mimic,CM,Baseline-Decay,0,0.2
840,98.28725961538461,mimic,CM,Baseline-Decay,0,0.2
870,98.32732371794872,mimic,CM,Baseline-Decay,0,0.2
900,98.3173076923077,mimic,CM,Baseline-Decay,0,0.2
930,98.37740384615384,mimic,CM,Baseline-Decay,0,0.2
960,98.29727564102564,mimic,CM,Baseline-Decay,0,0.2
990,98.42748397435898,mimic,CM,Baseline-Decay,0,0.2
1020,98.41746794871794,mimic,CM,Baseline-Decay,0,0.2
1050,98.4375,mimic,CM,Baseline-Decay,0,0.2
1080,98.4775641025641,mimic,CM,Baseline-Decay,0,0.2
1110,98.42748397435898,mimic,CM,Baseline-Decay,0,0.2
1140,98.4375,mimic,CM,Baseline-Decay,0,0.2
1170,98.4775641025641,mimic,CM,Baseline-Decay,0,0.2
1200,98.4375,mimic,CM,Baseline-Decay,0,0.2
1230,98.4775641025641,mimic,CM,Baseline-Decay,0,0.2
1260,98.4775641025641,mimic,CM,Baseline-Decay,0,0.2
1290,98.54767628205128,mimic,CM,Baseline-Decay,0,0.2
1320,98.46754807692308,mimic,CM,Baseline-Decay,0,0.2
1350,98.4775641025641,mimic,CM,Baseline-Decay,0,0.2
1380,98.50761217948718,mimic,CM,Baseline-Decay,0,0.2
1410,98.50761217948718,mimic,CM,Baseline-Decay,0,0.2
1440,98.48758012820512,mimic,CM,Baseline-Decay,0,0.2
1470,98.56770833333333,mimic,CM,Baseline-Decay,0,0.2
1500,98.46754807692308,mimic,CM,Baseline-Decay,0,0.2
30,9.815705128205128,BF,RFA,Baseline-Decay,0,1.0
60,9.815705128205128,BF,RFA,Baseline-Decay,0,1.0
90,9.815705128205128,BF,RFA,Baseline-Decay,0,1.0
120,9.815705128205128,BF,RFA,Baseline-Decay,0,1.0
150,9.815705128205128,BF,RFA,Baseline-Decay,0,1.0
180,9.815705128205128,BF,RFA,Baseline-Decay,0,1.0
210,9.815705128205128,BF,RFA,Baseline-Decay,0,1.0
240,9.815705128205128,BF,RFA,Baseline-Decay,0,1.0
270,9.815705128205128,BF,RFA,Baseline-Decay,0,1.0
300,9.815705128205128,BF,RFA,Baseline-Decay,0,1.0
330,9.815705128205128,BF,RFA,Baseline-Decay,0,1.0
360,9.815705128205128,BF,RFA,Baseline-Decay,0,1.0
390,9.815705128205128,BF,RFA,Baseline-Decay,0,1.0
420,9.815705128205128,BF,RFA,Baseline-Decay,0,1.0
450,9.815705128205128,BF,RFA,Baseline-Decay,0,1.0
480,9.815705128205128,BF,RFA,Baseline-Decay,0,1.0
510,9.815705128205128,BF,RFA,Baseline-Decay,0,1.0
540,9.815705128205128,BF,RFA,Baseline-Decay,0,1.0
570,9.815705128205128,BF,RFA,Baseline-Decay,0,1.0
600,9.815705128205128,BF,RFA,Baseline-Decay,0,1.0
630,9.815705128205128,BF,RFA,Baseline-Decay,0,1.0
660,9.815705128205128,BF,RFA,Baseline-Decay,0,1.0
690,9.815705128205128,BF,RFA,Baseline-Decay,0,1.0
720,9.815705128205128,BF,RFA,Baseline-Decay,0,1.0
750,9.815705128205128,BF,RFA,Baseline-Decay,0,1.0
780,9.815705128205128,BF,RFA,Baseline-Decay,0,1.0
810,9.815705128205128,BF,RFA,Baseline-Decay,0,1.0
840,9.815705128205128,BF,RFA,Baseline-Decay,0,1.0
870,9.815705128205128,BF,RFA,Baseline-Decay,0,1.0
900,9.815705128205128,BF,RFA,Baseline-Decay,0,1.0
930,9.815705128205128,BF,RFA,Baseline-Decay,0,1.0
960,9.815705128205128,BF,RFA,Baseline-Decay,0,1.0
990,9.815705128205128,BF,RFA,Baseline-Decay,0,1.0
1020,9.815705128205128,BF,RFA,Baseline-Decay,0,1.0
1050,9.815705128205128,BF,RFA,Baseline-Decay,0,1.0
1080,9.815705128205128,BF,RFA,Baseline-Decay,0,1.0
1110,9.815705128205128,BF,RFA,Baseline-Decay,0,1.0
1140,9.815705128205128,BF,RFA,Baseline-Decay,0,1.0
1170,9.815705128205128,BF,RFA,Baseline-Decay,0,1.0
1200,9.815705128205128,BF,RFA,Baseline-Decay,0,1.0
1230,9.815705128205128,BF,RFA,Baseline-Decay,0,1.0
1260,9.815705128205128,BF,RFA,Baseline-Decay,0,1.0
1290,9.815705128205128,BF,RFA,Baseline-Decay,0,1.0
1320,9.815705128205128,BF,RFA,Baseline-Decay,0,1.0
1350,9.815705128205128,BF,RFA,Baseline-Decay,0,1.0
1380,9.815705128205128,BF,RFA,Baseline-Decay,0,1.0
1410,9.815705128205128,BF,RFA,Baseline-Decay,0,1.0
1440,9.815705128205128,BF,RFA,Baseline-Decay,0,1.0
1470,9.815705128205128,BF,RFA,Baseline-Decay,0,1.0
1500,9.815705128205128,BF,RFA,Baseline-Decay,0,1.0
30,88.07091346153847,mimic,CM,Baseline-Decay,123,0.1
60,90.92548076923077,mimic,CM,Baseline-Decay,123,0.1
90,92.68830128205128,mimic,CM,Baseline-Decay,123,0.1
120,93.42948717948718,mimic,CM,Baseline-Decay,123,0.1
150,94.35096153846153,mimic,CM,Baseline-Decay,123,0.1
180,94.90184294871794,mimic,CM,Baseline-Decay,123,0.1
210,95.0020032051282,mimic,CM,Baseline-Decay,123,0.1
240,95.50280448717949,mimic,CM,Baseline-Decay,123,0.1
270,95.91346153846153,mimic,CM,Baseline-Decay,123,0.1
300,95.94350961538461,mimic,CM,Baseline-Decay,123,0.1
330,96.484375,mimic,CM,Baseline-Decay,123,0.1
360,96.41426282051282,mimic,CM,Baseline-Decay,123,0.1
390,96.59455128205128,mimic,CM,Baseline-Decay,123,0.1
420,93.48958333333333,mimic,CM,Baseline-Decay,123,0.1
450,91.8369391025641,mimic,CM,Baseline-Decay,123,0.1
480,91.38621794871794,mimic,CM,Baseline-Decay,123,0.1
510,91.4463141025641,mimic,CM,Baseline-Decay,123,0.1
540,90.7051282051282,mimic,CM,Baseline-Decay,123,0.1
570,89.9639423076923,mimic,CM,Baseline-Decay,123,0.1
600,89.90384615384616,mimic,CM,Baseline-Decay,123,0.1
630,89.64342948717949,mimic,CM,Baseline-Decay,123,0.1
660,89.52323717948718,mimic,CM,Baseline-Decay,123,0.1
690,89.4130608974359,mimic,CM,Baseline-Decay,123,0.1
720,89.12259615384616,mimic,CM,Baseline-Decay,123,0.1
750,89.0625,mimic,CM,Baseline-Decay,123,0.1
780,88.9423076923077,mimic,CM,Baseline-Decay,123,0.1
810,89.16266025641026,mimic,CM,Baseline-Decay,123,0.1
840,89.1025641025641,mimic,CM,Baseline-Decay,123,0.1
870,88.78205128205128,mimic,CM,Baseline-Decay,123,0.1
900,88.91225961538461,mimic,CM,Baseline-Decay,123,0.1
930,88.89222756410257,mimic,CM,Baseline-Decay,123,0.1
960,88.7920673076923,mimic,CM,Baseline-Decay,123,0.1
990,88.73197115384616,mimic,CM,Baseline-Decay,123,0.1
1020,88.671875,mimic,CM,Baseline-Decay,123,0.1
1050,88.77203525641026,mimic,CM,Baseline-Decay,123,0.1
1080,88.7520032051282,mimic,CM,Baseline-Decay,123,0.1
1110,88.7520032051282,mimic,CM,Baseline-Decay,123,0.1
1140,88.65184294871794,mimic,CM,Baseline-Decay,123,0.1
1170,88.76201923076923,mimic,CM,Baseline-Decay,123,0.1
1200,88.69190705128206,mimic,CM,Baseline-Decay,123,0.1
1230,88.6318108974359,mimic,CM,Baseline-Decay,123,0.1
1260,88.62179487179488,mimic,CM,Baseline-Decay,123,0.1
1290,88.7119391025641,mimic,CM,Baseline-Decay,123,0.1
1320,88.73197115384616,mimic,CM,Baseline-Decay,123,0.1
1350,88.671875,mimic,CM,Baseline-Decay,123,0.1
1380,88.7119391025641,mimic,CM,Baseline-Decay,123,0.1
1410,88.7920673076923,mimic,CM,Baseline-Decay,123,0.1
1440,88.78205128205128,mimic,CM,Baseline-Decay,123,0.1
1470,88.78205128205128,mimic,CM,Baseline-Decay,123,0.1
1500,88.77203525641026,mimic,CM,Baseline-Decay,123,0.1
30,89.08253205128206,mimic,RFA,Baseline-Decay,42,0.1
60,91.3261217948718,mimic,RFA,Baseline-Decay,42,0.1
90,92.21754807692308,mimic,RFA,Baseline-Decay,42,0.1
120,92.8886217948718,mimic,RFA,Baseline-Decay,42,0.1
150,93.88020833333333,mimic,RFA,Baseline-Decay,42,0.1
180,94.4911858974359,mimic,RFA,Baseline-Decay,42,0.1
210,94.54126602564102,mimic,RFA,Baseline-Decay,42,0.1
240,94.93189102564102,mimic,RFA,Baseline-Decay,42,0.1
270,95.28245192307692,mimic,RFA,Baseline-Decay,42,0.1
300,95.11217948717949,mimic,RFA,Baseline-Decay,42,0.1
330,95.20232371794872,mimic,RFA,Baseline-Decay,42,0.1
360,95.63301282051282,mimic,RFA,Baseline-Decay,42,0.1
390,95.6630608974359,mimic,RFA,Baseline-Decay,42,0.1
420,95.67307692307692,mimic,RFA,Baseline-Decay,42,0.1
450,95.67307692307692,mimic,RFA,Baseline-Decay,42,0.1
480,95.91346153846153,mimic,RFA,Baseline-Decay,42,0.1
510,96.18389423076923,mimic,RFA,Baseline-Decay,42,0.1
540,95.7832532051282,mimic,RFA,Baseline-Decay,42,0.1
570,96.34415064102564,mimic,RFA,Baseline-Decay,42,0.1
600,96.18389423076923,mimic,RFA,Baseline-Decay,42,0.1
630,96.35416666666667,mimic,RFA,Baseline-Decay,42,0.1
660,96.20392628205128,mimic,RFA,Baseline-Decay,42,0.1
690,96.484375,mimic,RFA,Baseline-Decay,42,0.1
720,96.31410256410257,mimic,RFA,Baseline-Decay,42,0.1
750,96.42427884615384,mimic,RFA,Baseline-Decay,42,0.1
780,91.57652243589743,mimic,RFA,Baseline-Decay,42,0.1
810,92.91866987179488,mimic,RFA,Baseline-Decay,42,0.1
840,91.88701923076923,mimic,RFA,Baseline-Decay,42,0.1
870,91.88701923076923,mimic,RFA,Baseline-Decay,42,0.1
900,90.56490384615384,mimic,RFA,Baseline-Decay,42,0.1
930,91.18589743589743,mimic,RFA,Baseline-Decay,42,0.1
960,90.625,mimic,RFA,Baseline-Decay,42,0.1
990,90.00400641025641,mimic,RFA,Baseline-Decay,42,0.1
1020,89.78365384615384,mimic,RFA,Baseline-Decay,42,0.1
1050,89.94391025641026,mimic,RFA,Baseline-Decay,42,0.1
1080,89.44310897435898,mimic,RFA,Baseline-Decay,42,0.1
1110,89.52323717948718,mimic,RFA,Baseline-Decay,42,0.1
1140,89.4931891025641,mimic,RFA,Baseline-Decay,42,0.1
1170,89.1426282051282,mimic,RFA,Baseline-Decay,42,0.1
1200,89.1025641025641,mimic,RFA,Baseline-Decay,42,0.1
1230,88.90224358974359,mimic,RFA,Baseline-Decay,42,0.1
1260,88.54166666666667,mimic,RFA,Baseline-Decay,42,0.1
1290,88.56169871794872,mimic,RFA,Baseline-Decay,42,0.1
1320,88.77203525641026,mimic,RFA,Baseline-Decay,42,0.1
1350,88.671875,mimic,RFA,Baseline-Decay,42,0.1
1380,88.19110576923077,mimic,RFA,Baseline-Decay,42,0.1
1410,88.65184294871794,mimic,RFA,Baseline-Decay,42,0.1
1440,88.46153846153847,mimic,RFA,Baseline-Decay,42,0.1
1470,88.48157051282051,mimic,RFA,Baseline-Decay,42,0.1
1500,88.48157051282051,mimic,RFA,Baseline-Decay,42,0.1
30,46.84495192307692,LF,RFA,Baseline-Decay,0,0.005
60,64.50320512820512,LF,RFA,Baseline-Decay,0,0.005
90,63.08092948717949,LF,RFA,Baseline-Decay,0,0.005
120,67.5380608974359,LF,RFA,Baseline-Decay,0,0.005
150,71.42427884615384,LF,RFA,Baseline-Decay,0,0.005
180,75.93149038461539,LF,RFA,Baseline-Decay,0,0.005
210,78.29527243589743,LF,RFA,Baseline-Decay,0,0.005
30,52.71434294871795,mimic,KRUM,Baseline,123,0.002
60,75.03004807692308,mimic,KRUM,Baseline,123,0.002
90,80.78926282051282,mimic,KRUM,Baseline,123,0.002
120,81.78084935897436,mimic,KRUM,Baseline,123,0.002
150,82.76241987179488,mimic,KRUM,Baseline,123,0.002
180,83.1630608974359,mimic,KRUM,Baseline,123,0.002
210,83.9443108974359,mimic,KRUM,Baseline,123,0.002
240,83.76402243589743,mimic,KRUM,Baseline,123,0.002
270,84.21474358974359,mimic,KRUM,Baseline,123,0.002
300,84.375,mimic,KRUM,Baseline,123,0.002
330,84.65544871794872,mimic,KRUM,Baseline,123,0.002
360,84.83573717948718,mimic,KRUM,Baseline,123,0.002
390,85.18629807692308,mimic,KRUM,Baseline,123,0.002
420,85.25641025641026,mimic,KRUM,Baseline,123,0.002
450,85.38661858974359,mimic,KRUM,Baseline,123,0.002
480,85.38661858974359,mimic,KRUM,Baseline,123,0.002
510,85.71714743589743,mimic,KRUM,Baseline,123,0.002
540,85.77724358974359,mimic,KRUM,Baseline,123,0.002
570,85.77724358974359,mimic,KRUM,Baseline,123,0.002
600,86.10777243589743,mimic,KRUM,Baseline,123,0.002
630,86.02764423076923,mimic,KRUM,Baseline,123,0.002
660,86.21794871794872,mimic,KRUM,Baseline,123,0.002
690,85.86738782051282,mimic,KRUM,Baseline,123,0.002
720,85.9375,mimic,KRUM,Baseline,123,0.002
750,86.37820512820512,mimic,KRUM,Baseline,123,0.002
780,86.4483173076923,mimic,KRUM,Baseline,123,0.002
810,86.39823717948718,mimic,KRUM,Baseline,123,0.002
840,86.51842948717949,mimic,KRUM,Baseline,123,0.002
870,86.42828525641026,mimic,KRUM,Baseline,123,0.002
900,86.60857371794872,mimic,KRUM,Baseline,123,0.002
930,86.56850961538461,mimic,KRUM,Baseline,123,0.002
960,86.56850961538461,mimic,KRUM,Baseline,123,0.002
990,86.69871794871794,mimic,KRUM,Baseline,123,0.002
1020,86.6786858974359,mimic,KRUM,Baseline,123,0.002
1050,86.78886217948718,mimic,KRUM,Baseline,123,0.002
1080,86.5985576923077,mimic,KRUM,Baseline,123,0.002
1110,86.94911858974359,mimic,KRUM,Baseline,123,0.002
1140,86.84895833333333,mimic,KRUM,Baseline,123,0.002
1170,86.92908653846153,mimic,KRUM,Baseline,123,0.002
1200,87.00921474358974,mimic,KRUM,Baseline,123,0.002
1230,86.91907051282051,mimic,KRUM,Baseline,123,0.002
1260,87.1895032051282,mimic,KRUM,Baseline,123,0.002
1290,86.84895833333333,mimic,KRUM,Baseline,123,0.002
1320,87.0292467948718,mimic,KRUM,Baseline,123,0.002
1350,87.1494391025641,mimic,KRUM,Baseline,123,0.002
1380,86.87900641025641,mimic,KRUM,Baseline,123,0.002
1410,87.11939102564102,mimic,KRUM,Baseline,123,0.002
1440,87.0693108974359,mimic,KRUM,Baseline,123,0.002
1470,87.31971153846153,mimic,KRUM,Baseline,123,0.002
1500,87.35977564102564,mimic,KRUM,Baseline,123,0.002
30,91.37620192307692,LF,RFA,Byz-NSGDM,0,0.5
60,93.94030448717949,LF,RFA,Byz-NSGDM,0,0.5
90,95.79326923076923,LF,RFA,Byz-NSGDM,0,0.5
120,96.59455128205128,LF,RFA,Byz-NSGDM,0,0.5
150,96.74479166666667,LF,RFA,Byz-NSGDM,0,0.5
180,97.03525641025641,LF,RFA,Byz-NSGDM,0,0.5
210,97.49599358974359,LF,RFA,Byz-NSGDM,0,0.5
240,97.64623397435898,LF,RFA,Byz-NSGDM,0,0.5
270,97.79647435897436,LF,RFA,Byz-NSGDM,0,0.5
300,97.78645833333333,LF,RFA,Byz-NSGDM,0,0.5
330,98.01682692307692,LF,RFA,Byz-NSGDM,0,0.5
360,98.06690705128206,LF,RFA,Byz-NSGDM,0,0.5
390,98.11698717948718,LF,RFA,Byz-NSGDM,0,0.5
420,98.20713141025641,LF,RFA,Byz-NSGDM,0,0.5
450,98.13701923076923,LF,RFA,Byz-NSGDM,0,0.5
480,98.25721153846153,LF,RFA,Byz-NSGDM,0,0.5
510,98.27724358974359,LF,RFA,Byz-NSGDM,0,0.5
540,98.26722756410257,LF,RFA,Byz-NSGDM,0,0.5
570,98.33733974358974,LF,RFA,Byz-NSGDM,0,0.5
600,98.33733974358974,LF,RFA,Byz-NSGDM,0,0.5
630,98.3173076923077,LF,RFA,Byz-NSGDM,0,0.5
660,98.38741987179488,LF,RFA,Byz-NSGDM,0,0.5
690,98.40745192307692,LF,RFA,Byz-NSGDM,0,0.5
720,98.45753205128206,LF,RFA,Byz-NSGDM,0,0.5
750,98.37740384615384,LF,RFA,Byz-NSGDM,0,0.5
780,98.46754807692308,LF,RFA,Byz-NSGDM,0,0.5
810,98.56770833333333,LF,RFA,Byz-NSGDM,0,0.5
840,98.33733974358974,LF,RFA,Byz-NSGDM,0,0.5
870,98.50761217948718,LF,RFA,Byz-NSGDM,0,0.5
900,98.54767628205128,LF,RFA,Byz-NSGDM,0,0.5
930,98.49759615384616,LF,RFA,Byz-NSGDM,0,0.5
960,98.45753205128206,LF,RFA,Byz-NSGDM,0,0.5
990,98.52764423076923,LF,RFA,Byz-NSGDM,0,0.5
1020,98.48758012820512,LF,RFA,Byz-NSGDM,0,0.5
1050,98.61778846153847,LF,RFA,Byz-NSGDM,0,0.5
1080,98.56770833333333,LF,RFA,Byz-NSGDM,0,0.5
1110,98.56770833333333,LF,RFA,Byz-NSGDM,0,0.5
1140,98.48758012820512,LF,RFA,Byz-NSGDM,0,0.5
1170,98.45753205128206,LF,RFA,Byz-NSGDM,0,0.5
1200,98.58774038461539,LF,RFA,Byz-NSGDM,0,0.5
1230,98.60777243589743,LF,RFA,Byz-NSGDM,0,0.5
1260,98.56770833333333,LF,RFA,Byz-NSGDM,0,0.5
1290,98.50761217948718,LF,RFA,Byz-NSGDM,0,0.5
1320,98.61778846153847,LF,RFA,Byz-NSGDM,0,0.5
1350,98.50761217948718,LF,RFA,Byz-NSGDM,0,0.5
1380,98.61778846153847,LF,RFA,Byz-NSGDM,0,0.5
1410,98.59775641025641,LF,RFA,Byz-NSGDM,0,0.5
1440,98.5576923076923,LF,RFA,Byz-NSGDM,0,0.5
1470,98.64783653846153,LF,RFA,Byz-NSGDM,0,0.5
1500,98.59775641025641,LF,RFA,Byz-NSGDM,0,0.5
30,41.33613782051282,BF,KRUM,Baseline,123,0.001
60,61.408253205128204,BF,KRUM,Baseline,123,0.001
90,76.10176282051282,BF,KRUM,Baseline,123,0.001
120,77.56410256410257,BF,KRUM,Baseline,123,0.001
150,84.8056891025641,BF,KRUM,Baseline,123,0.001
180,87.11939102564102,BF,KRUM,Baseline,123,0.001
210,88.0108173076923,BF,KRUM,Baseline,123,0.001
240,79.74759615384616,BF,KRUM,Baseline,123,0.001
270,80.62900641025641,BF,KRUM,Baseline,123,0.001
300,81.06971153846153,BF,KRUM,Baseline,123,0.001
330,81.65064102564102,BF,KRUM,Baseline,123,0.001
360,81.9110576923077,BF,KRUM,Baseline,123,0.001
390,81.86097756410257,BF,KRUM,Baseline,123,0.001
420,82.05128205128206,BF,KRUM,Baseline,123,0.001
450,82.28165064102564,BF,KRUM,Baseline,123,0.001
480,82.67227564102564,BF,KRUM,Baseline,123,0.001
510,83.07291666666667,BF,KRUM,Baseline,123,0.001
540,83.56370192307692,BF,KRUM,Baseline,123,0.001
570,83.30328525641026,BF,KRUM,Baseline,123,0.001
600,83.6338141025641,BF,KRUM,Baseline,123,0.001
630,83.89423076923077,BF,KRUM,Baseline,123,0.001
660,83.99439102564102,BF,KRUM,Baseline,123,0.001
690,84.13461538461539,BF,KRUM,Baseline,123,0.001
720,84.26482371794872,BF,KRUM,Baseline,123,0.001
750,84.08453525641026,BF,KRUM,Baseline,123,0.001
780,84.51522435897436,BF,KRUM,Baseline,123,0.001
810,84.63541666666667,BF,KRUM,Baseline,123,0.001
840,84.69551282051282,BF,KRUM,Baseline,123,0.001
870,84.74559294871794,BF,KRUM,Baseline,123,0.001
900,84.8858173076923,BF,KRUM,Baseline,123,0.001
930,84.95592948717949,BF,KRUM,Baseline,123,0.001
960,85.1963141025641,BF,KRUM,Baseline,123,0.001
990,85.22636217948718,BF,KRUM,Baseline,123,0.001
1020,85.44671474358974,BF,KRUM,Baseline,123,0.001
1050,85.29647435897436,BF,KRUM,Baseline,123,0.001
1080,85.45673076923077,BF,KRUM,Baseline,123,0.001
1110,85.29647435897436,BF,KRUM,Baseline,123,0.001
1140,85.39663461538461,BF,KRUM,Baseline,123,0.001
1170,85.55689102564102,BF,KRUM,Baseline,123,0.001
1200,85.69711538461539,BF,KRUM,Baseline,123,0.001
1230,85.68709935897436,BF,KRUM,Baseline,123,0.001
1260,85.80729166666667,BF,KRUM,Baseline,123,0.001
1290,85.72716346153847,BF,KRUM,Baseline,123,0.001
1320,85.80729166666667,BF,KRUM,Baseline,123,0.001
1350,86.26802884615384,BF,KRUM,Baseline,123,0.001
1380,85.45673076923077,BF,KRUM,Baseline,123,0.001
1410,85.5869391025641,BF,KRUM,Baseline,123,0.001
1440,85.43669871794872,BF,KRUM,Baseline,123,0.001
1470,85.01602564102564,BF,KRUM,Baseline,123,0.001
1500,59.90584935897436,BF,KRUM,Baseline,123,0.001
30,78.83613782051282,mimic,CM,Baseline-Decay,42,0.1
60,82.67227564102564,mimic,CM,Baseline-Decay,42,0.1
90,83.87419871794872,mimic,CM,Baseline-Decay,42,0.1
120,84.54527243589743,mimic,CM,Baseline-Decay,42,0.1
150,85.39663461538461,mimic,CM,Baseline-Decay,42,0.1
180,85.73717948717949,mimic,CM,Baseline-Decay,42,0.1
210,85.65705128205128,mimic,CM,Baseline-Decay,42,0.1
240,85.90745192307692,mimic,CM,Baseline-Decay,42,0.1
270,86.2079326923077,mimic,CM,Baseline-Decay,42,0.1
300,86.37820512820512,mimic,CM,Baseline-Decay,42,0.1
330,86.33814102564102,mimic,CM,Baseline-Decay,42,0.1
360,86.50841346153847,mimic,CM,Baseline-Decay,42,0.1
390,86.80889423076923,mimic,CM,Baseline-Decay,42,0.1
420,86.8389423076923,mimic,CM,Baseline-Decay,42,0.1
450,86.8389423076923,mimic,CM,Baseline-Decay,42,0.1
480,86.7988782051282,mimic,CM,Baseline-Decay,42,0.1
510,87.11939102564102,mimic,CM,Baseline-Decay,42,0.1
540,87.07932692307692,mimic,CM,Baseline-Decay,42,0.1
570,86.96915064102564,mimic,CM,Baseline-Decay,42,0.1
600,87.19951923076923,mimic,CM,Baseline-Decay,42,0.1
630,87.31971153846153,mimic,CM,Baseline-Decay,42,0.1
660,87.40985576923077,mimic,CM,Baseline-Decay,42,0.1
690,87.44991987179488,mimic,CM,Baseline-Decay,42,0.1
720,87.44991987179488,mimic,CM,Baseline-Decay,42,0.1
750,87.43990384615384,mimic,CM,Baseline-Decay,42,0.1
780,87.57011217948718,mimic,CM,Baseline-Decay,42,0.1
810,87.67027243589743,mimic,CM,Baseline-Decay,42,0.1
840,87.5400641025641,mimic,CM,Baseline-Decay,42,0.1
870,87.74038461538461,mimic,CM,Baseline-Decay,42,0.1
900,87.70032051282051,mimic,CM,Baseline-Decay,42,0.1
930,87.66025641025641,mimic,CM,Baseline-Decay,42,0.1
960,87.84054487179488,mimic,CM,Baseline-Decay,42,0.1
990,87.890625,mimic,CM,Baseline-Decay,42,0.1
1020,87.87059294871794,mimic,CM,Baseline-Decay,42,0.1
1050,87.7704326923077,mimic,CM,Baseline-Decay,42,0.1
1080,87.91065705128206,mimic,CM,Baseline-Decay,42,0.1
1110,87.95072115384616,mimic,CM,Baseline-Decay,42,0.1
1140,87.890625,mimic,CM,Baseline-Decay,42,0.1
1170,88.0108173076923,mimic,CM,Baseline-Decay,42,0.1
1200,87.9707532051282,mimic,CM,Baseline-Decay,42,0.1
1230,87.94070512820512,mimic,CM,Baseline-Decay,42,0.1
1260,88.00080128205128,mimic,CM,Baseline-Decay,42,0.1
1290,88.0108173076923,mimic,CM,Baseline-Decay,42,0.1
1320,88.05088141025641,mimic,CM,Baseline-Decay,42,0.1
1350,87.98076923076923,mimic,CM,Baseline-Decay,42,0.1
1380,88.00080128205128,mimic,CM,Baseline-Decay,42,0.1
1410,88.1610576923077,mimic,CM,Baseline-Decay,42,0.1
1440,88.10096153846153,mimic,CM,Baseline-Decay,42,0.1
1470,88.21113782051282,mimic,CM,Baseline-Decay,42,0.1
1500,88.2011217948718,mimic,CM,Baseline-Decay,42,0.1
30,83.93429487179488,mimic,KRUM,Baseline-Decay,0,0.1
60,91.4863782051282,mimic,KRUM,Baseline-Decay,0,0.1
90,92.24759615384616,mimic,KRUM,Baseline-Decay,0,0.1
120,93.42948717948718,mimic,KRUM,Baseline-Decay,0,0.1
150,94.23076923076923,mimic,KRUM,Baseline-Decay,0,0.1
180,94.4911858974359,mimic,KRUM,Baseline-Decay,0,0.1
210,94.93189102564102,mimic,KRUM,Baseline-Decay,0,0.1
240,95.49278846153847,mimic,KRUM,Baseline-Decay,0,0.1
270,95.92347756410257,mimic,KRUM,Baseline-Decay,0,0.1
300,95.75320512820512,mimic,KRUM,Baseline-Decay,0,0.1
330,96.1338141025641,mimic,KRUM,Baseline-Decay,0,0.1
360,96.2139423076923,mimic,KRUM,Baseline-Decay,0,0.1
390,96.28405448717949,mimic,KRUM,Baseline-Decay,0,0.1
420,96.5244391025641,mimic,KRUM,Baseline-Decay,0,0.1
450,96.50440705128206,mimic,KRUM,Baseline-Decay,0,0.1
480,96.77483974358974,mimic,KRUM,Baseline-Decay,0,0.1
510,96.88501602564102,mimic,KRUM,Baseline-Decay,0,0.1
540,96.77483974358974,mimic,KRUM,Baseline-Decay,0,0.1
570,96.875,mimic,KRUM,Baseline-Decay,0,0.1
600,97.07532051282051,mimic,KRUM,Baseline-Decay,0,0.1
630,97.07532051282051,mimic,KRUM,Baseline-Decay,0,0.1
660,97.1454326923077,mimic,KRUM,Baseline-Decay,0,0.1
690,97.20552884615384,mimic,KRUM,Baseline-Decay,0,0.1
720,97.31570512820512,mimic,KRUM,Baseline-Decay,0,0.1
750,97.32572115384616,mimic,KRUM,Baseline-Decay,0,0.1
780,97.33573717948718,mimic,KRUM,Baseline-Decay,0,0.1
810,97.31570512820512,mimic,KRUM,Baseline-Decay,0,0.1
840,97.41586538461539,mimic,KRUM,Baseline-Decay,0,0.1
870,97.46594551282051,mimic,KRUM,Baseline-Decay,0,0.1
900,97.67628205128206,mimic,KRUM,Baseline-Decay,0,0.1
930,97.6161858974359,mimic,KRUM,Baseline-Decay,0,0.1
960,97.6963141025641,mimic,KRUM,Baseline-Decay,0,0.1
990,97.71634615384616,mimic,KRUM,Baseline-Decay,0,0.1
1020,97.70633012820512,mimic,KRUM,Baseline-Decay,0,0.1
1050,97.65625,mimic,KRUM,Baseline-Decay,0,0.1
1080,97.68629807692308,mimic,KRUM,Baseline-Decay,0,0.1
1110,97.7764423076923,mimic,KRUM,Baseline-Decay,0,0.1
1140,97.7764423076923,mimic,KRUM,Baseline-Decay,0,0.1
1170,97.9266826923077,mimic,KRUM,Baseline-Decay,0,0.1
1200,97.87660256410257,mimic,KRUM,Baseline-Decay,0,0.1
1230,97.93669871794872,mimic,KRUM,Baseline-Decay,0,0.1
1260,97.78645833333333,mimic,KRUM,Baseline-Decay,0,0.1
1290,97.83653846153847,mimic,KRUM,Baseline-Decay,0,0.1
1320,97.95673076923077,mimic,KRUM,Baseline-Decay,0,0.1
1350,97.81650641025641,mimic,KRUM,Baseline-Decay,0,0.1
1380,97.9667467948718,mimic,KRUM,Baseline-Decay,0,0.1
1410,97.95673076923077,mimic,KRUM,Baseline-Decay,0,0.1
1440,97.98677884615384,mimic,KRUM,Baseline-Decay,0,0.1
1470,98.0869391025641,mimic,KRUM,Baseline-Decay,0,0.1
1500,98.03685897435898,mimic,KRUM,Baseline-Decay,0,0.1
30,16.47636217948718,BF,KRUM,Byz-NSGDM,0,0.005
60,22.896634615384617,BF,KRUM,Byz-NSGDM,0,0.005
90,25.80128205128205,BF,KRUM,Byz-NSGDM,0,0.005
120,27.75440705128205,BF,KRUM,Byz-NSGDM,0,0.005
150,29.056490384615383,BF,KRUM,Byz-NSGDM,0,0.005
180,30.248397435897434,BF,KRUM,Byz-NSGDM,0,0.005
210,31.43028846153846,BF,KRUM,Byz-NSGDM,0,0.005
240,32.66225961538461,BF,KRUM,Byz-NSGDM,0,0.005
270,33.703926282051285,BF,KRUM,Byz-NSGDM,0,0.005
300,34.99599358974359,BF,KRUM,Byz-NSGDM,0,0.005
330,36.14783653846154,BF,KRUM,Byz-NSGDM,0,0.005
360,37.419871794871796,BF,KRUM,Byz-NSGDM,0,0.005
390,38.86217948717949,BF,KRUM,Byz-NSGDM,0,0.005
420,40.26442307692308,BF,KRUM,Byz-NSGDM,0,0.005
450,41.4463141025641,BF,KRUM,Byz-NSGDM,0,0.005
480,42.447916666666664,BF,KRUM,Byz-NSGDM,0,0.005
510,43.40945512820513,BF,KRUM,Byz-NSGDM,0,0.005
540,44.421073717948715,BF,KRUM,Byz-NSGDM,0,0.005
570,45.24238782051282,BF,KRUM,Byz-NSGDM,0,0.005
600,46.10376602564103,BF,KRUM,Byz-NSGDM,0,0.005
630,46.69471153846154,BF,KRUM,Byz-NSGDM,0,0.005
660,47.48597756410256,BF,KRUM,Byz-NSGDM,0,0.005
690,48.0869391025641,BF,KRUM,Byz-NSGDM,0,0.005
720,48.73798076923077,BF,KRUM,Byz-NSGDM,0,0.005
750,49.19871794871795,BF,KRUM,Byz-NSGDM,0,0.005
780,49.67948717948718,BF,KRUM,Byz-NSGDM,0,0.005
810,50.07011217948718,BF,KRUM,Byz-NSGDM,0,0.005
840,50.490785256410255,BF,KRUM,Byz-NSGDM,0,0.005
870,50.87139423076923,BF,KRUM,Byz-NSGDM,0,0.005
900,51.171875,BF,KRUM,Byz-NSGDM,0,0.005
930,51.55248397435897,BF,KRUM,Byz-NSGDM,0,0.005
960,51.81290064102564,BF,KRUM,Byz-NSGDM,0,0.005
990,52.04326923076923,BF,KRUM,Byz-NSGDM,0,0.005
1020,52.213541666666664,BF,KRUM,Byz-NSGDM,0,0.005
1050,52.423878205128204,BF,KRUM,Byz-NSGDM,0,0.005
1080,52.634214743589745,BF,KRUM,Byz-NSGDM,0,0.005
1110,52.85456730769231,BF,KRUM,Byz-NSGDM,0,0.005
1140,53.044871794871796,BF,KRUM,Byz-NSGDM,0,0.005
1170,53.19511217948718,BF,KRUM,Byz-NSGDM,0,0.005
1200,53.385416666666664,BF,KRUM,Byz-NSGDM,0,0.005
1230,53.52564102564103,BF,KRUM,Byz-NSGDM,0,0.005
1260,53.75600961538461,BF,KRUM,Byz-NSGDM,0,0.005
1290,53.97636217948718,BF,KRUM,Byz-NSGDM,0,0.005
1320,54.08653846153846,BF,KRUM,Byz-NSGDM,0,0.005
1350,54.216746794871796,BF,KRUM,Byz-NSGDM,0,0.005
1380,54.28685897435897,BF,KRUM,Byz-NSGDM,0,0.005
1410,54.49719551282051,BF,KRUM,Byz-NSGDM,0,0.005
1440,54.587339743589745,BF,KRUM,Byz-NSGDM,0,0.005
1470,54.73758012820513,BF,KRUM,Byz-NSGDM,0,0.005
1500,54.82772435897436,BF,KRUM,Byz-NSGDM,0,0.005
30,41.49639423076923,LF,CM,Baseline,0,0.001
60,66.85697115384616,LF,CM,Baseline,0,0.001
90,65.625,LF,CM,Baseline,0,0.001
120,75.33052884615384,LF,CM,Baseline,0,0.001
150,82.5020032051282,LF,CM,Baseline,0,0.001
180,76.953125,LF,CM,Baseline,0,0.001
210,78.11498397435898,LF,CM,Baseline,0,0.001
240,79.40705128205128,LF,CM,Baseline,0,0.001
270,79.86778846153847,LF,CM,Baseline,0,0.001
300,80.4286858974359,LF,CM,Baseline,0,0.001
330,80.86939102564102,LF,CM,Baseline,0,0.001
360,81.13982371794872,LF,CM,Baseline,0,0.001
390,81.39022435897436,LF,CM,Baseline,0,0.001
420,81.63060897435898,LF,CM,Baseline,0,0.001
450,81.9511217948718,LF,CM,Baseline,0,0.001
480,82.16145833333333,LF,CM,Baseline,0,0.001
510,82.80248397435898,LF,CM,Baseline,0,0.001
540,82.84254807692308,LF,CM,Baseline,0,0.001
570,82.59214743589743,LF,CM,Baseline,0,0.001
600,82.98277243589743,LF,CM,Baseline,0,0.001
630,83.21314102564102,LF,CM,Baseline,0,0.001
660,83.52363782051282,LF,CM,Baseline,0,0.001
690,83.66386217948718,LF,CM,Baseline,0,0.001
720,84.05448717948718,LF,CM,Baseline,0,0.001
750,83.76402243589743,LF,CM,Baseline,0,0.001
780,84.0645032051282,LF,CM,Baseline,0,0.001
810,84.31490384615384,LF,CM,Baseline,0,0.001
840,84.12459935897436,LF,CM,Baseline,0,0.001
870,84.31490384615384,LF,CM,Baseline,0,0.001
900,84.60536858974359,LF,CM,Baseline,0,0.001
930,84.765625,LF,CM,Baseline,0,0.001
960,84.79567307692308,LF,CM,Baseline,0,0.001
990,84.99599358974359,LF,CM,Baseline,0,0.001
1020,85.0761217948718,LF,CM,Baseline,0,0.001
1050,85.22636217948718,LF,CM,Baseline,0,0.001
1080,85.05608974358974,LF,CM,Baseline,0,0.001
1110,85.17628205128206,LF,CM,Baseline,0,0.001
1140,85.24639423076923,LF,CM,Baseline,0,0.001
1170,85.37660256410257,LF,CM,Baseline,0,0.001
1200,85.6670673076923,LF,CM,Baseline,0,0.001
1230,85.56690705128206,LF,CM,Baseline,0,0.001
1260,85.63701923076923,LF,CM,Baseline,0,0.001
1290,85.38661858974359,LF,CM,Baseline,0,0.001
1320,85.68709935897436,LF,CM,Baseline,0,0.001
1350,85.74719551282051,LF,CM,Baseline,0,0.001
1380,85.6670673076923,LF,CM,Baseline,0,0.001
1410,85.8573717948718,LF,CM,Baseline,0,0.001
1440,85.8173076923077,LF,CM,Baseline,0,0.001
1470,85.91746794871794,LF,CM,Baseline,0,0.001
1500,85.82732371794872,LF,CM,Baseline,0,0.001
30,46.85496794871795,BF,CM,Baseline-Decay,0,0.005
60,65.79527243589743,BF,CM,Baseline-Decay,0,0.005
90,62.04927884615385,BF,CM,Baseline-Decay,0,0.005
120,66.51642628205128,BF,CM,Baseline-Decay,0,0.005
150,70.80328525641026,BF,CM,Baseline-Decay,0,0.005
180,75.34054487179488,BF,CM,Baseline-Decay,0,0.005
210,78.23517628205128,BF,CM,Baseline-Decay,0,0.005
240,73.1670673076923,BF,CM,Baseline-Decay,0,0.005
270,74.75961538461539,BF,CM,Baseline-Decay,0,0.005
300,75.6610576923077,BF,CM,Baseline-Decay,0,0.005
330,75.98157051282051,BF,CM,Baseline-Decay,0,0.005
360,76.6426282051282,BF,CM,Baseline-Decay,0,0.005
390,77.02323717948718,BF,CM,Baseline-Decay,0,0.005
420,77.21354166666667,BF,CM,Baseline-Decay,0,0.005
450,77.60416666666667,BF,CM,Baseline-Decay,0,0.005
480,77.86458333333333,BF,CM,Baseline-Decay,0,0.005
510,78.26522435897436,BF,CM,Baseline-Decay,0,0.005
540,78.50560897435898,BF,CM,Baseline-Decay,0,0.005
570,78.79607371794872,BF,CM,Baseline-Decay,0,0.005
600,78.9463141025641,BF,CM,Baseline-Decay,0,0.005
630,79.13661858974359,BF,CM,Baseline-Decay,0,0.005
660,79.32692307692308,BF,CM,Baseline-Decay,0,0.005
690,79.38701923076923,BF,CM,Baseline-Decay,0,0.005
720,79.62740384615384,BF,CM,Baseline-Decay,0,0.005
750,79.73758012820512,BF,CM,Baseline-Decay,0,0.005
780,79.7676282051282,BF,CM,Baseline-Decay,0,0.005
810,79.9579326923077,BF,CM,Baseline-Decay,0,0.005
840,79.97796474358974,BF,CM,Baseline-Decay,0,0.005
870,80.04807692307692,BF,CM,Baseline-Decay,0,0.005
900,80.18830128205128,BF,CM,Baseline-Decay,0,0.005
930,80.40865384615384,BF,CM,Baseline-Decay,0,0.005
960,80.41866987179488,BF,CM,Baseline-Decay,0,0.005
990,80.3886217948718,BF,CM,Baseline-Decay,0,0.005
1020,80.41866987179488,BF,CM,Baseline-Decay,0,0.005
1050,80.60897435897436,BF,CM,Baseline-Decay,0,0.005
1080,80.66907051282051,BF,CM,Baseline-Decay,0,0.005
1110,80.63902243589743,BF,CM,Baseline-Decay,0,0.005
1140,80.72916666666667,BF,CM,Baseline-Decay,0,0.005
1170,80.72916666666667,BF,CM,Baseline-Decay,0,0.005
1200,80.72916666666667,BF,CM,Baseline-Decay,0,0.005
1230,80.86939102564102,BF,CM,Baseline-Decay,0,0.005
1260,80.96955128205128,BF,CM,Baseline-Decay,0,0.005
1290,80.96955128205128,BF,CM,Baseline-Decay,0,0.005
1320,81.00961538461539,BF,CM,Baseline-Decay,0,0.005
1350,81.1298076923077,BF,CM,Baseline-Decay,0,0.005
1380,81.15985576923077,BF,CM,Baseline-Decay,0,0.005
1410,81.11979166666667,BF,CM,Baseline-Decay,0,0.005
1440,81.17988782051282,BF,CM,Baseline-Decay,0,0.005
1470,81.2900641025641,BF,CM,Baseline-Decay,0,0.005
1500,81.3301282051282,BF,CM,Baseline-Decay,0,0.005
30,45.17227564102564,mimic,RFA,Baseline,42,0.002
60,70.48277243589743,mimic,RFA,Baseline,42,0.002
90,74.59935897435898,mimic,RFA,Baseline,42,0.002
120,78.65584935897436,mimic,RFA,Baseline,42,0.002
150,80.59895833333333,mimic,RFA,Baseline,42,0.002
180,81.5204326923077,mimic,RFA,Baseline,42,0.002
210,81.94110576923077,mimic,RFA,Baseline,42,0.002
240,82.66225961538461,mimic,RFA,Baseline,42,0.002
270,82.91266025641026,mimic,RFA,Baseline,42,0.002
300,83.2431891025641,mimic,RFA,Baseline,42,0.002
330,83.52363782051282,mimic,RFA,Baseline,42,0.002
360,83.84415064102564,mimic,RFA,Baseline,42,0.002
390,83.984375,mimic,RFA,Baseline,42,0.002
420,84.38501602564102,mimic,RFA,Baseline,42,0.002
450,84.79567307692308,mimic,RFA,Baseline,42,0.002
480,84.54527243589743,mimic,RFA,Baseline,42,0.002
510,85.17628205128206,mimic,RFA,Baseline,42,0.002
540,84.91586538461539,mimic,RFA,Baseline,42,0.002
570,85.0761217948718,mimic,RFA,Baseline,42,0.002
600,85.1963141025641,mimic,RFA,Baseline,42,0.002
630,85.57692307692308,mimic,RFA,Baseline,42,0.002
660,85.60697115384616,mimic,RFA,Baseline,42,0.002
690,85.84735576923077,mimic,RFA,Baseline,42,0.002
720,86.21794871794872,mimic,RFA,Baseline,42,0.002
750,85.91746794871794,mimic,RFA,Baseline,42,0.002
780,86.33814102564102,mimic,RFA,Baseline,42,0.002
810,86.27804487179488,mimic,RFA,Baseline,42,0.002
840,86.35817307692308,mimic,RFA,Baseline,42,0.002
870,86.47836538461539,mimic,RFA,Baseline,42,0.002
900,86.77884615384616,mimic,RFA,Baseline,42,0.002
930,86.66866987179488,mimic,RFA,Baseline,42,0.002
960,86.7988782051282,mimic,RFA,Baseline,42,0.002
990,86.87900641025641,mimic,RFA,Baseline,42,0.002
1020,86.78886217948718,mimic,RFA,Baseline,42,0.002
1050,86.94911858974359,mimic,RFA,Baseline,42,0.002
1080,86.76883012820512,mimic,RFA,Baseline,42,0.002
1110,87.05929487179488,mimic,RFA,Baseline,42,0.002
1140,86.96915064102564,mimic,RFA,Baseline,42,0.002
1170,87.03926282051282,mimic,RFA,Baseline,42,0.002
1200,87.25961538461539,mimic,RFA,Baseline,42,0.002
1230,87.19951923076923,mimic,RFA,Baseline,42,0.002
1260,87.21955128205128,mimic,RFA,Baseline,42,0.002
1290,87.13942307692308,mimic,RFA,Baseline,42,0.002
1320,87.31971153846153,mimic,RFA,Baseline,42,0.002
1350,87.3798076923077,mimic,RFA,Baseline,42,0.002
1380,86.88902243589743,mimic,RFA,Baseline,42,0.002
1410,87.2295673076923,mimic,RFA,Baseline,42,0.002
1440,87.36979166666667,mimic,RFA,Baseline,42,0.002
1470,87.5400641025641,mimic,RFA,Baseline,42,0.002
1500,87.61017628205128,mimic,RFA,Baseline,42,0.002
30,79.39703525641026,mimic,CM,Byz-NSGDM,0,0.2
60,87.73036858974359,mimic,CM,Byz-NSGDM,0,0.2
90,90.13421474358974,mimic,CM,Byz-NSGDM,0,0.2
120,91.45633012820512,mimic,CM,Byz-NSGDM,0,0.2
150,92.4579326923077,mimic,CM,Byz-NSGDM,0,0.2
180,93.33934294871794,mimic,CM,Byz-NSGDM,0,0.2
210,93.359375,mimic,CM,Byz-NSGDM,0,0.2
240,93.78004807692308,mimic,CM,Byz-NSGDM,0,0.2
270,94.48116987179488,mimic,CM,Byz-NSGDM,0,0.2
300,94.51121794871794,mimic,CM,Byz-NSGDM,0,0.2
330,95.24238782051282,mimic,CM,Byz-NSGDM,0,0.2
360,95.3525641025641,mimic,CM,Byz-NSGDM,0,0.2
390,95.2323717948718,mimic,CM,Byz-NSGDM,0,0.2
420,95.6229967948718,mimic,CM,Byz-NSGDM,0,0.2
450,95.51282051282051,mimic,CM,Byz-NSGDM,0,0.2
480,95.87339743589743,mimic,CM,Byz-NSGDM,0,0.2
510,96.10376602564102,mimic,CM,Byz-NSGDM,0,0.2
540,95.65304487179488,mimic,CM,Byz-NSGDM,0,0.2
570,96.00360576923077,mimic,CM,Byz-NSGDM,0,0.2
600,96.04366987179488,mimic,CM,Byz-NSGDM,0,0.2
630,96.41426282051282,mimic,CM,Byz-NSGDM,0,0.2
660,96.24399038461539,mimic,CM,Byz-NSGDM,0,0.2
690,96.10376602564102,mimic,CM,Byz-NSGDM,0,0.2
720,96.53445512820512,mimic,CM,Byz-NSGDM,0,0.2
750,96.43429487179488,mimic,CM,Byz-NSGDM,0,0.2
780,96.42427884615384,mimic,CM,Byz-NSGDM,0,0.2
810,96.57451923076923,mimic,CM,Byz-NSGDM,0,0.2
840,96.5244391025641,mimic,CM,Byz-NSGDM,0,0.2
870,96.90504807692308,mimic,CM,Byz-NSGDM,0,0.2
900,96.93509615384616,mimic,CM,Byz-NSGDM,0,0.2
930,96.875,mimic,CM,Byz-NSGDM,0,0.2
960,97.00520833333333,mimic,CM,Byz-NSGDM,0,0.2
990,96.90504807692308,mimic,CM,Byz-NSGDM,0,0.2
1020,96.96514423076923,mimic,CM,Byz-NSGDM,0,0.2
1050,96.7548076923077,mimic,CM,Byz-NSGDM,0,0.2
1080,97.16546474358974,mimic,CM,Byz-NSGDM,0,0.2
1110,97.11538461538461,mimic,CM,Byz-NSGDM,0,0.2
1140,97.32572115384616,mimic,CM,Byz-NSGDM,0,0.2
1170,97.27564102564102,mimic,CM,Byz-NSGDM,0,0.2
1200,97.35576923076923,mimic,CM,Byz-NSGDM,0,0.2
1230,97.28565705128206,mimic,CM,Byz-NSGDM,0,0.2
1260,97.2255608974359,mimic,CM,Byz-NSGDM,0,0.2
1290,97.1454326923077,mimic,CM,Byz-NSGDM,0,0.2
1320,97.28565705128206,mimic,CM,Byz-NSGDM,0,0.2
1350,97.32572115384616,mimic,CM,Byz-NSGDM,0,0.2
1380,97.41586538461539,mimic,CM,Byz-NSGDM,0,0.2
1410,97.58613782051282,mimic,CM,Byz-NSGDM,0,0.2
1440,97.5360576923077,mimic,CM,Byz-NSGDM,0,0.2
1470,97.56610576923077,mimic,CM,Byz-NSGDM,0,0.2
1500,97.60616987179488,mimic,CM,Byz-NSGDM,0,0.2
30,65.05408653846153,LF,RFA,Baseline,0,0.005
60,72.76642628205128,LF,RFA,Baseline,0,0.005
90,79.75761217948718,LF,RFA,Baseline,0,0.005
120,82.03125,LF,RFA,Baseline,0,0.005
150,83.27323717948718,LF,RFA,Baseline,0,0.005
180,83.9042467948718,LF,RFA,Baseline,0,0.005
210,84.54527243589743,LF,RFA,Baseline,0,0.005
240,85.15625,LF,RFA,Baseline,0,0.005
30,22.10536858974359,mimic,CM,Byz-NSGDM,0,0.005
60,27.84455128205128,mimic,CM,Byz-NSGDM,0,0.005
90,30.528846153846153,mimic,CM,Byz-NSGDM,0,0.005
120,32.63221153846154,mimic,CM,Byz-NSGDM,0,0.005
150,36.30809294871795,mimic,CM,Byz-NSGDM,0,0.005
180,39.8036858974359,mimic,CM,Byz-NSGDM,0,0.005
210,42.56810897435897,mimic,CM,Byz-NSGDM,0,0.005
240,44.220753205128204,mimic,CM,Byz-NSGDM,0,0.005
270,45.46274038461539,mimic,CM,Byz-NSGDM,0,0.005
300,46.46434294871795,mimic,CM,Byz-NSGDM,0,0.005
330,47.62620192307692,mimic,CM,Byz-NSGDM,0,0.005
360,48.57772435897436,mimic,CM,Byz-NSGDM,0,0.005
390,49.58934294871795,mimic,CM,Byz-NSGDM,0,0.005
420,50.40064102564103,mimic,CM,Byz-NSGDM,0,0.005
450,51.19190705128205,mimic,CM,Byz-NSGDM,0,0.005
480,51.88301282051282,mimic,CM,Byz-NSGDM,0,0.005
510,52.48397435897436,mimic,CM,Byz-NSGDM,0,0.005
540,53.11498397435897,mimic,CM,Byz-NSGDM,0,0.005
570,53.776041666666664,mimic,CM,Byz-NSGDM,0,0.005
600,54.397035256410255,mimic,CM,Byz-NSGDM,0,0.005
630,54.947916666666664,mimic,CM,Byz-NSGDM,0,0.005
660,55.47876602564103,mimic,CM,Byz-NSGDM,0,0.005
690,56.08974358974359,mimic,CM,Byz-NSGDM,0,0.005
720,56.61057692307692,mimic,CM,Byz-NSGDM,0,0.005
750,57.01121794871795,mimic,CM,Byz-NSGDM,0,0.005
780,57.37179487179487,mimic,CM,Byz-NSGDM,0,0.005
810,57.64222756410256,mimic,CM,Byz-NSGDM,0,0.005
840,57.76241987179487,mimic,CM,Byz-NSGDM,0,0.005
870,57.86258012820513,mimic,CM,Byz-NSGDM,0,0.005
900,57.682291666666664,mimic,CM,Byz-NSGDM,0,0.005
930,57.3818108974359,mimic,CM,Byz-NSGDM,0,0.005
960,57.21153846153846,mimic,CM,Byz-NSGDM,0,0.005
990,57.20152243589744,mimic,CM,Byz-NSGDM,0,0.005
1020,57.05128205128205,mimic,CM,Byz-NSGDM,0,0.005
1050,56.86097756410256,mimic,CM,Byz-NSGDM,0,0.005
1080,56.6005608974359,mimic,CM,Byz-NSGDM,0,0.005
1110,56.57051282051282,mimic,CM,Byz-NSGDM,0,0.005
1140,56.44030448717949,mimic,CM,Byz-NSGDM,0,0.005
1170,56.2900641025641,mimic,CM,Byz-NSGDM,0,0.005
1200,56.15985576923077,mimic,CM,Byz-NSGDM,0,0.005
1230,55.73918269230769,mimic,CM,Byz-NSGDM,0,0.005
1260,55.30849358974359,mimic,CM,Byz-NSGDM,0,0.005
1290,55.00801282051282,mimic,CM,Byz-NSGDM,0,0.005
1320,54.63741987179487,mimic,CM,Byz-NSGDM,0,0.005
1350,54.186698717948715,mimic,CM,Byz-NSGDM,0,0.005
1380,53.87620192307692,mimic,CM,Byz-NSGDM,0,0.005
1410,53.5556891025641,mimic,CM,Byz-NSGDM,0,0.005
1440,53.044871794871796,mimic,CM,Byz-NSGDM,0,0.005
1470,52.443910256410255,mimic,CM,Byz-NSGDM,0,0.005
1500,51.77283653846154,mimic,CM,Byz-NSGDM,0,0.005
30,71.09375,BF,RFA,Byz-NSGDM,123,0.1
60,75.7011217948718,BF,RFA,Byz-NSGDM,123,0.1
90,88.13100961538461,BF,RFA,Byz-NSGDM,123,0.1
120,88.2011217948718,BF,RFA,Byz-NSGDM,123,0.1
150,83.52363782051282,BF,RFA,Byz-NSGDM,123,0.1
180,81.44030448717949,BF,RFA,Byz-NSGDM,123,0.1
210,82.52203525641026,BF,RFA,Byz-NSGDM,123,0.1
240,83.7139423076923,BF,RFA,Byz-NSGDM,123,0.1
270,83.64383012820512,BF,RFA,Byz-NSGDM,123,0.1
300,83.66386217948718,BF,RFA,Byz-NSGDM,123,0.1
330,84.22475961538461,BF,RFA,Byz-NSGDM,123,0.1
360,84.53525641025641,BF,RFA,Byz-NSGDM,123,0.1
390,84.375,BF,RFA,Byz-NSGDM,123,0.1
420,84.86578525641026,BF,RFA,Byz-NSGDM,123,0.1
450,84.92588141025641,BF,RFA,Byz-NSGDM,123,0.1
480,84.93589743589743,BF,RFA,Byz-NSGDM,123,0.1
510,85.2764423076923,BF,RFA,Byz-NSGDM,123,0.1
540,85.31650641025641,BF,RFA,Byz-NSGDM,123,0.1
570,85.28645833333333,BF,RFA,Byz-NSGDM,123,0.1
600,85.38661858974359,BF,RFA,Byz-NSGDM,123,0.1
630,85.72716346153847,BF,RFA,Byz-NSGDM,123,0.1
660,85.67708333333333,BF,RFA,Byz-NSGDM,123,0.1
690,85.78725961538461,BF,RFA,Byz-NSGDM,123,0.1
720,85.87740384615384,BF,RFA,Byz-NSGDM,123,0.1
750,85.5869391025641,BF,RFA,Byz-NSGDM,123,0.1
780,85.83733974358974,BF,RFA,Byz-NSGDM,123,0.1
810,85.83733974358974,BF,RFA,Byz-NSGDM,123,0.1
840,85.87740384615384,BF,RFA,Byz-NSGDM,123,0.1
870,85.9775641025641,BF,RFA,Byz-NSGDM,123,0.1
900,85.8974358974359,BF,RFA,Byz-NSGDM,123,0.1
930,85.95753205128206,BF,RFA,Byz-NSGDM,123,0.1
960,86.3681891025641,BF,RFA,Byz-NSGDM,123,0.1
990,86.33814102564102,BF,RFA,Byz-NSGDM,123,0.1
1020,86.09775641025641,BF,RFA,Byz-NSGDM,123,0.1
1050,86.0576923076923,BF,RFA,Byz-NSGDM,123,0.1
1080,86.2479967948718,BF,RFA,Byz-NSGDM,123,0.1
1110,86.14783653846153,BF,RFA,Byz-NSGDM,123,0.1
1140,86.29807692307692,BF,RFA,Byz-NSGDM,123,0.1
1170,86.25801282051282,BF,RFA,Byz-NSGDM,123,0.1
1200,86.19791666666667,BF,RFA,Byz-NSGDM,123,0.1
1230,86.07772435897436,BF,RFA,Byz-NSGDM,123,0.1
1260,86.35817307692308,BF,RFA,Byz-NSGDM,123,0.1
1290,86.03766025641026,BF,RFA,Byz-NSGDM,123,0.1
1320,86.25801282051282,BF,RFA,Byz-NSGDM,123,0.1
1350,86.49839743589743,BF,RFA,Byz-NSGDM,123,0.1
1380,85.98758012820512,BF,RFA,Byz-NSGDM,123,0.1
1410,86.06770833333333,BF,RFA,Byz-NSGDM,123,0.1
1440,85.94751602564102,BF,RFA,Byz-NSGDM,123,0.1
1470,86.17788461538461,BF,RFA,Byz-NSGDM,123,0.1
1500,86.19791666666667,BF,RFA,Byz-NSGDM,123,0.1
30,77.60416666666667,BF,RFA,Baseline-Decay,0,0.2
60,84.61538461538461,BF,RFA,Baseline-Decay,0,0.2
90,85.73717948717949,BF,RFA,Baseline-Decay,0,0.2
120,83.89423076923077,BF,RFA,Baseline-Decay,0,0.2
150,78.35536858974359,BF,RFA,Baseline-Decay,0,0.2
180,9.815705128205128,BF,RFA,Baseline-Decay,0,0.2
210,9.815705128205128,BF,RFA,Baseline-Decay,0,0.2
240,9.815705128205128,BF,RFA,Baseline-Decay,0,0.2
270,9.815705128205128,BF,RFA,Baseline-Decay,0,0.2
300,9.815705128205128,BF,RFA,Baseline-Decay,0,0.2
330,9.815705128205128,BF,RFA,Baseline-Decay,0,0.2
360,9.815705128205128,BF,RFA,Baseline-Decay,0,0.2
390,9.815705128205128,BF,RFA,Baseline-Decay,0,0.2
420,9.815705128205128,BF,RFA,Baseline-Decay,0,0.2
450,9.815705128205128,BF,RFA,Baseline-Decay,0,0.2
480,9.815705128205128,BF,RFA,Baseline-Decay,0,0.2
510,9.815705128205128,BF,RFA,Baseline-Decay,0,0.2
540,9.815705128205128,BF,RFA,Baseline-Decay,0,0.2
570,9.815705128205128,BF,RFA,Baseline-Decay,0,0.2
600,9.815705128205128,BF,RFA,Baseline-Decay,0,0.2
630,9.815705128205128,BF,RFA,Baseline-Decay,0,0.2
660,9.815705128205128,BF,RFA,Baseline-Decay,0,0.2
690,9.815705128205128,BF,RFA,Baseline-Decay,0,0.2
720,9.815705128205128,BF,RFA,Baseline-Decay,0,0.2
750,9.815705128205128,BF,RFA,Baseline-Decay,0,0.2
780,9.815705128205128,BF,RFA,Baseline-Decay,0,0.2
810,9.815705128205128,BF,RFA,Baseline-Decay,0,0.2
840,9.815705128205128,BF,RFA,Baseline-Decay,0,0.2
870,9.815705128205128,BF,RFA,Baseline-Decay,0,0.2
900,9.815705128205128,BF,RFA,Baseline-Decay,0,0.2
930,9.815705128205128,BF,RFA,Baseline-Decay,0,0.2
960,9.815705128205128,BF,RFA,Baseline-Decay,0,0.2
990,9.815705128205128,BF,RFA,Baseline-Decay,0,0.2
1020,9.815705128205128,BF,RFA,Baseline-Decay,0,0.2
1050,9.815705128205128,BF,RFA,Baseline-Decay,0,0.2
1080,9.815705128205128,BF,RFA,Baseline-Decay,0,0.2
1110,9.815705128205128,BF,RFA,Baseline-Decay,0,0.2
1140,9.815705128205128,BF,RFA,Baseline-Decay,0,0.2
1170,9.815705128205128,BF,RFA,Baseline-Decay,0,0.2
1200,9.815705128205128,BF,RFA,Baseline-Decay,0,0.2
1230,9.815705128205128,BF,RFA,Baseline-Decay,0,0.2
1260,9.815705128205128,BF,RFA,Baseline-Decay,0,0.2
1290,9.815705128205128,BF,RFA,Baseline-Decay,0,0.2
1320,9.815705128205128,BF,RFA,Baseline-Decay,0,0.2
1350,9.815705128205128,BF,RFA,Baseline-Decay,0,0.2
1380,9.815705128205128,BF,RFA,Baseline-Decay,0,0.2
1410,9.815705128205128,BF,RFA,Baseline-Decay,0,0.2
1440,9.815705128205128,BF,RFA,Baseline-Decay,0,0.2
1470,9.815705128205128,BF,RFA,Baseline-Decay,0,0.2
1500,9.815705128205128,BF,RFA,Baseline-Decay,0,0.2
30,9.815705128205128,LF,KRUM,Baseline-Decay,0,0.5
60,9.815705128205128,LF,KRUM,Baseline-Decay,0,0.5
90,9.815705128205128,LF,KRUM,Baseline-Decay,0,0.5
120,9.815705128205128,LF,KRUM,Baseline-Decay,0,0.5
150,9.815705128205128,LF,KRUM,Baseline-Decay,0,0.5
180,9.815705128205128,LF,KRUM,Baseline-Decay,0,0.5
210,9.815705128205128,LF,KRUM,Baseline-Decay,0,0.5
240,9.815705128205128,LF,KRUM,Baseline-Decay,0,0.5
270,9.815705128205128,LF,KRUM,Baseline-Decay,0,0.5
300,9.815705128205128,LF,KRUM,Baseline-Decay,0,0.5
330,9.815705128205128,LF,KRUM,Baseline-Decay,0,0.5
360,9.815705128205128,LF,KRUM,Baseline-Decay,0,0.5
390,9.815705128205128,LF,KRUM,Baseline-Decay,0,0.5
420,9.815705128205128,LF,KRUM,Baseline-Decay,0,0.5
450,9.815705128205128,LF,KRUM,Baseline-Decay,0,0.5
480,9.815705128205128,LF,KRUM,Baseline-Decay,0,0.5
510,9.815705128205128,LF,KRUM,Baseline-Decay,0,0.5
540,9.815705128205128,LF,KRUM,Baseline-Decay,0,0.5
570,9.815705128205128,LF,KRUM,Baseline-Decay,0,0.5
600,9.815705128205128,LF,KRUM,Baseline-Decay,0,0.5
630,9.815705128205128,LF,KRUM,Baseline-Decay,0,0.5
660,9.815705128205128,LF,KRUM,Baseline-Decay,0,0.5
690,9.815705128205128,LF,KRUM,Baseline-Decay,0,0.5
720,9.815705128205128,LF,KRUM,Baseline-Decay,0,0.5
750,9.815705128205128,LF,KRUM,Baseline-Decay,0,0.5
780,9.815705128205128,LF,KRUM,Baseline-Decay,0,0.5
810,9.815705128205128,LF,KRUM,Baseline-Decay,0,0.5
840,9.815705128205128,LF,KRUM,Baseline-Decay,0,0.5
870,9.815705128205128,LF,KRUM,Baseline-Decay,0,0.5
900,9.815705128205128,LF,KRUM,Baseline-Decay,0,0.5
930,9.815705128205128,LF,KRUM,Baseline-Decay,0,0.5
960,9.815705128205128,LF,KRUM,Baseline-Decay,0,0.5
990,9.815705128205128,LF,KRUM,Baseline-Decay,0,0.5
1020,9.815705128205128,LF,KRUM,Baseline-Decay,0,0.5
1050,9.815705128205128,LF,KRUM,Baseline-Decay,0,0.5
1080,9.815705128205128,LF,KRUM,Baseline-Decay,0,0.5
1110,9.815705128205128,LF,KRUM,Baseline-Decay,0,0.5
1140,9.815705128205128,LF,KRUM,Baseline-Decay,0,0.5
1170,9.815705128205128,LF,KRUM,Baseline-Decay,0,0.5
1200,9.815705128205128,LF,KRUM,Baseline-Decay,0,0.5
1230,9.815705128205128,LF,KRUM,Baseline-Decay,0,0.5
1260,9.815705128205128,LF,KRUM,Baseline-Decay,0,0.5
1290,9.815705128205128,LF,KRUM,Baseline-Decay,0,0.5
1320,9.815705128205128,LF,KRUM,Baseline-Decay,0,0.5
1350,9.815705128205128,LF,KRUM,Baseline-Decay,0,0.5
1380,9.815705128205128,LF,KRUM,Baseline-Decay,0,0.5
1410,9.815705128205128,LF,KRUM,Baseline-Decay,0,0.5
1440,9.815705128205128,LF,KRUM,Baseline-Decay,0,0.5
1470,9.815705128205128,LF,KRUM,Baseline-Decay,0,0.5
1500,9.815705128205128,LF,KRUM,Baseline-Decay,0,0.5
30,60.256410256410255,mimic,RFA,Byz-NSGDM,42,0.1
60,71.19391025641026,mimic,RFA,Byz-NSGDM,42,0.1
90,80.75921474358974,mimic,RFA,Byz-NSGDM,42,0.1
120,85.32652243589743,mimic,RFA,Byz-NSGDM,42,0.1
150,88.0108173076923,mimic,RFA,Byz-NSGDM,42,0.1
180,89.71354166666667,mimic,RFA,Byz-NSGDM,42,0.1
210,89.84375,mimic,RFA,Byz-NSGDM,42,0.1
240,90.45472756410257,mimic,RFA,Byz-NSGDM,42,0.1
270,90.88541666666667,mimic,RFA,Byz-NSGDM,42,0.1
300,90.8954326923077,mimic,RFA,Byz-NSGDM,42,0.1
330,91.63661858974359,mimic,RFA,Byz-NSGDM,42,0.1
360,91.78685897435898,mimic,RFA,Byz-NSGDM,42,0.1
390,91.99719551282051,mimic,RFA,Byz-NSGDM,42,0.1
420,92.58814102564102,mimic,RFA,Byz-NSGDM,42,0.1
450,92.99879807692308,mimic,RFA,Byz-NSGDM,42,0.1
480,92.42788461538461,mimic,RFA,Byz-NSGDM,42,0.1
510,93.17908653846153,mimic,RFA,Byz-NSGDM,42,0.1
540,92.95873397435898,mimic,RFA,Byz-NSGDM,42,0.1
570,93.29927884615384,mimic,RFA,Byz-NSGDM,42,0.1
600,93.25921474358974,mimic,RFA,Byz-NSGDM,42,0.1
630,93.77003205128206,mimic,RFA,Byz-NSGDM,42,0.1
660,93.76001602564102,mimic,RFA,Byz-NSGDM,42,0.1
690,94.1005608974359,mimic,RFA,Byz-NSGDM,42,0.1
720,94.11057692307692,mimic,RFA,Byz-NSGDM,42,0.1
750,94.24078525641026,mimic,RFA,Byz-NSGDM,42,0.1
780,94.1806891025641,mimic,RFA,Byz-NSGDM,42,0.1
810,94.2608173076923,mimic,RFA,Byz-NSGDM,42,0.1
840,94.59134615384616,mimic,RFA,Byz-NSGDM,42,0.1
870,94.46113782051282,mimic,RFA,Byz-NSGDM,42,0.1
900,94.70152243589743,mimic,RFA,Byz-NSGDM,42,0.1
930,94.60136217948718,mimic,RFA,Byz-NSGDM,42,0.1
960,94.81169871794872,mimic,RFA,Byz-NSGDM,42,0.1
990,94.74158653846153,mimic,RFA,Byz-NSGDM,42,0.1
1020,94.76161858974359,mimic,RFA,Byz-NSGDM,42,0.1
1050,95.11217948717949,mimic,RFA,Byz-NSGDM,42,0.1
1080,95.07211538461539,mimic,RFA,Byz-NSGDM,42,0.1
1110,95.18229166666667,mimic,RFA,Byz-NSGDM,42,0.1
1140,95.13221153846153,mimic,RFA,Byz-NSGDM,42,0.1
1170,95.41266025641026,mimic,RFA,Byz-NSGDM,42,0.1
1200,95.20232371794872,mimic,RFA,Byz-NSGDM,42,0.1
1230,95.25240384615384,mimic,RFA,Byz-NSGDM,42,0.1
1260,95.11217948717949,mimic,RFA,Byz-NSGDM,42,0.1
1290,95.26241987179488,mimic,RFA,Byz-NSGDM,42,0.1
1320,95.29246794871794,mimic,RFA,Byz-NSGDM,42,0.1
1350,95.30248397435898,mimic,RFA,Byz-NSGDM,42,0.1
1380,95.30248397435898,mimic,RFA,Byz-NSGDM,42,0.1
1410,95.33253205128206,mimic,RFA,Byz-NSGDM,42,0.1
1440,95.55288461538461,mimic,RFA,Byz-NSGDM,42,0.1
1470,95.7431891025641,mimic,RFA,Byz-NSGDM,42,0.1
1500,95.71314102564102,mimic,RFA,Byz-NSGDM,42,0.1
30,82.03125,LF,RFA,Byz-NSGDM,42,0.5
60,84.3349358974359,LF,RFA,Byz-NSGDM,42,0.5
90,86.0176282051282,LF,RFA,Byz-NSGDM,42,0.5
120,86.4483173076923,LF,RFA,Byz-NSGDM,42,0.5
150,86.89903846153847,LF,RFA,Byz-NSGDM,42,0.5
180,87.5,LF,RFA,Byz-NSGDM,42,0.5
210,87.68028846153847,LF,RFA,Byz-NSGDM,42,0.5
240,88.00080128205128,LF,RFA,Byz-NSGDM,42,0.5
270,88.13100961538461,LF,RFA,Byz-NSGDM,42,0.5
300,88.22115384615384,LF,RFA,Byz-NSGDM,42,0.5
330,88.37139423076923,LF,RFA,Byz-NSGDM,42,0.5
360,88.44150641025641,LF,RFA,Byz-NSGDM,42,0.5
390,88.34134615384616,LF,RFA,Byz-NSGDM,42,0.5
420,88.64182692307692,LF,RFA,Byz-NSGDM,42,0.5
450,88.61177884615384,LF,RFA,Byz-NSGDM,42,0.5
480,88.54166666666667,LF,RFA,Byz-NSGDM,42,0.5
510,88.54166666666667,LF,RFA,Byz-NSGDM,42,0.5
540,88.671875,LF,RFA,Byz-NSGDM,42,0.5
570,88.73197115384616,LF,RFA,Byz-NSGDM,42,0.5
600,88.7119391025641,LF,RFA,Byz-NSGDM,42,0.5
630,88.671875,LF,RFA,Byz-NSGDM,42,0.5
660,88.69190705128206,LF,RFA,Byz-NSGDM,42,0.5
690,88.7920673076923,LF,RFA,Byz-NSGDM,42,0.5
720,88.76201923076923,LF,RFA,Byz-NSGDM,42,0.5
750,88.6318108974359,LF,RFA,Byz-NSGDM,42,0.5
780,88.80208333333333,LF,RFA,Byz-NSGDM,42,0.5
810,88.80208333333333,LF,RFA,Byz-NSGDM,42,0.5
840,88.82211538461539,LF,RFA,Byz-NSGDM,42,0.5
870,88.86217948717949,LF,RFA,Byz-NSGDM,42,0.5
900,88.82211538461539,LF,RFA,Byz-NSGDM,42,0.5
930,88.87219551282051,LF,RFA,Byz-NSGDM,42,0.5
960,88.88221153846153,LF,RFA,Byz-NSGDM,42,0.5
990,88.96233974358974,LF,RFA,Byz-NSGDM,42,0.5
1020,89.03245192307692,LF,RFA,Byz-NSGDM,42,0.5
1050,88.9423076923077,LF,RFA,Byz-NSGDM,42,0.5
1080,89.01241987179488,LF,RFA,Byz-NSGDM,42,0.5
1110,89.00240384615384,LF,RFA,Byz-NSGDM,42,0.5
1140,88.9823717948718,LF,RFA,Byz-NSGDM,42,0.5
1170,88.88221153846153,LF,RFA,Byz-NSGDM,42,0.5
1200,88.97235576923077,LF,RFA,Byz-NSGDM,42,0.5
1230,88.97235576923077,LF,RFA,Byz-NSGDM,42,0.5
1260,89.05248397435898,LF,RFA,Byz-NSGDM,42,0.5
1290,88.96233974358974,LF,RFA,Byz-NSGDM,42,0.5
1320,89.00240384615384,LF,RFA,Byz-NSGDM,42,0.5
1350,88.99238782051282,LF,RFA,Byz-NSGDM,42,0.5
1380,88.87219551282051,LF,RFA,Byz-NSGDM,42,0.5
1410,89.04246794871794,LF,RFA,Byz-NSGDM,42,0.5
1440,89.01241987179488,LF,RFA,Byz-NSGDM,42,0.5
1470,89.07251602564102,LF,RFA,Byz-NSGDM,42,0.5
1500,88.96233974358974,LF,RFA,Byz-NSGDM,42,0.5
30,73.38741987179488,LF,KRUM,Byz-NSGDM,0,0.2
60,79.75761217948718,LF,KRUM,Byz-NSGDM,0,0.2
90,82.62219551282051,LF,KRUM,Byz-NSGDM,0,0.2
120,83.43349358974359,LF,KRUM,Byz-NSGDM,0,0.2
150,84.2548076923077,LF,KRUM,Byz-NSGDM,0,0.2
180,85.0761217948718,LF,KRUM,Byz-NSGDM,0,0.2
210,85.38661858974359,LF,KRUM,Byz-NSGDM,0,0.2
240,85.59695512820512,LF,KRUM,Byz-NSGDM,0,0.2
270,85.75721153846153,LF,KRUM,Byz-NSGDM,0,0.2
300,85.8573717948718,LF,KRUM,Byz-NSGDM,0,0.2
330,86.4082532051282,LF,KRUM,Byz-NSGDM,0,0.2
360,86.27804487179488,LF,KRUM,Byz-NSGDM,0,0.2
390,86.22796474358974,LF,KRUM,Byz-NSGDM,0,0.2
420,86.65865384615384,LF,KRUM,Byz-NSGDM,0,0.2
450,86.48838141025641,LF,KRUM,Byz-NSGDM,0,0.2
480,86.66866987179488,LF,KRUM,Byz-NSGDM,0,0.2
510,86.82892628205128,LF,KRUM,Byz-NSGDM,0,0.2
540,86.74879807692308,LF,KRUM,Byz-NSGDM,0,0.2
570,86.66866987179488,LF,KRUM,Byz-NSGDM,0,0.2
600,86.74879807692308,LF,KRUM,Byz-NSGDM,0,0.2
630,87.0693108974359,LF,KRUM,Byz-NSGDM,0,0.2
660,86.99919871794872,LF,KRUM,Byz-NSGDM,0,0.2
690,87.15945512820512,LF,KRUM,Byz-NSGDM,0,0.2
720,87.24959935897436,LF,KRUM,Byz-NSGDM,0,0.2
750,87.1895032051282,LF,KRUM,Byz-NSGDM,0,0.2
780,87.36979166666667,LF,KRUM,Byz-NSGDM,0,0.2
810,87.30969551282051,LF,KRUM,Byz-NSGDM,0,0.2
840,87.24959935897436,LF,KRUM,Byz-NSGDM,0,0.2
870,87.47996794871794,LF,KRUM,Byz-NSGDM,0,0.2
900,87.44991987179488,LF,KRUM,Byz-NSGDM,0,0.2
930,87.76041666666667,LF,KRUM,Byz-NSGDM,0,0.2
960,87.88060897435898,LF,KRUM,Byz-NSGDM,0,0.2
990,87.68028846153847,LF,KRUM,Byz-NSGDM,0,0.2
1020,87.8104967948718,LF,KRUM,Byz-NSGDM,0,0.2
1050,87.82051282051282,LF,KRUM,Byz-NSGDM,0,0.2
1080,87.87059294871794,LF,KRUM,Byz-NSGDM,0,0.2
1110,87.78044871794872,LF,KRUM,Byz-NSGDM,0,0.2
1140,87.79046474358974,LF,KRUM,Byz-NSGDM,0,0.2
1170,87.75040064102564,LF,KRUM,Byz-NSGDM,0,0.2
1200,88.05088141025641,LF,KRUM,Byz-NSGDM,0,0.2
1230,87.99078525641026,LF,KRUM,Byz-NSGDM,0,0.2
1260,88.05088141025641,LF,KRUM,Byz-NSGDM,0,0.2
1290,87.8104967948718,LF,KRUM,Byz-NSGDM,0,0.2
1320,88.0108173076923,LF,KRUM,Byz-NSGDM,0,0.2
1350,88.06089743589743,LF,KRUM,Byz-NSGDM,0,0.2
1380,87.890625,LF,KRUM,Byz-NSGDM,0,0.2
1410,88.0108173076923,LF,KRUM,Byz-NSGDM,0,0.2
1440,88.10096153846153,LF,KRUM,Byz-NSGDM,0,0.2
1470,88.17107371794872,LF,KRUM,Byz-NSGDM,0,0.2
1500,88.02083333333333,LF,KRUM,Byz-NSGDM,0,0.2
30,81.7608173076923,LF,CM,Byz-NSGDM,0,0.5
60,84.82572115384616,LF,CM,Byz-NSGDM,0,0.5
90,86.4483173076923,LF,CM,Byz-NSGDM,0,0.5
120,87.16947115384616,LF,CM,Byz-NSGDM,0,0.5
150,87.1494391025641,LF,CM,Byz-NSGDM,0,0.5
180,87.72035256410257,LF,CM,Byz-NSGDM,0,0.5
210,88.06089743589743,LF,CM,Byz-NSGDM,0,0.5
240,88.31129807692308,LF,CM,Byz-NSGDM,0,0.5
270,88.21113782051282,LF,CM,Byz-NSGDM,0,0.5
300,88.37139423076923,LF,CM,Byz-NSGDM,0,0.5
330,88.4014423076923,LF,CM,Byz-NSGDM,0,0.5
360,88.54166666666667,LF,CM,Byz-NSGDM,0,0.5
390,88.44150641025641,LF,CM,Byz-NSGDM,0,0.5
420,88.68189102564102,LF,CM,Byz-NSGDM,0,0.5
450,88.671875,LF,CM,Byz-NSGDM,0,0.5
480,88.69190705128206,LF,CM,Byz-NSGDM,0,0.5
510,88.7520032051282,LF,CM,Byz-NSGDM,0,0.5
540,88.72195512820512,LF,CM,Byz-NSGDM,0,0.5
570,88.72195512820512,LF,CM,Byz-NSGDM,0,0.5
600,88.73197115384616,LF,CM,Byz-NSGDM,0,0.5
630,88.70192307692308,LF,CM,Byz-NSGDM,0,0.5
660,88.80208333333333,LF,CM,Byz-NSGDM,0,0.5
690,88.85216346153847,LF,CM,Byz-NSGDM,0,0.5
720,88.77203525641026,LF,CM,Byz-NSGDM,0,0.5
750,88.85216346153847,LF,CM,Byz-NSGDM,0,0.5
780,88.92227564102564,LF,CM,Byz-NSGDM,0,0.5
810,88.89222756410257,LF,CM,Byz-NSGDM,0,0.5
840,88.86217948717949,LF,CM,Byz-NSGDM,0,0.5
870,88.80208333333333,LF,CM,Byz-NSGDM,0,0.5
900,88.83213141025641,LF,CM,Byz-NSGDM,0,0.5
930,88.89222756410257,LF,CM,Byz-NSGDM,0,0.5
960,88.89222756410257,LF,CM,Byz-NSGDM,0,0.5
990,88.90224358974359,LF,CM,Byz-NSGDM,0,0.5
1020,88.9823717948718,LF,CM,Byz-NSGDM,0,0.5
1050,88.87219551282051,LF,CM,Byz-NSGDM,0,0.5
1080,88.92227564102564,LF,CM,Byz-NSGDM,0,0.5
1110,88.92227564102564,LF,CM,Byz-NSGDM,0,0.5
1140,88.93229166666667,LF,CM,Byz-NSGDM,0,0.5
1170,88.82211538461539,LF,CM,Byz-NSGDM,0,0.5
1200,89.03245192307692,LF,CM,Byz-NSGDM,0,0.5
1230,88.86217948717949,LF,CM,Byz-NSGDM,0,0.5
1260,88.97235576923077,LF,CM,Byz-NSGDM,0,0.5
1290,88.97235576923077,LF,CM,Byz-NSGDM,0,0.5
1320,88.92227564102564,LF,CM,Byz-NSGDM,0,0.5
1350,88.89222756410257,LF,CM,Byz-NSGDM,0,0.5
1380,88.90224358974359,LF,CM,Byz-NSGDM,0,0.5
1410,88.9823717948718,LF,CM,Byz-NSGDM,0,0.5
1440,88.95232371794872,LF,CM,Byz-NSGDM,0,0.5
1470,88.97235576923077,LF,CM,Byz-NSGDM,0,0.5
1500,88.96233974358974,LF,CM,Byz-NSGDM,0,0.5
30,87.00921474358974,mimic,RFA,Byz-NSGDM,0,0.5
60,93.21915064102564,mimic,RFA,Byz-NSGDM,0,0.5
90,94.67147435897436,mimic,RFA,Byz-NSGDM,0,0.5
120,96.33413461538461,mimic,RFA,Byz-NSGDM,0,0.5
150,96.55448717948718,mimic,RFA,Byz-NSGDM,0,0.5
180,97.17548076923077,mimic,RFA,Byz-NSGDM,0,0.5
210,97.43589743589743,mimic,RFA,Byz-NSGDM,0,0.5
240,91.58653846153847,mimic,RFA,Byz-NSGDM,0,0.5
270,91.43629807692308,mimic,RFA,Byz-NSGDM,0,0.5
300,91.8770032051282,mimic,RFA,Byz-NSGDM,0,0.5
330,91.65665064102564,mimic,RFA,Byz-NSGDM,0,0.5
360,91.96714743589743,mimic,RFA,Byz-NSGDM,0,0.5
390,91.5264423076923,mimic,RFA,Byz-NSGDM,0,0.5
420,91.796875,mimic,RFA,Byz-NSGDM,0,0.5
450,91.20592948717949,mimic,RFA,Byz-NSGDM,0,0.5
480,90.94551282051282,mimic,RFA,Byz-NSGDM,0,0.5
510,91.10576923076923,mimic,RFA,Byz-NSGDM,0,0.5
540,90.18429487179488,mimic,RFA,Byz-NSGDM,0,0.5
570,90.24439102564102,mimic,RFA,Byz-NSGDM,0,0.5
600,90.30448717948718,mimic,RFA,Byz-NSGDM,0,0.5
630,91.24599358974359,mimic,RFA,Byz-NSGDM,0,0.5
660,91.65665064102564,mimic,RFA,Byz-NSGDM,0,0.5
690,91.04567307692308,mimic,RFA,Byz-NSGDM,0,0.5
720,90.8954326923077,mimic,RFA,Byz-NSGDM,0,0.5
750,90.98557692307692,mimic,RFA,Byz-NSGDM,0,0.5
780,91.0556891025641,mimic,RFA,Byz-NSGDM,0,0.5
810,91.04567307692308,mimic,RFA,Byz-NSGDM,0,0.5
840,90.65504807692308,mimic,RFA,Byz-NSGDM,0,0.5
870,91.74679487179488,mimic,RFA,Byz-NSGDM,0,0.5
900,91.69671474358974,mimic,RFA,Byz-NSGDM,0,0.5
930,91.73677884615384,mimic,RFA,Byz-NSGDM,0,0.5
960,91.7568108974359,mimic,RFA,Byz-NSGDM,0,0.5
990,92.1073717948718,mimic,RFA,Byz-NSGDM,0,0.5
1020,91.7568108974359,mimic,RFA,Byz-NSGDM,0,0.5
1050,92.21754807692308,mimic,RFA,Byz-NSGDM,0,0.5
1080,92.13741987179488,mimic,RFA,Byz-NSGDM,0,0.5
1110,91.8770032051282,mimic,RFA,Byz-NSGDM,0,0.5
1140,91.08573717948718,mimic,RFA,Byz-NSGDM,0,0.5
1170,91.38621794871794,mimic,RFA,Byz-NSGDM,0,0.5
1200,91.68669871794872,mimic,RFA,Byz-NSGDM,0,0.5
1230,91.796875,mimic,RFA,Byz-NSGDM,0,0.5
1260,91.96714743589743,mimic,RFA,Byz-NSGDM,0,0.5
1290,91.9170673076923,mimic,RFA,Byz-NSGDM,0,0.5
1320,91.69671474358974,mimic,RFA,Byz-NSGDM,0,0.5
1350,92.50801282051282,mimic,RFA,Byz-NSGDM,0,0.5
1380,92.25761217948718,mimic,RFA,Byz-NSGDM,0,0.5
1410,92.27764423076923,mimic,RFA,Byz-NSGDM,0,0.5
1440,92.03725961538461,mimic,RFA,Byz-NSGDM,0,0.5
1470,92.21754807692308,mimic,RFA,Byz-NSGDM,0,0.5
1500,92.09735576923077,mimic,RFA,Byz-NSGDM,0,0.5
30,79.6875,LF,CM,Baseline-Decay,0,0.1
60,82.90264423076923,LF,CM,Baseline-Decay,0,0.1
90,84.23477564102564,LF,CM,Baseline-Decay,0,0.1
120,84.91586538461539,LF,CM,Baseline-Decay,0,0.1
150,85.56690705128206,LF,CM,Baseline-Decay,0,0.1
180,85.96754807692308,LF,CM,Baseline-Decay,0,0.1
210,86.0576923076923,LF,CM,Baseline-Decay,0,0.1
240,86.3681891025641,LF,CM,Baseline-Decay,0,0.1
270,86.47836538461539,LF,CM,Baseline-Decay,0,0.1
300,86.51842948717949,LF,CM,Baseline-Decay,0,0.1
330,86.86899038461539,LF,CM,Baseline-Decay,0,0.1
360,87.04927884615384,LF,CM,Baseline-Decay,0,0.1
390,87.1494391025641,LF,CM,Baseline-Decay,0,0.1
420,87.1494391025641,LF,CM,Baseline-Decay,0,0.1
450,87.1895032051282,LF,CM,Baseline-Decay,0,0.1
480,87.30969551282051,LF,CM,Baseline-Decay,0,0.1
510,87.48998397435898,LF,CM,Baseline-Decay,0,0.1
540,87.55008012820512,LF,CM,Baseline-Decay,0,0.1
570,87.5,LF,CM,Baseline-Decay,0,0.1
600,87.59014423076923,LF,CM,Baseline-Decay,0,0.1
630,87.67027243589743,LF,CM,Baseline-Decay,0,0.1
660,87.71033653846153,LF,CM,Baseline-Decay,0,0.1
690,87.79046474358974,LF,CM,Baseline-Decay,0,0.1
720,87.82051282051282,LF,CM,Baseline-Decay,0,0.1
750,87.72035256410257,LF,CM,Baseline-Decay,0,0.1
780,87.8104967948718,LF,CM,Baseline-Decay,0,0.1
810,87.8104967948718,LF,CM,Baseline-Decay,0,0.1
840,87.890625,LF,CM,Baseline-Decay,0,0.1
870,87.90064102564102,LF,CM,Baseline-Decay,0,0.1
900,87.96073717948718,LF,CM,Baseline-Decay,0,0.1
930,88.05088141025641,LF,CM,Baseline-Decay,0,0.1
960,88.04086538461539,LF,CM,Baseline-Decay,0,0.1
990,88.03084935897436,LF,CM,Baseline-Decay,0,0.1
1020,88.14102564102564,LF,CM,Baseline-Decay,0,0.1
1050,88.14102564102564,LF,CM,Baseline-Decay,0,0.1
1080,88.2011217948718,LF,CM,Baseline-Decay,0,0.1
1110,88.10096153846153,LF,CM,Baseline-Decay,0,0.1
1140,88.06089743589743,LF,CM,Baseline-Decay,0,0.1
1170,88.25120192307692,LF,CM,Baseline-Decay,0,0.1
1200,88.27123397435898,LF,CM,Baseline-Decay,0,0.1
1230,88.29126602564102,LF,CM,Baseline-Decay,0,0.1
1260,88.3613782051282,LF,CM,Baseline-Decay,0,0.1
1290,88.22115384615384,LF,CM,Baseline-Decay,0,0.1
1320,88.3213141025641,LF,CM,Baseline-Decay,0,0.1
1350,88.3613782051282,LF,CM,Baseline-Decay,0,0.1
1380,88.37139423076923,LF,CM,Baseline-Decay,0,0.1
1410,88.37139423076923,LF,CM,Baseline-Decay,0,0.1
1440,88.3613782051282,LF,CM,Baseline-Decay,0,0.1
1470,88.4014423076923,LF,CM,Baseline-Decay,0,0.1
1500,88.39142628205128,LF,CM,Baseline-Decay,0,0.1
30,38.171073717948715,mimic,CM,Baseline,123,0.001
60,62.29967948717949,mimic,CM,Baseline,123,0.001
90,73.3974358974359,mimic,CM,Baseline,123,0.001
120,76.6826923076923,mimic,CM,Baseline,123,0.001
150,78.83613782051282,mimic,CM,Baseline,123,0.001
180,80.14823717948718,mimic,CM,Baseline,123,0.001
210,81.11979166666667,mimic,CM,Baseline,123,0.001
240,81.30008012820512,mimic,CM,Baseline,123,0.001
270,82.10136217948718,mimic,CM,Baseline,123,0.001
300,82.21153846153847,mimic,CM,Baseline,123,0.001
330,82.78245192307692,mimic,CM,Baseline,123,0.001
360,82.96274038461539,mimic,CM,Baseline,123,0.001
390,83.09294871794872,mimic,CM,Baseline,123,0.001
420,83.36338141025641,mimic,CM,Baseline,123,0.001
450,83.50360576923077,mimic,CM,Baseline,123,0.001
480,83.64383012820512,mimic,CM,Baseline,123,0.001
510,83.7139423076923,mimic,CM,Baseline,123,0.001
540,83.88421474358974,mimic,CM,Baseline,123,0.001
570,83.89423076923077,mimic,CM,Baseline,123,0.001
600,84.27483974358974,mimic,CM,Baseline,123,0.001
630,84.32491987179488,mimic,CM,Baseline,123,0.001
660,84.48517628205128,mimic,CM,Baseline,123,0.001
690,84.47516025641026,mimic,CM,Baseline,123,0.001
720,84.54527243589743,mimic,CM,Baseline,123,0.001
750,84.6454326923077,mimic,CM,Baseline,123,0.001
780,84.73557692307692,mimic,CM,Baseline,123,0.001
810,84.79567307692308,mimic,CM,Baseline,123,0.001
840,84.98597756410257,mimic,CM,Baseline,123,0.001
870,85.25641025641026,mimic,CM,Baseline,123,0.001
900,85.24639423076923,mimic,CM,Baseline,123,0.001
930,85.40665064102564,mimic,CM,Baseline,123,0.001
960,85.44671474358974,mimic,CM,Baseline,123,0.001
990,85.49679487179488,mimic,CM,Baseline,123,0.001
1020,85.47676282051282,mimic,CM,Baseline,123,0.001
1050,85.65705128205128,mimic,CM,Baseline,123,0.001
1080,85.87740384615384,mimic,CM,Baseline,123,0.001
1110,85.82732371794872,mimic,CM,Baseline,123,0.001
1140,85.64703525641026,mimic,CM,Baseline,123,0.001
1170,86.12780448717949,mimic,CM,Baseline,123,0.001
1200,86.16786858974359,mimic,CM,Baseline,123,0.001
1230,85.91746794871794,mimic,CM,Baseline,123,0.001
1260,86.22796474358974,mimic,CM,Baseline,123,0.001
1290,86.38822115384616,mimic,CM,Baseline,123,0.001
1320,86.25801282051282,mimic,CM,Baseline,123,0.001
1350,86.52844551282051,mimic,CM,Baseline,123,0.001
1380,86.35817307692308,mimic,CM,Baseline,123,0.001
1410,86.42828525641026,mimic,CM,Baseline,123,0.001
1440,86.45833333333333,mimic,CM,Baseline,123,0.001
1470,86.84895833333333,mimic,CM,Baseline,123,0.001
1500,86.38822115384616,mimic,CM,Baseline,123,0.001
30,9.815705128205128,mimic,KRUM,Baseline-Decay,0,1.0
60,9.815705128205128,mimic,KRUM,Baseline-Decay,0,1.0
90,9.815705128205128,mimic,KRUM,Baseline-Decay,0,1.0
120,9.815705128205128,mimic,KRUM,Baseline-Decay,0,1.0
150,9.815705128205128,mimic,KRUM,Baseline-Decay,0,1.0
180,9.815705128205128,mimic,KRUM,Baseline-Decay,0,1.0
210,9.815705128205128,mimic,KRUM,Baseline-Decay,0,1.0
240,9.815705128205128,mimic,KRUM,Baseline-Decay,0,1.0
270,9.815705128205128,mimic,KRUM,Baseline-Decay,0,1.0
300,9.815705128205128,mimic,KRUM,Baseline-Decay,0,1.0
330,9.815705128205128,mimic,KRUM,Baseline-Decay,0,1.0
360,9.815705128205128,mimic,KRUM,Baseline-Decay,0,1.0
390,9.815705128205128,mimic,KRUM,Baseline-Decay,0,1.0
420,9.815705128205128,mimic,KRUM,Baseline-Decay,0,1.0
450,9.815705128205128,mimic,KRUM,Baseline-Decay,0,1.0
480,9.815705128205128,mimic,KRUM,Baseline-Decay,0,1.0
510,9.815705128205128,mimic,KRUM,Baseline-Decay,0,1.0
540,9.815705128205128,mimic,KRUM,Baseline-Decay,0,1.0
570,9.815705128205128,mimic,KRUM,Baseline-Decay,0,1.0
600,9.815705128205128,mimic,KRUM,Baseline-Decay,0,1.0
630,9.815705128205128,mimic,KRUM,Baseline-Decay,0,1.0
660,9.815705128205128,mimic,KRUM,Baseline-Decay,0,1.0
690,9.815705128205128,mimic,KRUM,Baseline-Decay,0,1.0
720,9.815705128205128,mimic,KRUM,Baseline-Decay,0,1.0
750,9.815705128205128,mimic,KRUM,Baseline-Decay,0,1.0
780,9.815705128205128,mimic,KRUM,Baseline-Decay,0,1.0
810,9.815705128205128,mimic,KRUM,Baseline-Decay,0,1.0
840,9.815705128205128,mimic,KRUM,Baseline-Decay,0,1.0
870,9.815705128205128,mimic,KRUM,Baseline-Decay,0,1.0
900,9.815705128205128,mimic,KRUM,Baseline-Decay,0,1.0
30,78.9863782051282,mimic,RFA,Baseline,0,0.01
60,88.50160256410257,mimic,RFA,Baseline,0,0.01
90,90.79527243589743,mimic,RFA,Baseline,0,0.01
120,92.58814102564102,mimic,RFA,Baseline,0,0.01
150,93.0488782051282,mimic,RFA,Baseline,0,0.01
180,94.21073717948718,mimic,RFA,Baseline,0,0.01
210,94.32091346153847,mimic,RFA,Baseline,0,0.01
240,94.66145833333333,mimic,RFA,Baseline,0,0.01
270,95.53285256410257,mimic,RFA,Baseline,0,0.01
300,95.83333333333333,mimic,RFA,Baseline,0,0.01
330,96.2139423076923,mimic,RFA,Baseline,0,0.01
360,96.62459935897436,mimic,RFA,Baseline,0,0.01
390,96.70472756410257,mimic,RFA,Baseline,0,0.01
420,96.74479166666667,mimic,RFA,Baseline,0,0.01
450,88.78205128205128,mimic,RFA,Baseline,0,0.01
480,90.3545673076923,mimic,RFA,Baseline,0,0.01
510,91.42628205128206,mimic,RFA,Baseline,0,0.01
540,88.74198717948718,mimic,RFA,Baseline,0,0.01
570,89.15264423076923,mimic,RFA,Baseline,0,0.01
600,88.50160256410257,mimic,RFA,Baseline,0,0.01
630,88.93229166666667,mimic,RFA,Baseline,0,0.01
660,89.42307692307692,mimic,RFA,Baseline,0,0.01
690,89.07251602564102,mimic,RFA,Baseline,0,0.01
720,88.97235576923077,mimic,RFA,Baseline,0,0.01
750,88.85216346153847,mimic,RFA,Baseline,0,0.01
780,88.68189102564102,mimic,RFA,Baseline,0,0.01
810,88.85216346153847,mimic,RFA,Baseline,0,0.01
840,88.92227564102564,mimic,RFA,Baseline,0,0.01
870,89.32291666666667,mimic,RFA,Baseline,0,0.01
900,89.30288461538461,mimic,RFA,Baseline,0,0.01
930,89.43309294871794,mimic,RFA,Baseline,0,0.01
960,89.30288461538461,mimic,RFA,Baseline,0,0.01
990,89.35296474358974,mimic,RFA,Baseline,0,0.01
1020,89.26282051282051,mimic,RFA,Baseline,0,0.01
1050,89.1826923076923,mimic,RFA,Baseline,0,0.01
1080,89.34294871794872,mimic,RFA,Baseline,0,0.01
1110,89.1426282051282,mimic,RFA,Baseline,0,0.01
1140,89.26282051282051,mimic,RFA,Baseline,0,0.01
1170,89.34294871794872,mimic,RFA,Baseline,0,0.01
1200,89.13261217948718,mimic,RFA,Baseline,0,0.01
1230,89.17267628205128,mimic,RFA,Baseline,0,0.01
1260,89.42307692307692,mimic,RFA,Baseline,0,0.01
1290,89.08253205128206,mimic,RFA,Baseline,0,0.01
1320,89.1426282051282,mimic,RFA,Baseline,0,0.01
1350,89.15264423076923,mimic,RFA,Baseline,0,0.01
1380,89.31290064102564,mimic,RFA,Baseline,0,0.01
1410,89.50320512820512,mimic,RFA,Baseline,0,0.01
1440,89.29286858974359,mimic,RFA,Baseline,0,0.01
1470,89.32291666666667,mimic,RFA,Baseline,0,0.01
1500,89.32291666666667,mimic,RFA,Baseline,0,0.01
30,81.83092948717949,BF,KRUM,Byz-NSGDM,0,1.0
60,85.77724358974359,BF,KRUM,Byz-NSGDM,0,1.0
90,85.72716346153847,BF,KRUM,Byz-NSGDM,0,1.0
120,83.89423076923077,BF,KRUM,Byz-NSGDM,0,1.0
150,85.17628205128206,BF,KRUM,Byz-NSGDM,0,1.0
180,84.77564102564102,BF,KRUM,Byz-NSGDM,0,1.0
210,82.88261217948718,BF,KRUM,Byz-NSGDM,0,1.0
240,79.13661858974359,BF,KRUM,Byz-NSGDM,0,1.0
270,84.2548076923077,BF,KRUM,Byz-NSGDM,0,1.0
300,80.14823717948718,BF,KRUM,Byz-NSGDM,0,1.0
330,80.9395032051282,BF,KRUM,Byz-NSGDM,0,1.0
360,78.8661858974359,BF,KRUM,Byz-NSGDM,0,1.0
390,81.82091346153847,BF,KRUM,Byz-NSGDM,0,1.0
420,75.5108173076923,BF,KRUM,Byz-NSGDM,0,1.0
450,79.92788461538461,BF,KRUM,Byz-NSGDM,0,1.0
480,82.88261217948718,BF,KRUM,Byz-NSGDM,0,1.0
510,83.2832532051282,BF,KRUM,Byz-NSGDM,0,1.0
540,75.1201923076923,BF,KRUM,Byz-NSGDM,0,1.0
570,79.93790064102564,BF,KRUM,Byz-NSGDM,0,1.0
600,76.37219551282051,BF,KRUM,Byz-NSGDM,0,1.0
630,72.49599358974359,BF,KRUM,Byz-NSGDM,0,1.0
660,80.1181891025641,BF,KRUM,Byz-NSGDM,0,1.0
690,76.65264423076923,BF,KRUM,Byz-NSGDM,0,1.0
720,74.00841346153847,BF,KRUM,Byz-NSGDM,0,1.0
750,75.41065705128206,BF,KRUM,Byz-NSGDM,0,1.0
780,78.64583333333333,BF,KRUM,Byz-NSGDM,0,1.0
810,82.70232371794872,BF,KRUM,Byz-NSGDM,0,1.0
840,80.9795673076923,BF,KRUM,Byz-NSGDM,0,1.0
870,76.39222756410257,BF,KRUM,Byz-NSGDM,0,1.0
900,80.26842948717949,BF,KRUM,Byz-NSGDM,0,1.0
930,80.10817307692308,BF,KRUM,Byz-NSGDM,0,1.0
960,82.20152243589743,BF,KRUM,Byz-NSGDM,0,1.0
990,81.2900641025641,BF,KRUM,Byz-NSGDM,0,1.0
1020,76.70272435897436,BF,KRUM,Byz-NSGDM,0,1.0
1050,82.1514423076923,BF,KRUM,Byz-NSGDM,0,1.0
1080,77.91466346153847,BF,KRUM,Byz-NSGDM,0,1.0
1110,83.31330128205128,BF,KRUM,Byz-NSGDM,0,1.0
1140,74.69951923076923,BF,KRUM,Byz-NSGDM,0,1.0
1170,75.46073717948718,BF,KRUM,Byz-NSGDM,0,1.0
1200,82.13141025641026,BF,KRUM,Byz-NSGDM,0,1.0
1230,77.23357371794872,BF,KRUM,Byz-NSGDM,0,1.0
1260,81.36017628205128,BF,KRUM,Byz-NSGDM,0,1.0
1290,76.12179487179488,BF,KRUM,Byz-NSGDM,0,1.0
1320,78.60576923076923,BF,KRUM,Byz-NSGDM,0,1.0
1350,76.67267628205128,BF,KRUM,Byz-NSGDM,0,1.0
1380,80.60897435897436,BF,KRUM,Byz-NSGDM,0,1.0
1410,74.76963141025641,BF,KRUM,Byz-NSGDM,0,1.0
1440,77.45392628205128,BF,KRUM,Byz-NSGDM,0,1.0
1470,83.6738782051282,BF,KRUM,Byz-NSGDM,0,1.0
1500,82.25160256410257,BF,KRUM,Byz-NSGDM,0,1.0
30,9.815705128205128,BF,CM,Baseline-Decay,0,0.5
60,9.815705128205128,BF,CM,Baseline-Decay,0,0.5
90,9.815705128205128,BF,CM,Baseline-Decay,0,0.5
120,9.815705128205128,BF,CM,Baseline-Decay,0,0.5
150,9.815705128205128,BF,CM,Baseline-Decay,0,0.5
180,9.815705128205128,BF,CM,Baseline-Decay,0,0.5
210,9.815705128205128,BF,CM,Baseline-Decay,0,0.5
240,9.815705128205128,BF,CM,Baseline-Decay,0,0.5
270,9.815705128205128,BF,CM,Baseline-Decay,0,0.5
300,9.815705128205128,BF,CM,Baseline-Decay,0,0.5
330,9.815705128205128,BF,CM,Baseline-Decay,0,0.5
360,9.815705128205128,BF,CM,Baseline-Decay,0,0.5
390,9.815705128205128,BF,CM,Baseline-Decay,0,0.5
420,9.815705128205128,BF,CM,Baseline-Decay,0,0.5
450,9.815705128205128,BF,CM,Baseline-Decay,0,0.5
480,9.815705128205128,BF,CM,Baseline-Decay,0,0.5
510,9.815705128205128,BF,CM,Baseline-Decay,0,0.5
540,9.815705128205128,BF,CM,Baseline-Decay,0,0.5
570,9.815705128205128,BF,CM,Baseline-Decay,0,0.5
600,9.815705128205128,BF,CM,Baseline-Decay,0,0.5
630,9.815705128205128,BF,CM,Baseline-Decay,0,0.5
660,9.815705128205128,BF,CM,Baseline-Decay,0,0.5
690,9.815705128205128,BF,CM,Baseline-Decay,0,0.5
720,9.815705128205128,BF,CM,Baseline-Decay,0,0.5
750,9.815705128205128,BF,CM,Baseline-Decay,0,0.5
780,9.815705128205128,BF,CM,Baseline-Decay,0,0.5
810,9.815705128205128,BF,CM,Baseline-Decay,0,0.5
840,9.815705128205128,BF,CM,Baseline-Decay,0,0.5
870,9.815705128205128,BF,CM,Baseline-Decay,0,0.5
900,9.815705128205128,BF,CM,Baseline-Decay,0,0.5
930,9.815705128205128,BF,CM,Baseline-Decay,0,0.5
960,9.815705128205128,BF,CM,Baseline-Decay,0,0.5
990,9.815705128205128,BF,CM,Baseline-Decay,0,0.5
1020,9.815705128205128,BF,CM,Baseline-Decay,0,0.5
1050,9.815705128205128,BF,CM,Baseline-Decay,0,0.5
1080,9.815705128205128,BF,CM,Baseline-Decay,0,0.5
1110,9.815705128205128,BF,CM,Baseline-Decay,0,0.5
1140,9.815705128205128,BF,CM,Baseline-Decay,0,0.5
1170,9.815705128205128,BF,CM,Baseline-Decay,0,0.5
1200,9.815705128205128,BF,CM,Baseline-Decay,0,0.5
1230,9.815705128205128,BF,CM,Baseline-Decay,0,0.5
1260,9.815705128205128,BF,CM,Baseline-Decay,0,0.5
1290,9.815705128205128,BF,CM,Baseline-Decay,0,0.5
1320,9.815705128205128,BF,CM,Baseline-Decay,0,0.5
1350,9.815705128205128,BF,CM,Baseline-Decay,0,0.5
1380,9.815705128205128,BF,CM,Baseline-Decay,0,0.5
1410,9.815705128205128,BF,CM,Baseline-Decay,0,0.5
1440,9.815705128205128,BF,CM,Baseline-Decay,0,0.5
1470,9.815705128205128,BF,CM,Baseline-Decay,0,0.5
1500,9.815705128205128,BF,CM,Baseline-Decay,0,0.5
30,34.61538461538461,BF,KRUM,Baseline,0,0.001
60,56.19991987179487,BF,KRUM,Baseline,0,0.001
90,64.74358974358974,BF,KRUM,Baseline,0,0.001
120,78.73597756410257,BF,KRUM,Baseline,0,0.001
150,78.54567307692308,BF,KRUM,Baseline,0,0.001
180,75.4707532051282,BF,KRUM,Baseline,0,0.001
210,77.92467948717949,BF,KRUM,Baseline,0,0.001
240,79.07652243589743,BF,KRUM,Baseline,0,0.001
270,79.6474358974359,BF,KRUM,Baseline,0,0.001
300,80.27844551282051,BF,KRUM,Baseline,0,0.001
330,80.65905448717949,BF,KRUM,Baseline,0,0.001
360,81.07972756410257,BF,KRUM,Baseline,0,0.001
390,81.1298076923077,BF,KRUM,Baseline,0,0.001
420,81.55048076923077,BF,KRUM,Baseline,0,0.001
450,81.75080128205128,BF,KRUM,Baseline,0,0.001
480,82.10136217948718,BF,KRUM,Baseline,0,0.001
510,82.63221153846153,BF,KRUM,Baseline,0,0.001
540,82.6923076923077,BF,KRUM,Baseline,0,0.001
570,82.45192307692308,BF,KRUM,Baseline,0,0.001
600,82.7323717948718,BF,KRUM,Baseline,0,0.001
630,83.29326923076923,BF,KRUM,Baseline,0,0.001
660,83.56370192307692,BF,KRUM,Baseline,0,0.001
690,83.39342948717949,BF,KRUM,Baseline,0,0.001
720,83.9443108974359,BF,KRUM,Baseline,0,0.001
750,83.85416666666667,BF,KRUM,Baseline,0,0.001
780,84.03445512820512,BF,KRUM,Baseline,0,0.001
810,84.27483974358974,BF,KRUM,Baseline,0,0.001
840,83.8641826923077,BF,KRUM,Baseline,0,0.001
870,84.12459935897436,BF,KRUM,Baseline,0,0.001
900,84.24479166666667,BF,KRUM,Baseline,0,0.001
930,84.6454326923077,BF,KRUM,Baseline,0,0.001
960,84.83573717948718,BF,KRUM,Baseline,0,0.001
990,84.98597756410257,BF,KRUM,Baseline,0,0.001
1020,85.01602564102564,BF,KRUM,Baseline,0,0.001
1050,84.8056891025641,BF,KRUM,Baseline,0,0.001
1080,84.69551282051282,BF,KRUM,Baseline,0,0.001
1110,84.48517628205128,BF,KRUM,Baseline,0,0.001
1140,84.62540064102564,BF,KRUM,Baseline,0,0.001
1170,84.765625,BF,KRUM,Baseline,0,0.001
1200,85.16626602564102,BF,KRUM,Baseline,0,0.001
1230,85.47676282051282,BF,KRUM,Baseline,0,0.001
1260,82.74238782051282,BF,KRUM,Baseline,0,0.001
1290,82.31169871794872,BF,KRUM,Baseline,0,0.001
1320,83.3233173076923,BF,KRUM,Baseline,0,0.001
1350,81.59054487179488,BF,KRUM,Baseline,0,0.001
1380,83.66386217948718,BF,KRUM,Baseline,0,0.001
1410,83.48357371794872,BF,KRUM,Baseline,0,0.001
1440,82.28165064102564,BF,KRUM,Baseline,0,0.001
1470,82.02123397435898,BF,KRUM,Baseline,0,0.001
1500,84.58533653846153,BF,KRUM,Baseline,0,0.001
30,70.85336538461539,mimic,CM,Baseline-Decay,42,0.05
60,80.9795673076923,mimic,CM,Baseline-Decay,42,0.05
90,82.18149038461539,mimic,CM,Baseline-Decay,42,0.05
120,82.39182692307692,mimic,CM,Baseline-Decay,42,0.05
150,83.81410256410257,mimic,CM,Baseline-Decay,42,0.05
180,84.20472756410257,mimic,CM,Baseline-Decay,42,0.05
210,84.31490384615384,mimic,CM,Baseline-Decay,42,0.05
240,84.61538461538461,mimic,CM,Baseline-Decay,42,0.05
270,84.89583333333333,mimic,CM,Baseline-Decay,42,0.05
300,85.13621794871794,mimic,CM,Baseline-Decay,42,0.05
330,85.12620192307692,mimic,CM,Baseline-Decay,42,0.05
360,85.5068108974359,mimic,CM,Baseline-Decay,42,0.05
390,85.57692307692308,mimic,CM,Baseline-Decay,42,0.05
420,85.69711538461539,mimic,CM,Baseline-Decay,42,0.05
450,85.84735576923077,mimic,CM,Baseline-Decay,42,0.05
480,85.8974358974359,mimic,CM,Baseline-Decay,42,0.05
510,86.23798076923077,mimic,CM,Baseline-Decay,42,0.05
540,86.2880608974359,mimic,CM,Baseline-Decay,42,0.05
570,86.11778846153847,mimic,CM,Baseline-Decay,42,0.05
600,86.30809294871794,mimic,CM,Baseline-Decay,42,0.05
630,86.42828525641026,mimic,CM,Baseline-Decay,42,0.05
660,86.47836538461539,mimic,CM,Baseline-Decay,42,0.05
690,86.55849358974359,mimic,CM,Baseline-Decay,42,0.05
720,86.71875,mimic,CM,Baseline-Decay,42,0.05
750,86.58854166666667,mimic,CM,Baseline-Decay,42,0.05
780,86.78886217948718,mimic,CM,Baseline-Decay,42,0.05
810,86.78886217948718,mimic,CM,Baseline-Decay,42,0.05
840,86.82892628205128,mimic,CM,Baseline-Decay,42,0.05
870,86.91907051282051,mimic,CM,Baseline-Decay,42,0.05
900,86.91907051282051,mimic,CM,Baseline-Decay,42,0.05
930,86.92908653846153,mimic,CM,Baseline-Decay,42,0.05
960,87.00921474358974,mimic,CM,Baseline-Decay,42,0.05
990,86.99919871794872,mimic,CM,Baseline-Decay,42,0.05
1020,86.95913461538461,mimic,CM,Baseline-Decay,42,0.05
1050,87.05929487179488,mimic,CM,Baseline-Decay,42,0.05
1080,87.0693108974359,mimic,CM,Baseline-Decay,42,0.05
1110,87.17948717948718,mimic,CM,Baseline-Decay,42,0.05
1140,87.13942307692308,mimic,CM,Baseline-Decay,42,0.05
1170,87.24959935897436,mimic,CM,Baseline-Decay,42,0.05
1200,87.17948717948718,mimic,CM,Baseline-Decay,42,0.05
1230,87.1494391025641,mimic,CM,Baseline-Decay,42,0.05
1260,87.17948717948718,mimic,CM,Baseline-Decay,42,0.05
1290,87.24959935897436,mimic,CM,Baseline-Decay,42,0.05
1320,87.23958333333333,mimic,CM,Baseline-Decay,42,0.05
1350,87.26963141025641,mimic,CM,Baseline-Decay,42,0.05
1380,87.31971153846153,mimic,CM,Baseline-Decay,42,0.05
1410,87.34975961538461,mimic,CM,Baseline-Decay,42,0.05
1440,87.31971153846153,mimic,CM,Baseline-Decay,42,0.05
1470,87.44991987179488,mimic,CM,Baseline-Decay,42,0.05
1500,87.43990384615384,mimic,CM,Baseline-Decay,42,0.05
30,58.1630608974359,LF,RFA,Baseline,0,0.002
60,70.41266025641026,LF,RFA,Baseline,0,0.002
90,81.96113782051282,LF,RFA,Baseline,0,0.002
120,78.21514423076923,LF,RFA,Baseline,0,0.002
150,80.0380608974359,LF,RFA,Baseline,0,0.002
180,80.67908653846153,LF,RFA,Baseline,0,0.002
210,81.42027243589743,LF,RFA,Baseline,0,0.002
240,82.16145833333333,LF,RFA,Baseline,0,0.002
270,82.25160256410257,LF,RFA,Baseline,0,0.002
300,82.80248397435898,LF,RFA,Baseline,0,0.002
330,83.27323717948718,LF,RFA,Baseline,0,0.002
360,83.5536858974359,LF,RFA,Baseline,0,0.002
390,83.79407051282051,LF,RFA,Baseline,0,0.002
420,84.08453525641026,LF,RFA,Baseline,0,0.002
450,84.26482371794872,LF,RFA,Baseline,0,0.002
480,84.40504807692308,LF,RFA,Baseline,0,0.002
510,84.90584935897436,LF,RFA,Baseline,0,0.002
540,85.0360576923077,LF,RFA,Baseline,0,0.002
570,84.89583333333333,LF,RFA,Baseline,0,0.002
600,85.1161858974359,LF,RFA,Baseline,0,0.002
630,85.34655448717949,LF,RFA,Baseline,0,0.002
660,85.51682692307692,LF,RFA,Baseline,0,0.002
690,85.77724358974359,LF,RFA,Baseline,0,0.002
720,85.96754807692308,LF,RFA,Baseline,0,0.002
750,85.73717948717949,LF,RFA,Baseline,0,0.002
780,85.70713141025641,LF,RFA,Baseline,0,0.002
810,85.94751602564102,LF,RFA,Baseline,0,0.002
840,85.72716346153847,LF,RFA,Baseline,0,0.002
870,86.06770833333333,LF,RFA,Baseline,0,0.002
900,86.03766025641026,LF,RFA,Baseline,0,0.002
930,86.53846153846153,LF,RFA,Baseline,0,0.002
960,86.4082532051282,LF,RFA,Baseline,0,0.002
990,86.4483173076923,LF,RFA,Baseline,0,0.002
1020,86.61858974358974,LF,RFA,Baseline,0,0.002
1050,86.42828525641026,LF,RFA,Baseline,0,0.002
1080,86.54847756410257,LF,RFA,Baseline,0,0.002
1110,86.3681891025641,LF,RFA,Baseline,0,0.002
1140,86.55849358974359,LF,RFA,Baseline,0,0.002
1170,86.45833333333333,LF,RFA,Baseline,0,0.002
1200,87.0693108974359,LF,RFA,Baseline,0,0.002
1230,86.89903846153847,LF,RFA,Baseline,0,0.002
1260,86.84895833333333,LF,RFA,Baseline,0,0.002
1290,86.68870192307692,LF,RFA,Baseline,0,0.002
1320,86.7988782051282,LF,RFA,Baseline,0,0.002
1350,87.04927884615384,LF,RFA,Baseline,0,0.002
1380,86.94911858974359,LF,RFA,Baseline,0,0.002
1410,87.09935897435898,LF,RFA,Baseline,0,0.002
1440,86.99919871794872,LF,RFA,Baseline,0,0.002
1470,87.23958333333333,LF,RFA,Baseline,0,0.002
1500,87.17948717948718,LF,RFA,Baseline,0,0.002
30,80.46875,BF,CM,Byz-NSGDM,0,1.0
60,85.02604166666667,BF,CM,Byz-NSGDM,0,1.0
90,86.07772435897436,BF,CM,Byz-NSGDM,0,1.0
120,81.73076923076923,BF,CM,Byz-NSGDM,0,1.0
150,82.01121794871794,BF,CM,Byz-NSGDM,0,1.0
180,83.56370192307692,BF,CM,Byz-NSGDM,0,1.0
210,83.79407051282051,BF,CM,Byz-NSGDM,0,1.0
240,83.53365384615384,BF,CM,Byz-NSGDM,0,1.0
270,76.30208333333333,BF,CM,Byz-NSGDM,0,1.0
300,80.1983173076923,BF,CM,Byz-NSGDM,0,1.0
330,82.56209935897436,BF,CM,Byz-NSGDM,0,1.0
360,81.57051282051282,BF,CM,Byz-NSGDM,0,1.0
390,82.3016826923077,BF,CM,Byz-NSGDM,0,1.0
420,78.97636217948718,BF,CM,Byz-NSGDM,0,1.0
450,79.53725961538461,BF,CM,Byz-NSGDM,0,1.0
480,81.06971153846153,BF,CM,Byz-NSGDM,0,1.0
510,77.09334935897436,BF,CM,Byz-NSGDM,0,1.0
540,82.9326923076923,BF,CM,Byz-NSGDM,0,1.0
570,81.03966346153847,BF,CM,Byz-NSGDM,0,1.0
600,76.4423076923077,BF,CM,Byz-NSGDM,0,1.0
630,73.65785256410257,BF,CM,Byz-NSGDM,0,1.0
660,81.07972756410257,BF,CM,Byz-NSGDM,0,1.0
690,81.2099358974359,BF,CM,Byz-NSGDM,0,1.0
720,74.35897435897436,BF,CM,Byz-NSGDM,0,1.0
750,73.89823717948718,BF,CM,Byz-NSGDM,0,1.0
780,74.66947115384616,BF,CM,Byz-NSGDM,0,1.0
810,78.42548076923077,BF,CM,Byz-NSGDM,0,1.0
840,73.37740384615384,BF,CM,Byz-NSGDM,0,1.0
870,74.6895032051282,BF,CM,Byz-NSGDM,0,1.0
900,81.1298076923077,BF,CM,Byz-NSGDM,0,1.0
930,75.7011217948718,BF,CM,Byz-NSGDM,0,1.0
960,78.01482371794872,BF,CM,Byz-NSGDM,0,1.0
990,79.43709935897436,BF,CM,Byz-NSGDM,0,1.0
1020,83.26322115384616,BF,CM,Byz-NSGDM,0,1.0
1050,80.23838141025641,BF,CM,Byz-NSGDM,0,1.0
1080,75.54086538461539,BF,CM,Byz-NSGDM,0,1.0
1110,79.07652243589743,BF,CM,Byz-NSGDM,0,1.0
1140,82.8525641025641,BF,CM,Byz-NSGDM,0,1.0
1170,74.35897435897436,BF,CM,Byz-NSGDM,0,1.0
1200,72.94671474358974,BF,CM,Byz-NSGDM,0,1.0
1230,74.05849358974359,BF,CM,Byz-NSGDM,0,1.0
1260,78.83613782051282,BF,CM,Byz-NSGDM,0,1.0
1290,78.85616987179488,BF,CM,Byz-NSGDM,0,1.0
1320,82.6923076923077,BF,CM,Byz-NSGDM,0,1.0
1350,80.45873397435898,BF,CM,Byz-NSGDM,0,1.0
1380,74.54927884615384,BF,CM,Byz-NSGDM,0,1.0
1410,80.36858974358974,BF,CM,Byz-NSGDM,0,1.0
1440,81.97115384615384,BF,CM,Byz-NSGDM,0,1.0
1470,81.1298076923077,BF,CM,Byz-NSGDM,0,1.0
1500,80.17828525641026,BF,CM,Byz-NSGDM,0,1.0
30,88.03084935897436,mimic,RFA,Baseline-Decay,123,0.1
60,91.27604166666667,mimic,RFA,Baseline-Decay,123,0.1
90,93.18910256410257,mimic,RFA,Baseline-Decay,123,0.1
120,93.88020833333333,mimic,RFA,Baseline-Decay,123,0.1
150,94.59134615384616,mimic,RFA,Baseline-Decay,123,0.1
180,94.72155448717949,mimic,RFA,Baseline-Decay,123,0.1
210,95.2724358974359,mimic,RFA,Baseline-Decay,123,0.1
240,95.11217948717949,mimic,RFA,Baseline-Decay,123,0.1
270,95.72315705128206,mimic,RFA,Baseline-Decay,123,0.1
300,95.9735576923077,mimic,RFA,Baseline-Decay,123,0.1
330,96.33413461538461,mimic,RFA,Baseline-Decay,123,0.1
360,96.23397435897436,mimic,RFA,Baseline-Decay,123,0.1
390,96.31410256410257,mimic,RFA,Baseline-Decay,123,0.1
420,96.484375,mimic,RFA,Baseline-Decay,123,0.1
450,96.63461538461539,mimic,RFA,Baseline-Decay,123,0.1
480,96.68469551282051,mimic,RFA,Baseline-Decay,123,0.1
510,96.81490384615384,mimic,RFA,Baseline-Decay,123,0.1
540,96.93509615384616,mimic,RFA,Baseline-Decay,123,0.1
570,95.52283653846153,mimic,RFA,Baseline-Decay,123,0.1
600,95.7431891025641,mimic,RFA,Baseline-Decay,123,0.1
630,95.40264423076923,mimic,RFA,Baseline-Decay,123,0.1
660,95.42267628205128,mimic,RFA,Baseline-Decay,123,0.1
690,95.59294871794872,mimic,RFA,Baseline-Decay,123,0.1
720,95.47275641025641,mimic,RFA,Baseline-Decay,123,0.1
750,95.40264423076923,mimic,RFA,Baseline-Decay,123,0.1
780,95.3525641025641,mimic,RFA,Baseline-Decay,123,0.1
810,95.32251602564102,mimic,RFA,Baseline-Decay,123,0.1
840,95.44270833333333,mimic,RFA,Baseline-Decay,123,0.1
870,95.76322115384616,mimic,RFA,Baseline-Decay,123,0.1
900,95.68309294871794,mimic,RFA,Baseline-Decay,123,0.1
930,95.17227564102564,mimic,RFA,Baseline-Decay,123,0.1
960,95.17227564102564,mimic,RFA,Baseline-Decay,123,0.1
990,95.1923076923077,mimic,RFA,Baseline-Decay,123,0.1
1020,95.64302884615384,mimic,RFA,Baseline-Decay,123,0.1
1050,96.06370192307692,mimic,RFA,Baseline-Decay,123,0.1
1080,95.80328525641026,mimic,RFA,Baseline-Decay,123,0.1
1110,95.9735576923077,mimic,RFA,Baseline-Decay,123,0.1
1140,95.8233173076923,mimic,RFA,Baseline-Decay,123,0.1
1170,95.99358974358974,mimic,RFA,Baseline-Decay,123,0.1
1200,95.81330128205128,mimic,RFA,Baseline-Decay,123,0.1
1230,95.48277243589743,mimic,RFA,Baseline-Decay,123,0.1
1260,95.53285256410257,mimic,RFA,Baseline-Decay,123,0.1
1290,96.00360576923077,mimic,RFA,Baseline-Decay,123,0.1
1320,95.81330128205128,mimic,RFA,Baseline-Decay,123,0.1
1350,95.90344551282051,mimic,RFA,Baseline-Decay,123,0.1
1380,95.59294871794872,mimic,RFA,Baseline-Decay,123,0.1
1410,95.55288461538461,mimic,RFA,Baseline-Decay,123,0.1
1440,95.83333333333333,mimic,RFA,Baseline-Decay,123,0.1
1470,95.76322115384616,mimic,RFA,Baseline-Decay,123,0.1
1500,95.55288461538461,mimic,RFA,Baseline-Decay,123,0.1
30,81.640625,mimic,RFA,Baseline-Decay,0,0.05
60,89.12259615384616,mimic,RFA,Baseline-Decay,0,0.05
90,89.71354166666667,mimic,RFA,Baseline-Decay,0,0.05
120,91.38621794871794,mimic,RFA,Baseline-Decay,0,0.05
150,92.08733974358974,mimic,RFA,Baseline-Decay,0,0.05
180,92.35777243589743,mimic,RFA,Baseline-Decay,0,0.05
210,92.63822115384616,mimic,RFA,Baseline-Decay,0,0.05
240,93.11899038461539,mimic,RFA,Baseline-Decay,0,0.05
270,93.68990384615384,mimic,RFA,Baseline-Decay,0,0.05
300,93.44951923076923,mimic,RFA,Baseline-Decay,0,0.05
330,93.95032051282051,mimic,RFA,Baseline-Decay,0,0.05
360,94.04046474358974,mimic,RFA,Baseline-Decay,0,0.05
390,94.25080128205128,mimic,RFA,Baseline-Decay,0,0.05
420,94.69150641025641,mimic,RFA,Baseline-Decay,0,0.05
450,94.58133012820512,mimic,RFA,Baseline-Decay,0,0.05
480,95.02203525641026,mimic,RFA,Baseline-Decay,0,0.05
510,95.0020032051282,mimic,RFA,Baseline-Decay,0,0.05
540,94.78165064102564,mimic,RFA,Baseline-Decay,0,0.05
570,95.03205128205128,mimic,RFA,Baseline-Decay,0,0.05
600,95.09214743589743,mimic,RFA,Baseline-Decay,0,0.05
630,95.32251602564102,mimic,RFA,Baseline-Decay,0,0.05
660,95.32251602564102,mimic,RFA,Baseline-Decay,0,0.05
690,95.34254807692308,mimic,RFA,Baseline-Decay,0,0.05
720,95.52283653846153,mimic,RFA,Baseline-Decay,0,0.05
750,95.55288461538461,mimic,RFA,Baseline-Decay,0,0.05
780,95.57291666666667,mimic,RFA,Baseline-Decay,0,0.05
810,95.59294871794872,mimic,RFA,Baseline-Decay,0,0.05
840,95.6630608974359,mimic,RFA,Baseline-Decay,0,0.05
870,95.71314102564102,mimic,RFA,Baseline-Decay,0,0.05
900,95.84334935897436,mimic,RFA,Baseline-Decay,0,0.05
930,95.94350961538461,mimic,RFA,Baseline-Decay,0,0.05
960,96.12379807692308,mimic,RFA,Baseline-Decay,0,0.05
990,96.08373397435898,mimic,RFA,Baseline-Decay,0,0.05
1020,96.03365384615384,mimic,RFA,Baseline-Decay,0,0.05
1050,95.98357371794872,mimic,RFA,Baseline-Decay,0,0.05
1080,96.03365384615384,mimic,RFA,Baseline-Decay,0,0.05
1110,96.1338141025641,mimic,RFA,Baseline-Decay,0,0.05
1140,96.22395833333333,mimic,RFA,Baseline-Decay,0,0.05
1170,96.38421474358974,mimic,RFA,Baseline-Decay,0,0.05
1200,96.31410256410257,mimic,RFA,Baseline-Decay,0,0.05
1230,96.3641826923077,mimic,RFA,Baseline-Decay,0,0.05
1260,96.35416666666667,mimic,RFA,Baseline-Decay,0,0.05
1290,96.33413461538461,mimic,RFA,Baseline-Decay,0,0.05
1320,96.37419871794872,mimic,RFA,Baseline-Decay,0,0.05
1350,96.34415064102564,mimic,RFA,Baseline-Decay,0,0.05
1380,96.42427884615384,mimic,RFA,Baseline-Decay,0,0.05
1410,96.5645032051282,mimic,RFA,Baseline-Decay,0,0.05
1440,96.62459935897436,mimic,RFA,Baseline-Decay,0,0.05
1470,96.72475961538461,mimic,RFA,Baseline-Decay,0,0.05
1500,96.64463141025641,mimic,RFA,Baseline-Decay,0,0.05
30,71.35416666666667,BF,KRUM,Baseline-Decay,0,0.1
60,82.16145833333333,BF,KRUM,Baseline-Decay,0,0.1
90,83.76402243589743,BF,KRUM,Baseline-Decay,0,0.1
120,84.4551282051282,BF,KRUM,Baseline-Decay,0,0.1
150,85.56690705128206,BF,KRUM,Baseline-Decay,0,0.1
180,85.90745192307692,BF,KRUM,Baseline-Decay,0,0.1
210,85.43669871794872,BF,KRUM,Baseline-Decay,0,0.1
240,86.07772435897436,BF,KRUM,Baseline-Decay,0,0.1
270,83.92427884615384,BF,KRUM,Baseline-Decay,0,0.1
300,85.34655448717949,BF,KRUM,Baseline-Decay,0,0.1
330,85.56690705128206,BF,KRUM,Baseline-Decay,0,0.1
360,85.61698717948718,BF,KRUM,Baseline-Decay,0,0.1
390,81.90104166666667,BF,KRUM,Baseline-Decay,0,0.1
420,80.24839743589743,BF,KRUM,Baseline-Decay,0,0.1
450,72.5761217948718,BF,KRUM,Baseline-Decay,0,0.1
480,61.979166666666664,BF,KRUM,Baseline-Decay,0,0.1
510,14.443108974358974,BF,KRUM,Baseline-Decay,0,0.1
540,10.336538461538462,BF,KRUM,Baseline-Decay,0,0.1
570,10.336538461538462,BF,KRUM,Baseline-Decay,0,0.1
600,10.336538461538462,BF,KRUM,Baseline-Decay,0,0.1
630,11.368189102564102,BF,KRUM,Baseline-Decay,0,0.1
660,11.368189102564102,BF,KRUM,Baseline-Decay,0,0.1
690,11.368189102564102,BF,KRUM,Baseline-Decay,0,0.1
720,11.368189102564102,BF,KRUM,Baseline-Decay,0,0.1
750,11.368189102564102,BF,KRUM,Baseline-Decay,0,0.1
780,11.368189102564102,BF,KRUM,Baseline-Decay,0,0.1
810,11.368189102564102,BF,KRUM,Baseline-Decay,0,0.1
840,11.368189102564102,BF,KRUM,Baseline-Decay,0,0.1
870,11.368189102564102,BF,KRUM,Baseline-Decay,0,0.1
900,11.368189102564102,BF,KRUM,Baseline-Decay,0,0.1
930,11.368189102564102,BF,KRUM,Baseline-Decay,0,0.1
960,9.595352564102564,BF,KRUM,Baseline-Decay,0,0.1
990,9.595352564102564,BF,KRUM,Baseline-Decay,0,0.1
1020,9.595352564102564,BF,KRUM,Baseline-Decay,0,0.1
1050,9.595352564102564,BF,KRUM,Baseline-Decay,0,0.1
1080,9.595352564102564,BF,KRUM,Baseline-Decay,0,0.1
1110,9.595352564102564,BF,KRUM,Baseline-Decay,0,0.1
1140,9.595352564102564,BF,KRUM,Baseline-Decay,0,0.1
1170,9.595352564102564,BF,KRUM,Baseline-Decay,0,0.1
1200,9.595352564102564,BF,KRUM,Baseline-Decay,0,0.1
1230,9.595352564102564,BF,KRUM,Baseline-Decay,0,0.1
1260,9.595352564102564,BF,KRUM,Baseline-Decay,0,0.1
1290,9.595352564102564,BF,KRUM,Baseline-Decay,0,0.1
1320,9.595352564102564,BF,KRUM,Baseline-Decay,0,0.1
1350,9.595352564102564,BF,KRUM,Baseline-Decay,0,0.1
1380,9.595352564102564,BF,KRUM,Baseline-Decay,0,0.1
1410,9.595352564102564,BF,KRUM,Baseline-Decay,0,0.1
1440,9.595352564102564,BF,KRUM,Baseline-Decay,0,0.1
1470,9.595352564102564,BF,KRUM,Baseline-Decay,0,0.1
1500,9.595352564102564,BF,KRUM,Baseline-Decay,0,0.1
30,45.76322115384615,BF,CM,Baseline-Decay,42,0.005
60,56.380208333333336,BF,CM,Baseline-Decay,42,0.005
90,62.66025641025641,BF,CM,Baseline-Decay,42,0.005
120,67.54807692307692,BF,CM,Baseline-Decay,42,0.005
150,71.63461538461539,BF,CM,Baseline-Decay,42,0.005
180,72.15544871794872,BF,CM,Baseline-Decay,42,0.005
210,73.14703525641026,BF,CM,Baseline-Decay,42,0.005
240,74.1786858974359,BF,CM,Baseline-Decay,42,0.005
270,75.40064102564102,BF,CM,Baseline-Decay,42,0.005
300,76.16185897435898,BF,CM,Baseline-Decay,42,0.005
330,76.62259615384616,BF,CM,Baseline-Decay,42,0.005
360,77.36378205128206,BF,CM,Baseline-Decay,42,0.005
390,78.03485576923077,BF,CM,Baseline-Decay,42,0.005
420,78.06490384615384,BF,CM,Baseline-Decay,42,0.005
450,78.57572115384616,BF,CM,Baseline-Decay,42,0.005
480,78.84615384615384,BF,CM,Baseline-Decay,42,0.005
510,79.03645833333333,BF,CM,Baseline-Decay,42,0.005
540,79.35697115384616,BF,CM,Baseline-Decay,42,0.005
570,79.51722756410257,BF,CM,Baseline-Decay,42,0.005
600,79.5673076923077,BF,CM,Baseline-Decay,42,0.005
630,79.77764423076923,BF,CM,Baseline-Decay,42,0.005
660,80.17828525641026,BF,CM,Baseline-Decay,42,0.005
690,80.27844551282051,BF,CM,Baseline-Decay,42,0.005
720,80.32852564102564,BF,CM,Baseline-Decay,42,0.005
750,80.41866987179488,BF,CM,Baseline-Decay,42,0.005
780,80.40865384615384,BF,CM,Baseline-Decay,42,0.005
810,80.61899038461539,BF,CM,Baseline-Decay,42,0.005
840,80.56891025641026,BF,CM,Baseline-Decay,42,0.005
870,80.5889423076923,BF,CM,Baseline-Decay,42,0.005
900,80.84935897435898,BF,CM,Baseline-Decay,42,0.005
930,81.08974358974359,BF,CM,Baseline-Decay,42,0.005
960,81.07972756410257,BF,CM,Baseline-Decay,42,0.005
990,81.05969551282051,BF,CM,Baseline-Decay,42,0.005
1020,81.21995192307692,BF,CM,Baseline-Decay,42,0.005
1050,81.30008012820512,BF,CM,Baseline-Decay,42,0.005
1080,81.31009615384616,BF,CM,Baseline-Decay,42,0.005
1110,81.32011217948718,BF,CM,Baseline-Decay,42,0.005
1140,81.48036858974359,BF,CM,Baseline-Decay,42,0.005
1170,81.54046474358974,BF,CM,Baseline-Decay,42,0.005
1200,81.67067307692308,BF,CM,Baseline-Decay,42,0.005
1230,81.57051282051282,BF,CM,Baseline-Decay,42,0.005
1260,81.59054487179488,BF,CM,Baseline-Decay,42,0.005
1290,81.70072115384616,BF,CM,Baseline-Decay,42,0.005
1320,81.74078525641026,BF,CM,Baseline-Decay,42,0.005
1350,81.81089743589743,BF,CM,Baseline-Decay,42,0.005
1380,81.84094551282051,BF,CM,Baseline-Decay,42,0.005
1410,81.85096153846153,BF,CM,Baseline-Decay,42,0.005
1440,81.89102564102564,BF,CM,Baseline-Decay,42,0.005
1470,82.02123397435898,BF,CM,Baseline-Decay,42,0.005
1500,81.9911858974359,BF,CM,Baseline-Decay,42,0.005
30,55.44871794871795,mimic,RFA,Baseline-Decay,0,0.005
60,43.249198717948715,mimic,RFA,Baseline-Decay,0,0.005
90,62.62019230769231,mimic,RFA,Baseline-Decay,0,0.005
120,66.69671474358974,mimic,RFA,Baseline-Decay,0,0.005
150,71.00360576923077,mimic,RFA,Baseline-Decay,0,0.005
180,75.05008012820512,mimic,RFA,Baseline-Decay,0,0.005
210,77.4238782051282,mimic,RFA,Baseline-Decay,0,0.005
30,56.09975961538461,BF,RFA,Baseline,0,0.002
60,68.67988782051282,BF,RFA,Baseline,0,0.002
90,70.2323717948718,BF,RFA,Baseline,0,0.002
120,78.4354967948718,BF,RFA,Baseline,0,0.002
150,79.88782051282051,BF,RFA,Baseline,0,0.002
180,80.70913461538461,BF,RFA,Baseline,0,0.002
210,81.15985576923077,BF,RFA,Baseline,0,0.002
240,82.14142628205128,BF,RFA,Baseline,0,0.002
270,81.9511217948718,BF,RFA,Baseline,0,0.002
300,82.45192307692308,BF,RFA,Baseline,0,0.002
330,83.05288461538461,BF,RFA,Baseline,0,0.002
360,83.3233173076923,BF,RFA,Baseline,0,0.002
390,83.44350961538461,BF,RFA,Baseline,0,0.002
420,84.22475961538461,BF,RFA,Baseline,0,0.002
450,84.4551282051282,BF,RFA,Baseline,0,0.002
480,84.43509615384616,BF,RFA,Baseline,0,0.002
510,84.40504807692308,BF,RFA,Baseline,0,0.002
540,84.92588141025641,BF,RFA,Baseline,0,0.002
570,85.18629807692308,BF,RFA,Baseline,0,0.002
600,84.16466346153847,BF,RFA,Baseline,0,0.002
630,83.60376602564102,BF,RFA,Baseline,0,0.002
660,82.51201923076923,BF,RFA,Baseline,0,0.002
690,68.8301282051282,BF,RFA,Baseline,0,0.002
720,83.79407051282051,BF,RFA,Baseline,0,0.002
750,84.50520833333333,BF,RFA,Baseline,0,0.002
780,85.30649038461539,BF,RFA,Baseline,0,0.002
810,74.34895833333333,BF,RFA,Baseline,0,0.002
840,78.07491987179488,BF,RFA,Baseline,0,0.002
870,83.93429487179488,BF,RFA,Baseline,0,0.002
900,85.24639423076923,BF,RFA,Baseline,0,0.002
930,85.47676282051282,BF,RFA,Baseline,0,0.002
960,83.9443108974359,BF,RFA,Baseline,0,0.002
990,79.50721153846153,BF,RFA,Baseline,0,0.002
1020,84.18469551282051,BF,RFA,Baseline,0,0.002
1050,83.69391025641026,BF,RFA,Baseline,0,0.002
1080,76.23197115384616,BF,RFA,Baseline,0,0.002
1110,80.05809294871794,BF,RFA,Baseline,0,0.002
1140,83.13301282051282,BF,RFA,Baseline,0,0.002
1170,82.53205128205128,BF,RFA,Baseline,0,0.002
1200,67.16746794871794,BF,RFA,Baseline,0,0.002
1230,72.88661858974359,BF,RFA,Baseline,0,0.002
1260,77.8545673076923,BF,RFA,Baseline,0,0.002
1290,83.21314102564102,BF,RFA,Baseline,0,0.002
1320,83.89423076923077,BF,RFA,Baseline,0,0.002
1350,84.01442307692308,BF,RFA,Baseline,0,0.002
1380,84.4150641025641,BF,RFA,Baseline,0,0.002
1410,75.87139423076923,BF,RFA,Baseline,0,0.002
1440,76.41225961538461,BF,RFA,Baseline,0,0.002
1470,75.54086538461539,BF,RFA,Baseline,0,0.002
1500,66.69671474358974,BF,RFA,Baseline,0,0.002
30,85.30649038461539,mimic,RFA,Baseline-Decay,42,0.05
60,89.52323717948718,mimic,RFA,Baseline-Decay,42,0.05
90,90.3145032051282,mimic,RFA,Baseline-Decay,42,0.05
120,91.16586538461539,mimic,RFA,Baseline-Decay,42,0.05
150,92.00721153846153,mimic,RFA,Baseline-Decay,42,0.05
180,92.80849358974359,mimic,RFA,Baseline-Decay,42,0.05
210,92.8886217948718,mimic,RFA,Baseline-Decay,42,0.05
240,93.36939102564102,mimic,RFA,Baseline-Decay,42,0.05
270,93.76001602564102,mimic,RFA,Baseline-Decay,42,0.05
300,93.75,mimic,RFA,Baseline-Decay,42,0.05
330,93.93028846153847,mimic,RFA,Baseline-Decay,42,0.05
360,94.23076923076923,mimic,RFA,Baseline-Decay,42,0.05
390,94.140625,mimic,RFA,Baseline-Decay,42,0.05
420,94.48116987179488,mimic,RFA,Baseline-Decay,42,0.05
450,94.55128205128206,mimic,RFA,Baseline-Decay,42,0.05
480,94.59134615384616,mimic,RFA,Baseline-Decay,42,0.05
510,94.8818108974359,mimic,RFA,Baseline-Decay,42,0.05
540,94.59134615384616,mimic,RFA,Baseline-Decay,42,0.05
570,94.95192307692308,mimic,RFA,Baseline-Decay,42,0.05
600,94.93189102564102,mimic,RFA,Baseline-Decay,42,0.05
630,95.17227564102564,mimic,RFA,Baseline-Decay,42,0.05
660,95.15224358974359,mimic,RFA,Baseline-Decay,42,0.05
690,95.32251602564102,mimic,RFA,Baseline-Decay,42,0.05
720,95.12219551282051,mimic,RFA,Baseline-Decay,42,0.05
750,88.62179487179488,mimic,RFA,Baseline-Decay,42,0.05
780,89.7235576923077,mimic,RFA,Baseline-Decay,42,0.05
810,90.49479166666667,mimic,RFA,Baseline-Decay,42,0.05
840,89.3329326923077,mimic,RFA,Baseline-Decay,42,0.05
870,89.29286858974359,mimic,RFA,Baseline-Decay,42,0.05
900,88.69190705128206,mimic,RFA,Baseline-Decay,42,0.05
930,88.64182692307692,mimic,RFA,Baseline-Decay,42,0.05
960,88.52163461538461,mimic,RFA,Baseline-Decay,42,0.05
990,88.21113782051282,mimic,RFA,Baseline-Decay,42,0.05
1020,88.03084935897436,mimic,RFA,Baseline-Decay,42,0.05
1050,87.8505608974359,mimic,RFA,Baseline-Decay,42,0.05
1080,87.6201923076923,mimic,RFA,Baseline-Decay,42,0.05
1110,87.76041666666667,mimic,RFA,Baseline-Decay,42,0.05
1140,87.59014423076923,mimic,RFA,Baseline-Decay,42,0.05
1170,87.63020833333333,mimic,RFA,Baseline-Decay,42,0.05
1200,87.60016025641026,mimic,RFA,Baseline-Decay,42,0.05
1230,87.44991987179488,mimic,RFA,Baseline-Decay,42,0.05
1260,87.4599358974359,mimic,RFA,Baseline-Decay,42,0.05
1290,87.59014423076923,mimic,RFA,Baseline-Decay,42,0.05
1320,87.61017628205128,mimic,RFA,Baseline-Decay,42,0.05
1350,87.55008012820512,mimic,RFA,Baseline-Decay,42,0.05
1380,87.39983974358974,mimic,RFA,Baseline-Decay,42,0.05
1410,87.61017628205128,mimic,RFA,Baseline-Decay,42,0.05
1440,87.5,mimic,RFA,Baseline-Decay,42,0.05
1470,87.51001602564102,mimic,RFA,Baseline-Decay,42,0.05
1500,87.59014423076923,mimic,RFA,Baseline-Decay,42,0.05
30,83.76402243589743,LF,RFA,Byz-NSGDM,0,0.2
60,80.00801282051282,LF,RFA,Byz-NSGDM,0,0.2
90,82.8926282051282,LF,RFA,Byz-NSGDM,0,0.2
120,83.77403846153847,LF,RFA,Byz-NSGDM,0,0.2
150,84.42508012820512,LF,RFA,Byz-NSGDM,0,0.2
180,85.25641025641026,LF,RFA,Byz-NSGDM,0,0.2
210,85.61698717948718,LF,RFA,Byz-NSGDM,0,0.2
240,85.8173076923077,LF,RFA,Byz-NSGDM,0,0.2
270,85.8173076923077,LF,RFA,Byz-NSGDM,0,0.2
300,85.95753205128206,LF,RFA,Byz-NSGDM,0,0.2
330,86.58854166666667,LF,RFA,Byz-NSGDM,0,0.2
360,86.31810897435898,LF,RFA,Byz-NSGDM,0,0.2
390,86.56850961538461,LF,RFA,Byz-NSGDM,0,0.2
420,86.87900641025641,LF,RFA,Byz-NSGDM,0,0.2
450,86.66866987179488,LF,RFA,Byz-NSGDM,0,0.2
480,86.91907051282051,LF,RFA,Byz-NSGDM,0,0.2
510,86.93910256410257,LF,RFA,Byz-NSGDM,0,0.2
540,86.94911858974359,LF,RFA,Byz-NSGDM,0,0.2
570,86.76883012820512,LF,RFA,Byz-NSGDM,0,0.2
600,86.94911858974359,LF,RFA,Byz-NSGDM,0,0.2
630,87.23958333333333,LF,RFA,Byz-NSGDM,0,0.2
660,87.17948717948718,LF,RFA,Byz-NSGDM,0,0.2
690,87.28966346153847,LF,RFA,Byz-NSGDM,0,0.2
720,87.38982371794872,LF,RFA,Byz-NSGDM,0,0.2
750,87.2295673076923,LF,RFA,Byz-NSGDM,0,0.2
780,87.47996794871794,LF,RFA,Byz-NSGDM,0,0.2
810,87.53004807692308,LF,RFA,Byz-NSGDM,0,0.2
840,87.42988782051282,LF,RFA,Byz-NSGDM,0,0.2
870,87.64022435897436,LF,RFA,Byz-NSGDM,0,0.2
900,87.5,LF,RFA,Byz-NSGDM,0,0.2
930,87.72035256410257,LF,RFA,Byz-NSGDM,0,0.2
960,87.78044871794872,LF,RFA,Byz-NSGDM,0,0.2
990,87.69030448717949,LF,RFA,Byz-NSGDM,0,0.2
1020,87.8104967948718,LF,RFA,Byz-NSGDM,0,0.2
1050,87.7704326923077,LF,RFA,Byz-NSGDM,0,0.2
1080,87.79046474358974,LF,RFA,Byz-NSGDM,0,0.2
1110,87.76041666666667,LF,RFA,Byz-NSGDM,0,0.2
1140,87.72035256410257,LF,RFA,Byz-NSGDM,0,0.2
1170,87.75040064102564,LF,RFA,Byz-NSGDM,0,0.2
1200,87.98076923076923,LF,RFA,Byz-NSGDM,0,0.2
1230,87.99078525641026,LF,RFA,Byz-NSGDM,0,0.2
1260,88.04086538461539,LF,RFA,Byz-NSGDM,0,0.2
1290,87.8505608974359,LF,RFA,Byz-NSGDM,0,0.2
1320,87.86057692307692,LF,RFA,Byz-NSGDM,0,0.2
1350,88.04086538461539,LF,RFA,Byz-NSGDM,0,0.2
1380,87.9306891025641,LF,RFA,Byz-NSGDM,0,0.2
1410,88.04086538461539,LF,RFA,Byz-NSGDM,0,0.2
1440,88.03084935897436,LF,RFA,Byz-NSGDM,0,0.2
1470,88.12099358974359,LF,RFA,Byz-NSGDM,0,0.2
1500,88.05088141025641,LF,RFA,Byz-NSGDM,0,0.2
30,21.474358974358974,mimic,KRUM,Baseline,0,0.001
60,49.899839743589745,mimic,KRUM,Baseline,0,0.001
90,64.64342948717949,mimic,KRUM,Baseline,0,0.001
120,73.91826923076923,mimic,KRUM,Baseline,0,0.001
150,80.68910256410257,mimic,KRUM,Baseline,0,0.001
180,83.41346153846153,mimic,KRUM,Baseline,0,0.001
210,85.61698717948718,mimic,KRUM,Baseline,0,0.001
240,86.80889423076923,mimic,KRUM,Baseline,0,0.001
270,87.51001602564102,mimic,KRUM,Baseline,0,0.001
300,87.75040064102564,mimic,KRUM,Baseline,0,0.001
330,88.92227564102564,mimic,KRUM,Baseline,0,0.001
360,89.16266025641026,mimic,KRUM,Baseline,0,0.001
390,89.38301282051282,mimic,KRUM,Baseline,0,0.001
420,89.82371794871794,mimic,KRUM,Baseline,0,0.001
450,90.09415064102564,mimic,KRUM,Baseline,0,0.001
480,90.75520833333333,mimic,KRUM,Baseline,0,0.001
510,90.94551282051282,mimic,KRUM,Baseline,0,0.001
540,90.85536858974359,mimic,KRUM,Baseline,0,0.001
570,91.07572115384616,mimic,KRUM,Baseline,0,0.001
600,91.03565705128206,mimic,KRUM,Baseline,0,0.001
630,91.60657051282051,mimic,KRUM,Baseline,0,0.001
660,91.7167467948718,mimic,KRUM,Baseline,0,0.001
690,91.72676282051282,mimic,KRUM,Baseline,0,0.001
720,92.1474358974359,mimic,KRUM,Baseline,0,0.001
750,92.2676282051282,mimic,KRUM,Baseline,0,0.001
780,92.34775641025641,mimic,KRUM,Baseline,0,0.001
810,92.81850961538461,mimic,KRUM,Baseline,0,0.001
840,92.55809294871794,mimic,KRUM,Baseline,0,0.001
870,93.02884615384616,mimic,KRUM,Baseline,0,0.001
900,92.97876602564102,mimic,KRUM,Baseline,0,0.001
930,93.01883012820512,mimic,KRUM,Baseline,0,0.001
960,93.55969551282051,mimic,KRUM,Baseline,0,0.001
990,93.28926282051282,mimic,KRUM,Baseline,0,0.001
1020,93.58974358974359,mimic,KRUM,Baseline,0,0.001
1050,93.2792467948718,mimic,KRUM,Baseline,0,0.001
1080,93.76001602564102,mimic,KRUM,Baseline,0,0.001
1110,93.78004807692308,mimic,KRUM,Baseline,0,0.001
1140,93.86017628205128,mimic,KRUM,Baseline,0,0.001
1170,94.27083333333333,mimic,KRUM,Baseline,0,0.001
1200,94.24078525641026,mimic,KRUM,Baseline,0,0.001
1230,94.51121794871794,mimic,KRUM,Baseline,0,0.001
1260,94.21073717948718,mimic,KRUM,Baseline,0,0.001
1290,94.48116987179488,mimic,KRUM,Baseline,0,0.001
1320,94.44110576923077,mimic,KRUM,Baseline,0,0.001
1350,94.40104166666667,mimic,KRUM,Baseline,0,0.001
1380,94.44110576923077,mimic,KRUM,Baseline,0,0.001
1410,94.69150641025641,mimic,KRUM,Baseline,0,0.001
1440,94.63141025641026,mimic,KRUM,Baseline,0,0.001
1470,95.05208333333333,mimic,KRUM,Baseline,0,0.001
1500,94.89182692307692,mimic,KRUM,Baseline,0,0.001
