Iterations,Accuracy (%),Attack,Aggregator,Momentum,LR,seed
30,63.44150641025641,BF,RFA,0.95,0.1,256
60,81.03966346153847,BF,RFA,0.95,0.1,256
90,72.265625,BF,RFA,0.95,0.1,256
120,77.75440705128206,BF,RFA,0.95,0.1,256
150,78.32532051282051,BF,RFA,0.95,0.1,256
180,80.90945512820512,BF,RFA,0.95,0.1,256
210,82.09134615384616,BF,RFA,0.95,0.1,256
240,83.0829326923077,BF,RFA,0.95,0.1,256
270,83.06290064102564,BF,RFA,0.95,0.1,256
300,83.82411858974359,BF,RFA,0.95,0.1,256
330,84.31490384615384,BF,RFA,0.95,0.1,256
360,84.57532051282051,BF,RFA,0.95,0.1,256
390,84.73557692307692,BF,RFA,0.95,0.1,256
420,84.375,BF,RFA,0.95,0.1,256
450,85.0360576923077,BF,RFA,0.95,0.1,256
480,85.1963141025641,BF,RFA,0.95,0.1,256
510,85.57692307692308,BF,RFA,0.95,0.1,256
540,85.96754807692308,BF,RFA,0.95,0.1,256
570,85.29647435897436,BF,RFA,0.95,0.1,256
600,85.68709935897436,BF,RFA,0.95,0.1,256
30,9.324919871794872,BF,RFA,0.3,0.001,0
60,10.38661858974359,BF,RFA,0.3,0.001,0
90,11.46834935897436,BF,RFA,0.3,0.001,0
120,12.029246794871796,BF,RFA,0.3,0.001,0
150,12.890625,BF,RFA,0.3,0.001,0
180,13.42147435897436,BF,RFA,0.3,0.001,0
210,13.962339743589743,BF,RFA,0.3,0.001,0
240,14.393028846153847,BF,RFA,0.3,0.001,0
270,14.803685897435898,BF,RFA,0.3,0.001,0
300,15.14423076923077,BF,RFA,0.3,0.001,0
330,15.604967948717949,BF,RFA,0.3,0.001,0
360,15.895432692307692,BF,RFA,0.3,0.001,0
390,16.235977564102566,BF,RFA,0.3,0.001,0
420,16.536458333333332,BF,RFA,0.3,0.001,0
450,16.90705128205128,BF,RFA,0.3,0.001,0
480,17.197516025641026,BF,RFA,0.3,0.001,0
510,17.578125,BF,RFA,0.3,0.001,0
540,17.828525641025642,BF,RFA,0.3,0.001,0
570,18.07892628205128,BF,RFA,0.3,0.001,0
600,18.37940705128205,BF,RFA,0.3,0.001,0
30,5.3485576923076925,BF,RFA,0.95,0.001,42
60,4.4170673076923075,BF,RFA,0.95,0.001,42
90,4.276842948717949,BF,RFA,0.95,0.001,42
120,4.967948717948718,BF,RFA,0.95,0.001,42
150,6.1298076923076925,BF,RFA,0.95,0.001,42
180,7.49198717948718,BF,RFA,0.95,0.001,42
210,8.75400641025641,BF,RFA,0.95,0.001,42
240,10.006009615384615,BF,RFA,0.95,0.001,42
270,11.298076923076923,BF,RFA,0.95,0.001,42
300,12.33974358974359,BF,RFA,0.95,0.001,42
330,13.361378205128204,BF,RFA,0.95,0.001,42
360,14.372996794871796,BF,RFA,0.95,0.001,42
390,15.134214743589743,BF,RFA,0.95,0.001,42
420,15.975560897435898,BF,RFA,0.95,0.001,42
450,16.626602564102566,BF,RFA,0.95,0.001,42
480,17.137419871794872,BF,RFA,0.95,0.001,42
510,17.73838141025641,BF,RFA,0.95,0.001,42
540,18.279246794871796,BF,RFA,0.95,0.001,42
570,18.75,BF,RFA,0.95,0.001,42
600,19.270833333333332,BF,RFA,0.95,0.001,42
30,33.64383012820513,BF,RFA,0.95,0.01,256
60,41.015625,BF,RFA,0.95,0.01,256
90,46.65464743589744,BF,RFA,0.95,0.01,256
120,49.6494391025641,BF,RFA,0.95,0.01,256
150,51.482371794871796,BF,RFA,0.95,0.01,256
180,52.88461538461539,BF,RFA,0.95,0.01,256
210,53.66586538461539,BF,RFA,0.95,0.01,256
240,54.17668269230769,BF,RFA,0.95,0.01,256
270,54.6875,BF,RFA,0.95,0.01,256
300,54.947916666666664,BF,RFA,0.95,0.01,256
330,55.26842948717949,BF,RFA,0.95,0.01,256
360,55.52884615384615,BF,RFA,0.95,0.01,256
390,55.66907051282051,BF,RFA,0.95,0.01,256
420,55.73918269230769,BF,RFA,0.95,0.01,256
450,55.989583333333336,BF,RFA,0.95,0.01,256
480,56.149839743589745,BF,RFA,0.95,0.01,256
510,56.42027243589744,BF,RFA,0.95,0.01,256
540,56.720753205128204,BF,RFA,0.95,0.01,256
570,56.89102564102564,BF,RFA,0.95,0.01,256
600,57.141426282051285,BF,RFA,0.95,0.01,256
30,34.19471153846154,BF,RFA,0.9,0.01,256
60,42.01722756410256,BF,RFA,0.9,0.01,256
90,47.11538461538461,BF,RFA,0.9,0.01,256
120,49.889823717948715,BF,RFA,0.9,0.01,256
150,51.89302884615385,BF,RFA,0.9,0.01,256
180,52.98477564102564,BF,RFA,0.9,0.01,256
210,53.93629807692308,BF,RFA,0.9,0.01,256
240,54.30689102564103,BF,RFA,0.9,0.01,256
270,54.70753205128205,BF,RFA,0.9,0.01,256
300,55.00801282051282,BF,RFA,0.9,0.01,256
330,55.30849358974359,BF,RFA,0.9,0.01,256
360,55.62900641025641,BF,RFA,0.9,0.01,256
390,55.65905448717949,BF,RFA,0.9,0.01,256
420,55.79927884615385,BF,RFA,0.9,0.01,256
450,55.989583333333336,BF,RFA,0.9,0.01,256
480,56.26001602564103,BF,RFA,0.9,0.01,256
510,56.48036858974359,BF,RFA,0.9,0.01,256
540,56.750801282051285,BF,RFA,0.9,0.01,256
570,56.931089743589745,BF,RFA,0.9,0.01,256
600,57.18149038461539,BF,RFA,0.9,0.01,256
30,24.14863782051282,BF,RFA,0.9,0.005,256
60,30.819310897435898,BF,RFA,0.9,0.005,256
90,34.20472756410256,BF,RFA,0.9,0.005,256
120,37.11939102564103,BF,RFA,0.9,0.005,256
150,39.42307692307692,BF,RFA,0.9,0.005,256
180,41.49639423076923,BF,RFA,0.9,0.005,256
210,43.36939102564103,BF,RFA,0.9,0.005,256
240,44.85176282051282,BF,RFA,0.9,0.005,256
270,46.173878205128204,BF,RFA,0.9,0.005,256
300,47.40584935897436,BF,RFA,0.9,0.005,256
330,48.16706730769231,BF,RFA,0.9,0.005,256
360,49.04847756410256,BF,RFA,0.9,0.005,256
390,49.689503205128204,BF,RFA,0.9,0.005,256
420,50.22035256410256,BF,RFA,0.9,0.005,256
450,50.79126602564103,BF,RFA,0.9,0.005,256
480,51.452323717948715,BF,RFA,0.9,0.005,256
510,51.842948717948715,BF,RFA,0.9,0.005,256
540,52.34375,BF,RFA,0.9,0.005,256
570,52.52403846153846,BF,RFA,0.9,0.005,256
600,52.82451923076923,BF,RFA,0.9,0.005,256
30,36.16786858974359,BF,RFA,0.3,0.01,42
60,43.58974358974359,BF,RFA,0.3,0.01,42
90,48.55769230769231,BF,RFA,0.3,0.01,42
120,50.54086538461539,BF,RFA,0.3,0.01,42
150,52.243589743589745,BF,RFA,0.3,0.01,42
180,53.50560897435897,BF,RFA,0.3,0.01,42
210,53.93629807692308,BF,RFA,0.3,0.01,42
240,54.20673076923077,BF,RFA,0.3,0.01,42
270,54.38701923076923,BF,RFA,0.3,0.01,42
300,54.69751602564103,BF,RFA,0.3,0.01,42
330,55.19831730769231,BF,RFA,0.3,0.01,42
360,55.548878205128204,BF,RFA,0.3,0.01,42
390,55.66907051282051,BF,RFA,0.3,0.01,42
420,55.88942307692308,BF,RFA,0.3,0.01,42
450,56.10977564102564,BF,RFA,0.3,0.01,42
480,56.380208333333336,BF,RFA,0.3,0.01,42
510,56.55048076923077,BF,RFA,0.3,0.01,42
540,56.73076923076923,BF,RFA,0.3,0.01,42
570,57.04126602564103,BF,RFA,0.3,0.01,42
600,57.28165064102564,BF,RFA,0.3,0.01,42
30,65.3145032051282,BF,RFA,0.9,0.05,0
60,62.59014423076923,BF,RFA,0.9,0.05,0
90,66.21594551282051,BF,RFA,0.9,0.05,0
120,70.50280448717949,BF,RFA,0.9,0.05,0
150,74.65945512820512,BF,RFA,0.9,0.05,0
180,79.15665064102564,BF,RFA,0.9,0.05,0
210,73.5176282051282,BF,RFA,0.9,0.05,0
240,75.59094551282051,BF,RFA,0.9,0.05,0
270,77.08333333333333,BF,RFA,0.9,0.05,0
300,77.6542467948718,BF,RFA,0.9,0.05,0
330,78.6358173076923,BF,RFA,0.9,0.05,0
360,79.22676282051282,BF,RFA,0.9,0.05,0
390,79.65745192307692,BF,RFA,0.9,0.05,0
420,79.97796474358974,BF,RFA,0.9,0.05,0
450,80.40865384615384,BF,RFA,0.9,0.05,0
480,80.80929487179488,BF,RFA,0.9,0.05,0
510,81.28004807692308,BF,RFA,0.9,0.05,0
540,81.48036858974359,BF,RFA,0.9,0.05,0
570,81.27003205128206,BF,RFA,0.9,0.05,0
600,81.70072115384616,BF,RFA,0.9,0.05,0
30,19.21073717948718,BF,RFA,0.0,0.005,42
60,29.977964743589745,BF,RFA,0.0,0.005,42
90,35.59695512820513,BF,RFA,0.0,0.005,42
120,38.82211538461539,BF,RFA,0.0,0.005,42
150,40.77524038461539,BF,RFA,0.0,0.005,42
180,42.96875,BF,RFA,0.0,0.005,42
210,44.65144230769231,BF,RFA,0.0,0.005,42
240,46.15384615384615,BF,RFA,0.0,0.005,42
270,47.395833333333336,BF,RFA,0.0,0.005,42
300,48.60777243589744,BF,RFA,0.0,0.005,42
330,49.61939102564103,BF,RFA,0.0,0.005,42
360,50.48076923076923,BF,RFA,0.0,0.005,42
390,51.01161858974359,BF,RFA,0.0,0.005,42
420,51.44230769230769,BF,RFA,0.0,0.005,42
450,51.92307692307692,BF,RFA,0.0,0.005,42
480,52.263621794871796,BF,RFA,0.0,0.005,42
510,52.604166666666664,BF,RFA,0.0,0.005,42
540,52.7744391025641,BF,RFA,0.0,0.005,42
570,52.88461538461539,BF,RFA,0.0,0.005,42
600,53.14503205128205,BF,RFA,0.0,0.005,42
30,5.438701923076923,BF,RFA,0.5,0.001,42
60,4.537259615384615,BF,RFA,0.5,0.001,42
90,4.2868589743589745,BF,RFA,0.5,0.001,42
120,4.717548076923077,BF,RFA,0.5,0.001,42
150,5.659054487179487,BF,RFA,0.5,0.001,42
180,6.820913461538462,BF,RFA,0.5,0.001,42
210,8.11298076923077,BF,RFA,0.5,0.001,42
240,9.425080128205128,BF,RFA,0.5,0.001,42
270,10.506810897435898,BF,RFA,0.5,0.001,42
300,11.688701923076923,BF,RFA,0.5,0.001,42
330,12.690304487179487,BF,RFA,0.5,0.001,42
360,14.082532051282051,BF,RFA,0.5,0.001,42
390,14.873798076923077,BF,RFA,0.5,0.001,42
420,15.745192307692308,BF,RFA,0.5,0.001,42
450,16.49639423076923,BF,RFA,0.5,0.001,42
480,17.09735576923077,BF,RFA,0.5,0.001,42
510,17.918669871794872,BF,RFA,0.5,0.001,42
540,18.760016025641026,BF,RFA,0.5,0.001,42
570,19.431089743589745,BF,RFA,0.5,0.001,42
600,20.052083333333332,BF,RFA,0.5,0.001,42
30,66.4863782051282,BF,RFA,0.7,0.05,0
60,62.760416666666664,BF,RFA,0.7,0.05,0
90,65.86538461538461,BF,RFA,0.7,0.05,0
120,70.21233974358974,BF,RFA,0.7,0.05,0
150,74.28886217948718,BF,RFA,0.7,0.05,0
180,72.62620192307692,BF,RFA,0.7,0.05,0
210,73.60777243589743,BF,RFA,0.7,0.05,0
240,74.77964743589743,BF,RFA,0.7,0.05,0
270,76.12179487179488,BF,RFA,0.7,0.05,0
300,76.53245192307692,BF,RFA,0.7,0.05,0
330,77.28365384615384,BF,RFA,0.7,0.05,0
360,77.70432692307692,BF,RFA,0.7,0.05,0
390,78.09495192307692,BF,RFA,0.7,0.05,0
420,78.31530448717949,BF,RFA,0.7,0.05,0
450,78.67588141025641,BF,RFA,0.7,0.05,0
480,79.01642628205128,BF,RFA,0.7,0.05,0
510,79.43709935897436,BF,RFA,0.7,0.05,0
540,79.73758012820512,BF,RFA,0.7,0.05,0
570,79.6474358974359,BF,RFA,0.7,0.05,0
600,79.89783653846153,BF,RFA,0.7,0.05,0
30,62.15945512820513,BF,RFA,0.99,0.1,256
60,80.44871794871794,BF,RFA,0.99,0.1,256
90,71.62459935897436,BF,RFA,0.99,0.1,256
120,77.59415064102564,BF,RFA,0.99,0.1,256
150,70.75320512820512,BF,RFA,0.99,0.1,256
180,69.53125,BF,RFA,0.99,0.1,256
210,76.42227564102564,BF,RFA,0.99,0.1,256
240,78.8261217948718,BF,RFA,0.99,0.1,256
270,80.60897435897436,BF,RFA,0.99,0.1,256
300,78.2451923076923,BF,RFA,0.99,0.1,256
330,79.69751602564102,BF,RFA,0.99,0.1,256
360,82.94270833333333,BF,RFA,0.99,0.1,256
390,83.18309294871794,BF,RFA,0.99,0.1,256
420,81.35016025641026,BF,RFA,0.99,0.1,256
450,82.5420673076923,BF,RFA,0.99,0.1,256
480,84.30488782051282,BF,RFA,0.99,0.1,256
510,84.16466346153847,BF,RFA,0.99,0.1,256
540,83.82411858974359,BF,RFA,0.99,0.1,256
570,84.61538461538461,BF,RFA,0.99,0.1,256
600,85.06610576923077,BF,RFA,0.99,0.1,256
30,75.41065705128206,BF,RFA,0.3,0.5,42
60,68.49959935897436,BF,RFA,0.3,0.5,42
90,75.79126602564102,BF,RFA,0.3,0.5,42
120,73.66786858974359,BF,RFA,0.3,0.5,42
150,68.26923076923077,BF,RFA,0.3,0.5,42
180,70.07211538461539,BF,RFA,0.3,0.5,42
210,70.28245192307692,BF,RFA,0.3,0.5,42
240,68.56971153846153,BF,RFA,0.3,0.5,42
270,72.78645833333333,BF,RFA,0.3,0.5,42
300,69.79166666666667,BF,RFA,0.3,0.5,42
330,67.86858974358974,BF,RFA,0.3,0.5,42
360,66.55649038461539,BF,RFA,0.3,0.5,42
390,71.55448717948718,BF,RFA,0.3,0.5,42
420,67.16746794871794,BF,RFA,0.3,0.5,42
450,69.82171474358974,BF,RFA,0.3,0.5,42
480,68.94030448717949,BF,RFA,0.3,0.5,42
510,72.32572115384616,BF,RFA,0.3,0.5,42
540,71.15384615384616,BF,RFA,0.3,0.5,42
570,68.89022435897436,BF,RFA,0.3,0.5,42
600,62.34975961538461,BF,RFA,0.3,0.5,42
30,5.358573717948718,BF,RFA,0.9,0.001,42
60,4.447115384615385,BF,RFA,0.9,0.001,42
90,4.296875,BF,RFA,0.9,0.001,42
120,4.967948717948718,BF,RFA,0.9,0.001,42
150,6.119791666666667,BF,RFA,0.9,0.001,42
180,7.441907051282051,BF,RFA,0.9,0.001,42
210,8.723958333333334,BF,RFA,0.9,0.001,42
240,9.935897435897436,BF,RFA,0.9,0.001,42
270,11.278044871794872,BF,RFA,0.9,0.001,42
300,12.439903846153847,BF,RFA,0.9,0.001,42
330,13.44150641025641,BF,RFA,0.9,0.001,42
360,14.513221153846153,BF,RFA,0.9,0.001,42
390,15.224358974358974,BF,RFA,0.9,0.001,42
420,16.03565705128205,BF,RFA,0.9,0.001,42
450,16.676682692307693,BF,RFA,0.9,0.001,42
480,17.227564102564102,BF,RFA,0.9,0.001,42
510,17.89863782051282,BF,RFA,0.9,0.001,42
540,18.479567307692307,BF,RFA,0.9,0.001,42
570,18.91025641025641,BF,RFA,0.9,0.001,42
600,19.431089743589745,BF,RFA,0.9,0.001,42
30,9.425080128205128,BF,RFA,0.95,0.001,256
60,11.268028846153847,BF,RFA,0.95,0.001,256
90,12.59014423076923,BF,RFA,0.95,0.001,256
120,13.872195512820513,BF,RFA,0.95,0.001,256
150,15.014022435897436,BF,RFA,0.95,0.001,256
180,16.235977564102566,BF,RFA,0.95,0.001,256
210,17.307692307692307,BF,RFA,0.95,0.001,256
240,18.239182692307693,BF,RFA,0.95,0.001,256
270,19.080528846153847,BF,RFA,0.95,0.001,256
300,19.85176282051282,BF,RFA,0.95,0.001,256
330,20.52283653846154,BF,RFA,0.95,0.001,256
360,21.16386217948718,BF,RFA,0.95,0.001,256
390,21.824919871794872,BF,RFA,0.95,0.001,256
420,22.345753205128204,BF,RFA,0.95,0.001,256
450,22.826522435897434,BF,RFA,0.95,0.001,256
480,23.20713141025641,BF,RFA,0.95,0.001,256
510,23.657852564102566,BF,RFA,0.95,0.001,256
540,24.088541666666668,BF,RFA,0.95,0.001,256
570,24.599358974358974,BF,RFA,0.95,0.001,256
600,25.0,BF,RFA,0.95,0.001,256
30,55.65905448717949,BF,RFA,0.0,0.05,256
60,57.20152243589744,BF,RFA,0.0,0.05,256
90,59.94591346153846,BF,RFA,0.0,0.05,256
120,64.03245192307692,BF,RFA,0.0,0.05,256
150,67.23758012820512,BF,RFA,0.0,0.05,256
180,70.65304487179488,BF,RFA,0.0,0.05,256
210,73.99839743589743,BF,RFA,0.0,0.05,256
240,72.17548076923077,BF,RFA,0.0,0.05,256
270,73.22716346153847,BF,RFA,0.0,0.05,256
300,73.88822115384616,BF,RFA,0.0,0.05,256
330,74.89983974358974,BF,RFA,0.0,0.05,256
360,75.75120192307692,BF,RFA,0.0,0.05,256
390,76.07171474358974,BF,RFA,0.0,0.05,256
420,76.03165064102564,BF,RFA,0.0,0.05,256
450,76.43229166666667,BF,RFA,0.0,0.05,256
480,76.49238782051282,BF,RFA,0.0,0.05,256
510,76.6426282051282,BF,RFA,0.0,0.05,256
540,77.35376602564102,BF,RFA,0.0,0.05,256
570,77.37379807692308,BF,RFA,0.0,0.05,256
600,77.52403846153847,BF,RFA,0.0,0.05,256
30,9.164663461538462,BF,RFA,0.0,0.001,0
60,10.06610576923077,BF,RFA,0.0,0.001,0
90,11.107772435897436,BF,RFA,0.0,0.001,0
120,11.80889423076923,BF,RFA,0.0,0.001,0
150,12.530048076923077,BF,RFA,0.0,0.001,0
180,13.100961538461538,BF,RFA,0.0,0.001,0
210,13.681891025641026,BF,RFA,0.0,0.001,0
240,14.002403846153847,BF,RFA,0.0,0.001,0
270,14.473157051282051,BF,RFA,0.0,0.001,0
300,14.783653846153847,BF,RFA,0.0,0.001,0
330,15.084134615384615,BF,RFA,0.0,0.001,0
360,15.474759615384615,BF,RFA,0.0,0.001,0
390,15.805288461538462,BF,RFA,0.0,0.001,0
420,16.185897435897434,BF,RFA,0.0,0.001,0
450,16.396233974358974,BF,RFA,0.0,0.001,0
480,16.736778846153847,BF,RFA,0.0,0.001,0
510,17.057291666666668,BF,RFA,0.0,0.001,0
540,17.377804487179485,BF,RFA,0.0,0.001,0
570,17.548076923076923,BF,RFA,0.0,0.001,0
600,17.78846153846154,BF,RFA,0.0,0.001,0
30,61.608573717948715,BF,RFA,0.0,0.05,0
60,59.85576923076923,BF,RFA,0.0,0.05,0
90,61.89903846153846,BF,RFA,0.0,0.05,0
120,64.13261217948718,BF,RFA,0.0,0.05,0
150,67.81850961538461,BF,RFA,0.0,0.05,0
180,71.11378205128206,BF,RFA,0.0,0.05,0
210,71.46434294871794,BF,RFA,0.0,0.05,0
240,71.77483974358974,BF,RFA,0.0,0.05,0
270,72.03525641025641,BF,RFA,0.0,0.05,0
300,72.42588141025641,BF,RFA,0.0,0.05,0
330,72.62620192307692,BF,RFA,0.0,0.05,0
360,72.70633012820512,BF,RFA,0.0,0.05,0
390,72.88661858974359,BF,RFA,0.0,0.05,0
420,73.10697115384616,BF,RFA,0.0,0.05,0
450,73.25721153846153,BF,RFA,0.0,0.05,0
480,73.34735576923077,BF,RFA,0.0,0.05,0
510,73.44751602564102,BF,RFA,0.0,0.05,0
540,73.59775641025641,BF,RFA,0.0,0.05,0
570,73.67788461538461,BF,RFA,0.0,0.05,0
600,73.69791666666667,BF,RFA,0.0,0.05,0
30,78.01482371794872,BF,RFA,0.5,0.5,256
60,76.0917467948718,BF,RFA,0.5,0.5,256
90,75.4707532051282,BF,RFA,0.5,0.5,256
120,68.80008012820512,BF,RFA,0.5,0.5,256
150,68.19911858974359,BF,RFA,0.5,0.5,256
180,76.2119391025641,BF,RFA,0.5,0.5,256
210,72.51602564102564,BF,RFA,0.5,0.5,256
240,74.35897435897436,BF,RFA,0.5,0.5,256
270,75.81129807692308,BF,RFA,0.5,0.5,256
300,72.79647435897436,BF,RFA,0.5,0.5,256
330,67.78846153846153,BF,RFA,0.5,0.5,256
360,75.49078525641026,BF,RFA,0.5,0.5,256
390,73.19711538461539,BF,RFA,0.5,0.5,256
420,72.52604166666667,BF,RFA,0.5,0.5,256
450,72.46594551282051,BF,RFA,0.5,0.5,256
480,72.48597756410257,BF,RFA,0.5,0.5,256
510,70.67307692307692,BF,RFA,0.5,0.5,256
540,76.4823717948718,BF,RFA,0.5,0.5,256
570,75.1201923076923,BF,RFA,0.5,0.5,256
600,64.87379807692308,BF,RFA,0.5,0.5,256
30,66.12580128205128,BF,RFA,0.5,0.1,0
60,73.1670673076923,BF,RFA,0.5,0.1,0
90,75.07011217948718,BF,RFA,0.5,0.1,0
120,75.78125,BF,RFA,0.5,0.1,0
150,76.75280448717949,BF,RFA,0.5,0.1,0
180,77.40384615384616,BF,RFA,0.5,0.1,0
210,77.93469551282051,BF,RFA,0.5,0.1,0
240,78.96634615384616,BF,RFA,0.5,0.1,0
270,78.8661858974359,BF,RFA,0.5,0.1,0
300,78.80608974358974,BF,RFA,0.5,0.1,0
330,79.54727564102564,BF,RFA,0.5,0.1,0
360,79.26682692307692,BF,RFA,0.5,0.1,0
390,78.9463141025641,BF,RFA,0.5,0.1,0
420,78.76602564102564,BF,RFA,0.5,0.1,0
450,78.60576923076923,BF,RFA,0.5,0.1,0
480,78.88621794871794,BF,RFA,0.5,0.1,0
510,78.56570512820512,BF,RFA,0.5,0.1,0
540,78.7860576923077,BF,RFA,0.5,0.1,0
570,79.07652243589743,BF,RFA,0.5,0.1,0
600,78.90625,BF,RFA,0.5,0.1,0
30,31.300080128205128,BF,RFA,0.9,0.01,0
60,36.979166666666664,BF,RFA,0.9,0.01,0
90,42.69831730769231,BF,RFA,0.9,0.01,0
120,49.23878205128205,BF,RFA,0.9,0.01,0
150,54.14663461538461,BF,RFA,0.9,0.01,0
180,57.80248397435897,BF,RFA,0.9,0.01,0
210,60.266426282051285,BF,RFA,0.9,0.01,0
240,61.72876602564103,BF,RFA,0.9,0.01,0
270,62.98076923076923,BF,RFA,0.9,0.01,0
300,63.88221153846154,BF,RFA,0.9,0.01,0
330,64.83373397435898,BF,RFA,0.9,0.01,0
360,65.59495192307692,BF,RFA,0.9,0.01,0
390,65.43469551282051,BF,RFA,0.9,0.01,0
420,65.20432692307692,BF,RFA,0.9,0.01,0
450,65.01402243589743,BF,RFA,0.9,0.01,0
480,64.1826923076923,BF,RFA,0.9,0.01,0
510,63.571714743589745,BF,RFA,0.9,0.01,0
540,62.83052884615385,BF,RFA,0.9,0.01,0
570,62.12940705128205,BF,RFA,0.9,0.01,0
600,61.6786858974359,BF,RFA,0.9,0.01,0
30,58.333333333333336,BF,RFA,0.99,0.05,42
60,59.00440705128205,BF,RFA,0.99,0.05,42
90,64.1826923076923,BF,RFA,0.99,0.05,42
120,67.72836538461539,BF,RFA,0.99,0.05,42
150,72.93669871794872,BF,RFA,0.99,0.05,42
180,77.14342948717949,BF,RFA,0.99,0.05,42
210,72.89663461538461,BF,RFA,0.99,0.05,42
240,70.71314102564102,BF,RFA,0.99,0.05,42
270,72.55608974358974,BF,RFA,0.99,0.05,42
300,72.25560897435898,BF,RFA,0.99,0.05,42
330,75.56089743589743,BF,RFA,0.99,0.05,42
360,78.1650641025641,BF,RFA,0.99,0.05,42
390,79.00641025641026,BF,RFA,0.99,0.05,42
420,78.96634615384616,BF,RFA,0.99,0.05,42
450,78.73597756410257,BF,RFA,0.99,0.05,42
480,79.30689102564102,BF,RFA,0.99,0.05,42
510,80.078125,BF,RFA,0.99,0.05,42
540,81.03966346153847,BF,RFA,0.99,0.05,42
570,81.50040064102564,BF,RFA,0.99,0.05,42
600,81.57051282051282,BF,RFA,0.99,0.05,42
30,17.377804487179485,BF,RFA,0.0,0.005,0
60,24.529246794871796,BF,RFA,0.0,0.005,0
90,28.67588141025641,BF,RFA,0.0,0.005,0
120,31.590544871794872,BF,RFA,0.0,0.005,0
150,33.35336538461539,BF,RFA,0.0,0.005,0
180,35.70713141025641,BF,RFA,0.0,0.005,0
210,38.40144230769231,BF,RFA,0.0,0.005,0
240,41.04567307692308,BF,RFA,0.0,0.005,0
270,43.098958333333336,BF,RFA,0.0,0.005,0
300,45.28245192307692,BF,RFA,0.0,0.005,0
330,47.29567307692308,BF,RFA,0.0,0.005,0
360,48.97836538461539,BF,RFA,0.0,0.005,0
390,50.41065705128205,BF,RFA,0.0,0.005,0
420,51.9130608974359,BF,RFA,0.0,0.005,0
450,53.31530448717949,BF,RFA,0.0,0.005,0
480,54.6474358974359,BF,RFA,0.0,0.005,0
510,55.45873397435897,BF,RFA,0.0,0.005,0
540,56.07972756410256,BF,RFA,0.0,0.005,0
570,56.71073717948718,BF,RFA,0.0,0.005,0
600,57.421875,BF,RFA,0.0,0.005,0
30,18.118990384615383,BF,RFA,0.3,0.005,0
60,25.96153846153846,BF,RFA,0.3,0.005,0
90,29.827724358974358,BF,RFA,0.3,0.005,0
120,32.25160256410256,BF,RFA,0.3,0.005,0
150,34.40504807692308,BF,RFA,0.3,0.005,0
180,36.999198717948715,BF,RFA,0.3,0.005,0
210,39.67347756410256,BF,RFA,0.3,0.005,0
240,42.27764423076923,BF,RFA,0.3,0.005,0
270,44.47115384615385,BF,RFA,0.3,0.005,0
300,46.54447115384615,BF,RFA,0.3,0.005,0
330,48.68790064102564,BF,RFA,0.3,0.005,0
360,50.75120192307692,BF,RFA,0.3,0.005,0
390,52.423878205128204,BF,RFA,0.3,0.005,0
420,53.93629807692308,BF,RFA,0.3,0.005,0
450,55.32852564102564,BF,RFA,0.3,0.005,0
480,56.50040064102564,BF,RFA,0.3,0.005,0
510,57.47195512820513,BF,RFA,0.3,0.005,0
540,58.493589743589745,BF,RFA,0.3,0.005,0
570,59.36498397435897,BF,RFA,0.3,0.005,0
600,60.046073717948715,BF,RFA,0.3,0.005,0
30,82.82251602564102,BF,RFA,0.99,0.5,0
60,90.65504807692308,BF,RFA,0.99,0.5,0
90,93.11899038461539,BF,RFA,0.99,0.5,0
120,94.78165064102564,BF,RFA,0.99,0.5,0
150,96.09375,BF,RFA,0.99,0.5,0
180,96.875,BF,RFA,0.99,0.5,0
210,83.85416666666667,BF,RFA,0.99,0.5,0
240,82.53205128205128,BF,RFA,0.99,0.5,0
270,86.68870192307692,BF,RFA,0.99,0.5,0
300,87.09935897435898,BF,RFA,0.99,0.5,0
330,86.58854166666667,BF,RFA,0.99,0.5,0
360,87.5,BF,RFA,0.99,0.5,0
390,87.87059294871794,BF,RFA,0.99,0.5,0
420,87.19951923076923,BF,RFA,0.99,0.5,0
450,88.3213141025641,BF,RFA,0.99,0.5,0
480,88.4014423076923,BF,RFA,0.99,0.5,0
510,88.72195512820512,BF,RFA,0.99,0.5,0
540,88.54166666666667,BF,RFA,0.99,0.5,0
570,88.69190705128206,BF,RFA,0.99,0.5,0
600,88.80208333333333,BF,RFA,0.99,0.5,0
30,33.21314102564103,BF,RFA,0.99,0.01,256
60,39.61338141025641,BF,RFA,0.99,0.01,256
90,45.16225961538461,BF,RFA,0.99,0.01,256
120,48.727964743589745,BF,RFA,0.99,0.01,256
150,50.84134615384615,BF,RFA,0.99,0.01,256
180,51.9931891025641,BF,RFA,0.99,0.01,256
210,52.95472756410256,BF,RFA,0.99,0.01,256
240,53.48557692307692,BF,RFA,0.99,0.01,256
270,54.05649038461539,BF,RFA,0.99,0.01,256
300,54.61738782051282,BF,RFA,0.99,0.01,256
330,55.00801282051282,BF,RFA,0.99,0.01,256
360,55.22836538461539,BF,RFA,0.99,0.01,256
390,55.41866987179487,BF,RFA,0.99,0.01,256
420,55.62900641025641,BF,RFA,0.99,0.01,256
450,55.60897435897436,BF,RFA,0.99,0.01,256
480,55.88942307692308,BF,RFA,0.99,0.01,256
510,56.01963141025641,BF,RFA,0.99,0.01,256
540,56.21995192307692,BF,RFA,0.99,0.01,256
570,56.380208333333336,BF,RFA,0.99,0.01,256
600,56.61057692307692,BF,RFA,0.99,0.01,256
30,24.90985576923077,BF,RFA,0.5,0.005,256
60,31.981169871794872,BF,RFA,0.5,0.005,256
90,35.1963141025641,BF,RFA,0.5,0.005,256
120,38.37139423076923,BF,RFA,0.5,0.005,256
150,40.42467948717949,BF,RFA,0.5,0.005,256
180,42.317708333333336,BF,RFA,0.5,0.005,256
210,43.850160256410255,BF,RFA,0.5,0.005,256
240,45.3125,BF,RFA,0.5,0.005,256
270,46.42427884615385,BF,RFA,0.5,0.005,256
300,47.43589743589744,BF,RFA,0.5,0.005,256
330,48.18709935897436,BF,RFA,0.5,0.005,256
360,48.928285256410255,BF,RFA,0.5,0.005,256
390,49.46915064102564,BF,RFA,0.5,0.005,256
420,50.01001602564103,BF,RFA,0.5,0.005,256
450,50.671073717948715,BF,RFA,0.5,0.005,256
480,51.171875,BF,RFA,0.5,0.005,256
510,51.55248397435897,BF,RFA,0.5,0.005,256
540,51.94310897435897,BF,RFA,0.5,0.005,256
570,52.15344551282051,BF,RFA,0.5,0.005,256
600,52.43389423076923,BF,RFA,0.5,0.005,256
30,64.64342948717949,BF,RFA,0.3,0.1,42
60,72.35576923076923,BF,RFA,0.3,0.1,42
90,73.3974358974359,BF,RFA,0.3,0.1,42
120,74.5292467948718,BF,RFA,0.3,0.1,42
150,74.9198717948718,BF,RFA,0.3,0.1,42
180,75.49078525641026,BF,RFA,0.3,0.1,42
210,75.73116987179488,BF,RFA,0.3,0.1,42
240,76.22195512820512,BF,RFA,0.3,0.1,42
270,76.6426282051282,BF,RFA,0.3,0.1,42
300,76.39222756410257,BF,RFA,0.3,0.1,42
330,76.8329326923077,BF,RFA,0.3,0.1,42
360,76.81290064102564,BF,RFA,0.3,0.1,42
390,76.4823717948718,BF,RFA,0.3,0.1,42
420,76.20192307692308,BF,RFA,0.3,0.1,42
450,75.61097756410257,BF,RFA,0.3,0.1,42
480,76.06169871794872,BF,RFA,0.3,0.1,42
510,75.92147435897436,BF,RFA,0.3,0.1,42
540,76.0917467948718,BF,RFA,0.3,0.1,42
570,75.54086538461539,BF,RFA,0.3,0.1,42
600,75.6610576923077,BF,RFA,0.3,0.1,42
30,66.00560897435898,BF,RFA,0.5,0.1,42
60,72.76642628205128,BF,RFA,0.5,0.1,42
90,74.74959935897436,BF,RFA,0.5,0.1,42
120,76.66266025641026,BF,RFA,0.5,0.1,42
150,77.32371794871794,BF,RFA,0.5,0.1,42
180,78.01482371794872,BF,RFA,0.5,0.1,42
210,78.70592948717949,BF,RFA,0.5,0.1,42
240,79.47716346153847,BF,RFA,0.5,0.1,42
270,79.57732371794872,BF,RFA,0.5,0.1,42
300,79.43709935897436,BF,RFA,0.5,0.1,42
330,79.94791666666667,BF,RFA,0.5,0.1,42
360,79.93790064102564,BF,RFA,0.5,0.1,42
390,79.57732371794872,BF,RFA,0.5,0.1,42
420,79.75761217948718,BF,RFA,0.5,0.1,42
450,79.23677884615384,BF,RFA,0.5,0.1,42
480,79.32692307692308,BF,RFA,0.5,0.1,42
510,79.23677884615384,BF,RFA,0.5,0.1,42
540,80.02804487179488,BF,RFA,0.5,0.1,42
570,78.81610576923077,BF,RFA,0.5,0.1,42
600,79.28685897435898,BF,RFA,0.5,0.1,42
30,18.880208333333332,BF,RFA,0.99,0.005,0
60,26.662660256410255,BF,RFA,0.99,0.005,0
90,30.28846153846154,BF,RFA,0.99,0.005,0
120,32.552083333333336,BF,RFA,0.99,0.005,0
150,34.3349358974359,BF,RFA,0.99,0.005,0
180,35.546875,BF,RFA,0.99,0.005,0
210,36.50841346153846,BF,RFA,0.99,0.005,0
240,37.5400641025641,BF,RFA,0.99,0.005,0
270,38.60176282051282,BF,RFA,0.99,0.005,0
300,39.79366987179487,BF,RFA,0.99,0.005,0
330,40.89543269230769,BF,RFA,0.99,0.005,0
360,42.24759615384615,BF,RFA,0.99,0.005,0
390,43.469551282051285,BF,RFA,0.99,0.005,0
420,44.78165064102564,BF,RFA,0.99,0.005,0
450,46.63461538461539,BF,RFA,0.99,0.005,0
480,47.98677884615385,BF,RFA,0.99,0.005,0
510,49.51923076923077,BF,RFA,0.99,0.005,0
540,50.96153846153846,BF,RFA,0.99,0.005,0
570,52.25360576923077,BF,RFA,0.99,0.005,0
600,53.37540064102564,BF,RFA,0.99,0.005,0
30,5.629006410256411,BF,RFA,0.0,0.001,42
60,4.787660256410256,BF,RFA,0.0,0.001,42
90,4.467147435897436,BF,RFA,0.0,0.001,42
120,4.497195512820513,BF,RFA,0.0,0.001,42
150,4.747596153846154,BF,RFA,0.0,0.001,42
180,5.368589743589744,BF,RFA,0.0,0.001,42
210,6.410256410256411,BF,RFA,0.0,0.001,42
240,7.421875,BF,RFA,0.0,0.001,42
270,8.353365384615385,BF,RFA,0.0,0.001,42
300,9.415064102564102,BF,RFA,0.0,0.001,42
330,10.506810897435898,BF,RFA,0.0,0.001,42
360,11.328125,BF,RFA,0.0,0.001,42
390,12.209535256410257,BF,RFA,0.0,0.001,42
420,13.19110576923077,BF,RFA,0.0,0.001,42
450,14.172676282051283,BF,RFA,0.0,0.001,42
480,15.054086538461538,BF,RFA,0.0,0.001,42
510,15.965544871794872,BF,RFA,0.0,0.001,42
540,16.81690705128205,BF,RFA,0.0,0.001,42
570,17.718349358974358,BF,RFA,0.0,0.001,42
600,18.559695512820515,BF,RFA,0.0,0.001,42
30,35.647035256410255,BF,RFA,0.5,0.01,256
60,43.49959935897436,BF,RFA,0.5,0.01,256
90,47.155448717948715,BF,RFA,0.5,0.01,256
120,50.05008012820513,BF,RFA,0.5,0.01,256
150,51.98317307692308,BF,RFA,0.5,0.01,256
180,52.94471153846154,BF,RFA,0.5,0.01,256
210,53.85616987179487,BF,RFA,0.5,0.01,256
240,54.12660256410256,BF,RFA,0.5,0.01,256
270,54.52724358974359,BF,RFA,0.5,0.01,256
300,54.87780448717949,BF,RFA,0.5,0.01,256
330,55.158253205128204,BF,RFA,0.5,0.01,256
360,55.32852564102564,BF,RFA,0.5,0.01,256
390,55.45873397435897,BF,RFA,0.5,0.01,256
420,55.548878205128204,BF,RFA,0.5,0.01,256
450,55.58894230769231,BF,RFA,0.5,0.01,256
480,55.67908653846154,BF,RFA,0.5,0.01,256
510,55.749198717948715,BF,RFA,0.5,0.01,256
540,55.8994391025641,BF,RFA,0.5,0.01,256
570,56.02964743589744,BF,RFA,0.5,0.01,256
600,56.06971153846154,BF,RFA,0.5,0.01,256
30,9.51522435897436,BF,RFA,0.5,0.001,256
60,11.288060897435898,BF,RFA,0.5,0.001,256
90,12.680288461538462,BF,RFA,0.5,0.001,256
120,14.31290064102564,BF,RFA,0.5,0.001,256
150,15.32451923076923,BF,RFA,0.5,0.001,256
180,16.396233974358974,BF,RFA,0.5,0.001,256
210,17.477964743589745,BF,RFA,0.5,0.001,256
240,18.209134615384617,BF,RFA,0.5,0.001,256
270,19.16065705128205,BF,RFA,0.5,0.001,256
300,20.162259615384617,BF,RFA,0.5,0.001,256
330,20.77323717948718,BF,RFA,0.5,0.001,256
360,21.41426282051282,BF,RFA,0.5,0.001,256
390,22.075320512820515,BF,RFA,0.5,0.001,256
420,22.796474358974358,BF,RFA,0.5,0.001,256
450,23.247195512820515,BF,RFA,0.5,0.001,256
480,23.747996794871796,BF,RFA,0.5,0.001,256
510,24.12860576923077,BF,RFA,0.5,0.001,256
540,24.599358974358974,BF,RFA,0.5,0.001,256
570,24.939903846153847,BF,RFA,0.5,0.001,256
600,25.400641025641026,BF,RFA,0.5,0.001,256
30,62.52003205128205,BF,RFA,0.99,0.1,42
60,77.55408653846153,BF,RFA,0.99,0.1,42
90,69.44110576923077,BF,RFA,0.99,0.1,42
120,71.28405448717949,BF,RFA,0.99,0.1,42
150,78.9863782051282,BF,RFA,0.99,0.1,42
180,78.71594551282051,BF,RFA,0.99,0.1,42
210,78.515625,BF,RFA,0.99,0.1,42
240,79.65745192307692,BF,RFA,0.99,0.1,42
270,81.48036858974359,BF,RFA,0.99,0.1,42
300,82.17147435897436,BF,RFA,0.99,0.1,42
330,82.41185897435898,BF,RFA,0.99,0.1,42
360,82.18149038461539,BF,RFA,0.99,0.1,42
390,83.68389423076923,BF,RFA,0.99,0.1,42
420,83.80408653846153,BF,RFA,0.99,0.1,42
450,83.35336538461539,BF,RFA,0.99,0.1,42
480,84.61538461538461,BF,RFA,0.99,0.1,42
510,84.78565705128206,BF,RFA,0.99,0.1,42
540,85.06610576923077,BF,RFA,0.99,0.1,42
570,85.32652243589743,BF,RFA,0.99,0.1,42
600,85.44671474358974,BF,RFA,0.99,0.1,42
30,70.54286858974359,BF,RFA,0.95,0.5,42
60,81.03966346153847,BF,RFA,0.95,0.5,42
90,84.63541666666667,BF,RFA,0.95,0.5,42
120,85.75721153846153,BF,RFA,0.95,0.5,42
150,87.03926282051282,BF,RFA,0.95,0.5,42
180,86.93910256410257,BF,RFA,0.95,0.5,42
210,86.69871794871794,BF,RFA,0.95,0.5,42
240,86.71875,BF,RFA,0.95,0.5,42
270,87.35977564102564,BF,RFA,0.95,0.5,42
300,85.90745192307692,BF,RFA,0.95,0.5,42
330,83.01282051282051,BF,RFA,0.95,0.5,42
360,86.68870192307692,BF,RFA,0.95,0.5,42
390,86.95913461538461,BF,RFA,0.95,0.5,42
420,83.60376602564102,BF,RFA,0.95,0.5,42
450,85.20633012820512,BF,RFA,0.95,0.5,42
480,86.43830128205128,BF,RFA,0.95,0.5,42
510,85.9375,BF,RFA,0.95,0.5,42
540,83.76402243589743,BF,RFA,0.95,0.5,42
570,85.96754807692308,BF,RFA,0.95,0.5,42
600,84.07451923076923,BF,RFA,0.95,0.5,42
30,63.47155448717949,BF,RFA,0.0,0.1,0
60,71.20392628205128,BF,RFA,0.0,0.1,0
90,72.45592948717949,BF,RFA,0.0,0.1,0
120,72.85657051282051,BF,RFA,0.0,0.1,0
150,73.54767628205128,BF,RFA,0.0,0.1,0
180,73.69791666666667,BF,RFA,0.0,0.1,0
210,73.85817307692308,BF,RFA,0.0,0.1,0
240,73.97836538461539,BF,RFA,0.0,0.1,0
270,73.85817307692308,BF,RFA,0.0,0.1,0
300,74.14863782051282,BF,RFA,0.0,0.1,0
330,74.04847756410257,BF,RFA,0.0,0.1,0
360,73.88822115384616,BF,RFA,0.0,0.1,0
390,73.84815705128206,BF,RFA,0.0,0.1,0
420,74.14863782051282,BF,RFA,0.0,0.1,0
450,74.23878205128206,BF,RFA,0.0,0.1,0
480,74.07852564102564,BF,RFA,0.0,0.1,0
510,73.97836538461539,BF,RFA,0.0,0.1,0
540,74.19871794871794,BF,RFA,0.0,0.1,0
570,74.11858974358974,BF,RFA,0.0,0.1,0
600,74.0985576923077,BF,RFA,0.0,0.1,0
30,24.088541666666668,BF,RFA,0.95,0.005,256
60,30.55889423076923,BF,RFA,0.95,0.005,256
90,33.95432692307692,BF,RFA,0.95,0.005,256
120,36.50841346153846,BF,RFA,0.95,0.005,256
150,38.88221153846154,BF,RFA,0.95,0.005,256
180,40.99559294871795,BF,RFA,0.95,0.005,256
210,42.80849358974359,BF,RFA,0.95,0.005,256
240,44.431089743589745,BF,RFA,0.95,0.005,256
270,45.783253205128204,BF,RFA,0.95,0.005,256
300,47.03525641025641,BF,RFA,0.95,0.005,256
330,47.936698717948715,BF,RFA,0.95,0.005,256
360,48.727964743589745,BF,RFA,0.95,0.005,256
390,49.499198717948715,BF,RFA,0.95,0.005,256
420,50.02003205128205,BF,RFA,0.95,0.005,256
450,50.59094551282051,BF,RFA,0.95,0.005,256
480,51.20192307692308,BF,RFA,0.95,0.005,256
510,51.71274038461539,BF,RFA,0.95,0.005,256
540,52.063301282051285,BF,RFA,0.95,0.005,256
570,52.51402243589744,BF,RFA,0.95,0.005,256
600,52.74439102564103,BF,RFA,0.95,0.005,256
30,31.06971153846154,BF,RFA,0.99,0.01,0
60,36.979166666666664,BF,RFA,0.99,0.01,0
90,39.86378205128205,BF,RFA,0.99,0.01,0
120,43.26923076923077,BF,RFA,0.99,0.01,0
150,47.21554487179487,BF,RFA,0.99,0.01,0
180,50.45072115384615,BF,RFA,0.99,0.01,0
210,53.45552884615385,BF,RFA,0.99,0.01,0
240,56.540464743589745,BF,RFA,0.99,0.01,0
270,58.693910256410255,BF,RFA,0.99,0.01,0
300,60.75721153846154,BF,RFA,0.99,0.01,0
330,62.029246794871796,BF,RFA,0.99,0.01,0
360,63.2411858974359,BF,RFA,0.99,0.01,0
390,64.15264423076923,BF,RFA,0.99,0.01,0
420,64.66346153846153,BF,RFA,0.99,0.01,0
450,65.75520833333333,BF,RFA,0.99,0.01,0
480,66.62660256410257,BF,RFA,0.99,0.01,0
510,66.4863782051282,BF,RFA,0.99,0.01,0
540,66.3661858974359,BF,RFA,0.99,0.01,0
570,66.0957532051282,BF,RFA,0.99,0.01,0
600,65.7051282051282,BF,RFA,0.99,0.01,0
30,20.3125,BF,RFA,0.5,0.005,42
60,29.977964743589745,BF,RFA,0.5,0.005,42
90,34.93589743589744,BF,RFA,0.5,0.005,42
120,37.96073717948718,BF,RFA,0.5,0.005,42
150,39.953926282051285,BF,RFA,0.5,0.005,42
180,42.43790064102564,BF,RFA,0.5,0.005,42
210,43.98036858974359,BF,RFA,0.5,0.005,42
240,45.232371794871796,BF,RFA,0.5,0.005,42
270,46.193910256410255,BF,RFA,0.5,0.005,42
300,47.546073717948715,BF,RFA,0.5,0.005,42
330,48.44751602564103,BF,RFA,0.5,0.005,42
360,49.44911858974359,BF,RFA,0.5,0.005,42
390,49.96995192307692,BF,RFA,0.5,0.005,42
420,50.54086538461539,BF,RFA,0.5,0.005,42
450,51.05168269230769,BF,RFA,0.5,0.005,42
480,51.54246794871795,BF,RFA,0.5,0.005,42
510,51.88301282051282,BF,RFA,0.5,0.005,42
540,52.16346153846154,BF,RFA,0.5,0.005,42
570,52.31370192307692,BF,RFA,0.5,0.005,42
600,52.54407051282051,BF,RFA,0.5,0.005,42
30,58.40344551282051,BF,RFA,0.95,0.05,42
60,60.677083333333336,BF,RFA,0.95,0.05,42
90,65.98557692307692,BF,RFA,0.95,0.05,42
120,70.2724358974359,BF,RFA,0.95,0.05,42
150,71.8349358974359,BF,RFA,0.95,0.05,42
180,72.19551282051282,BF,RFA,0.95,0.05,42
210,73.9483173076923,BF,RFA,0.95,0.05,42
240,75.81129807692308,BF,RFA,0.95,0.05,42
270,77.60416666666667,BF,RFA,0.95,0.05,42
300,78.68589743589743,BF,RFA,0.95,0.05,42
330,79.2167467948718,BF,RFA,0.95,0.05,42
360,80.1983173076923,BF,RFA,0.95,0.05,42
390,80.7792467948718,BF,RFA,0.95,0.05,42
420,80.82932692307692,BF,RFA,0.95,0.05,42
450,81.47035256410257,BF,RFA,0.95,0.05,42
480,82.16145833333333,BF,RFA,0.95,0.05,42
510,81.9911858974359,BF,RFA,0.95,0.05,42
540,82.41185897435898,BF,RFA,0.95,0.05,42
570,82.45192307692308,BF,RFA,0.95,0.05,42
600,82.96274038461539,BF,RFA,0.95,0.05,42
30,64.60336538461539,BF,RFA,0.9,0.1,0
60,78.2051282051282,BF,RFA,0.9,0.1,0
90,74.55929487179488,BF,RFA,0.9,0.1,0
120,77.74439102564102,BF,RFA,0.9,0.1,0
150,80.80929487179488,BF,RFA,0.9,0.1,0
180,81.48036858974359,BF,RFA,0.9,0.1,0
210,81.85096153846153,BF,RFA,0.9,0.1,0
240,82.86258012820512,BF,RFA,0.9,0.1,0
270,82.6923076923077,BF,RFA,0.9,0.1,0
300,83.11298076923077,BF,RFA,0.9,0.1,0
330,83.61378205128206,BF,RFA,0.9,0.1,0
360,83.9443108974359,BF,RFA,0.9,0.1,0
390,83.87419871794872,BF,RFA,0.9,0.1,0
420,84.60536858974359,BF,RFA,0.9,0.1,0
450,84.60536858974359,BF,RFA,0.9,0.1,0
480,84.50520833333333,BF,RFA,0.9,0.1,0
510,84.765625,BF,RFA,0.9,0.1,0
540,85.04607371794872,BF,RFA,0.9,0.1,0
570,84.6454326923077,BF,RFA,0.9,0.1,0
600,84.95592948717949,BF,RFA,0.9,0.1,0
30,55.58894230769231,BF,RFA,0.5,0.05,256
60,59.95592948717949,BF,RFA,0.5,0.05,256
90,64.73357371794872,BF,RFA,0.5,0.05,256
120,70.77323717948718,BF,RFA,0.5,0.05,256
150,75.21033653846153,BF,RFA,0.5,0.05,256
180,76.26201923076923,BF,RFA,0.5,0.05,256
210,78.53565705128206,BF,RFA,0.5,0.05,256
240,80.69911858974359,BF,RFA,0.5,0.05,256
270,74.90985576923077,BF,RFA,0.5,0.05,256
300,74.96995192307692,BF,RFA,0.5,0.05,256
330,75.56089743589743,BF,RFA,0.5,0.05,256
360,76.08173076923077,BF,RFA,0.5,0.05,256
390,76.31209935897436,BF,RFA,0.5,0.05,256
420,76.41225961538461,BF,RFA,0.5,0.05,256
450,76.71274038461539,BF,RFA,0.5,0.05,256
480,76.96314102564102,BF,RFA,0.5,0.05,256
510,77.29366987179488,BF,RFA,0.5,0.05,256
540,77.91466346153847,BF,RFA,0.5,0.05,256
570,77.63421474358974,BF,RFA,0.5,0.05,256
600,77.83453525641026,BF,RFA,0.5,0.05,256
30,35.74719551282051,BF,RFA,0.0,0.01,256
60,42.077323717948715,BF,RFA,0.0,0.01,256
90,45.12219551282051,BF,RFA,0.0,0.01,256
120,47.83653846153846,BF,RFA,0.0,0.01,256
150,49.92988782051282,BF,RFA,0.0,0.01,256
180,51.272035256410255,BF,RFA,0.0,0.01,256
210,52.31370192307692,BF,RFA,0.0,0.01,256
240,53.05488782051282,BF,RFA,0.0,0.01,256
270,53.52564102564103,BF,RFA,0.0,0.01,256
300,53.8661858974359,BF,RFA,0.0,0.01,256
330,54.22676282051282,BF,RFA,0.0,0.01,256
360,54.49719551282051,BF,RFA,0.0,0.01,256
390,54.65745192307692,BF,RFA,0.0,0.01,256
420,54.91786858974359,BF,RFA,0.0,0.01,256
450,55.1181891025641,BF,RFA,0.0,0.01,256
480,55.26842948717949,BF,RFA,0.0,0.01,256
510,55.40865384615385,BF,RFA,0.0,0.01,256
540,55.55889423076923,BF,RFA,0.0,0.01,256
570,55.61899038461539,BF,RFA,0.0,0.01,256
600,55.548878205128204,BF,RFA,0.0,0.01,256
30,89.85376602564102,BF,RFA,0.7,0.5,0
60,91.58653846153847,BF,RFA,0.7,0.5,0
90,85.0761217948718,BF,RFA,0.7,0.5,0
120,85.2363782051282,BF,RFA,0.7,0.5,0
150,84.43509615384616,BF,RFA,0.7,0.5,0
180,76.8729967948718,BF,RFA,0.7,0.5,0
210,83.64383012820512,BF,RFA,0.7,0.5,0
240,81.7207532051282,BF,RFA,0.7,0.5,0
270,76.2920673076923,BF,RFA,0.7,0.5,0
300,78.87620192307692,BF,RFA,0.7,0.5,0
330,75.79126602564102,BF,RFA,0.7,0.5,0
360,81.78084935897436,BF,RFA,0.7,0.5,0
390,74.08854166666667,BF,RFA,0.7,0.5,0
420,82.66225961538461,BF,RFA,0.7,0.5,0
450,83.52363782051282,BF,RFA,0.7,0.5,0
480,77.44391025641026,BF,RFA,0.7,0.5,0
510,71.24399038461539,BF,RFA,0.7,0.5,0
540,81.34014423076923,BF,RFA,0.7,0.5,0
570,76.01161858974359,BF,RFA,0.7,0.5,0
600,80.1983173076923,BF,RFA,0.7,0.5,0
30,31.109775641025642,BF,RFA,0.5,0.01,0
60,38.561698717948715,BF,RFA,0.5,0.01,0
90,46.69471153846154,BF,RFA,0.5,0.01,0
120,54.07652243589744,BF,RFA,0.5,0.01,0
150,58.02283653846154,BF,RFA,0.5,0.01,0
180,60.87740384615385,BF,RFA,0.5,0.01,0
210,62.760416666666664,BF,RFA,0.5,0.01,0
240,62.77043269230769,BF,RFA,0.5,0.01,0
270,61.91907051282051,BF,RFA,0.5,0.01,0
300,60.627003205128204,BF,RFA,0.5,0.01,0
330,59.93589743589744,BF,RFA,0.5,0.01,0
360,59.43509615384615,BF,RFA,0.5,0.01,0
390,59.114583333333336,BF,RFA,0.5,0.01,0
420,58.93429487179487,BF,RFA,0.5,0.01,0
450,58.97435897435897,BF,RFA,0.5,0.01,0
480,59.01442307692308,BF,RFA,0.5,0.01,0
510,59.04447115384615,BF,RFA,0.5,0.01,0
540,59.13461538461539,BF,RFA,0.5,0.01,0
570,59.17467948717949,BF,RFA,0.5,0.01,0
600,59.20472756410256,BF,RFA,0.5,0.01,0
30,32.76241987179487,BF,RFA,0.95,0.01,42
60,39.22275641025641,BF,RFA,0.95,0.01,42
90,44.91185897435897,BF,RFA,0.95,0.01,42
120,48.83814102564103,BF,RFA,0.95,0.01,42
150,51.15184294871795,BF,RFA,0.95,0.01,42
180,52.7744391025641,BF,RFA,0.95,0.01,42
210,53.85616987179487,BF,RFA,0.95,0.01,42
240,54.88782051282051,BF,RFA,0.95,0.01,42
270,55.44871794871795,BF,RFA,0.95,0.01,42
300,56.360176282051285,BF,RFA,0.95,0.01,42
330,57.15144230769231,BF,RFA,0.95,0.01,42
360,57.912660256410255,BF,RFA,0.95,0.01,42
390,58.57371794871795,BF,RFA,0.95,0.01,42
420,59.094551282051285,BF,RFA,0.95,0.01,42
450,59.53525641025641,BF,RFA,0.95,0.01,42
480,59.875801282051285,BF,RFA,0.95,0.01,42
510,59.875801282051285,BF,RFA,0.95,0.01,42
540,59.8056891025641,BF,RFA,0.95,0.01,42
570,59.765625,BF,RFA,0.95,0.01,42
600,59.95592948717949,BF,RFA,0.95,0.01,42
30,62.04927884615385,BF,RFA,0.0,0.1,42
60,71.7948717948718,BF,RFA,0.0,0.1,42
90,72.71634615384616,BF,RFA,0.0,0.1,42
120,73.15705128205128,BF,RFA,0.0,0.1,42
150,73.59775641025641,BF,RFA,0.0,0.1,42
180,73.7880608974359,BF,RFA,0.0,0.1,42
210,73.81810897435898,BF,RFA,0.0,0.1,42
240,73.99839743589743,BF,RFA,0.0,0.1,42
270,73.9082532051282,BF,RFA,0.0,0.1,42
300,74.04847756410257,BF,RFA,0.0,0.1,42
330,73.95833333333333,BF,RFA,0.0,0.1,42
360,74.08854166666667,BF,RFA,0.0,0.1,42
390,73.99839743589743,BF,RFA,0.0,0.1,42
420,74.01842948717949,BF,RFA,0.0,0.1,42
450,73.83814102564102,BF,RFA,0.0,0.1,42
480,74.00841346153847,BF,RFA,0.0,0.1,42
510,73.99839743589743,BF,RFA,0.0,0.1,42
540,73.8681891025641,BF,RFA,0.0,0.1,42
570,73.98838141025641,BF,RFA,0.0,0.1,42
600,73.96834935897436,BF,RFA,0.0,0.1,42
30,66.41626602564102,BF,RFA,0.7,0.1,42
60,73.02684294871794,BF,RFA,0.7,0.1,42
90,76.73277243589743,BF,RFA,0.7,0.1,42
120,78.72596153846153,BF,RFA,0.7,0.1,42
150,79.7275641025641,BF,RFA,0.7,0.1,42
180,80.16826923076923,BF,RFA,0.7,0.1,42
210,81.00961538461539,BF,RFA,0.7,0.1,42
240,81.73076923076923,BF,RFA,0.7,0.1,42
270,81.5604967948718,BF,RFA,0.7,0.1,42
300,81.5204326923077,BF,RFA,0.7,0.1,42
330,82.0713141025641,BF,RFA,0.7,0.1,42
360,82.19150641025641,BF,RFA,0.7,0.1,42
390,81.9110576923077,BF,RFA,0.7,0.1,42
420,82.19150641025641,BF,RFA,0.7,0.1,42
450,82.08133012820512,BF,RFA,0.7,0.1,42
480,81.96113782051282,BF,RFA,0.7,0.1,42
510,82.23157051282051,BF,RFA,0.7,0.1,42
540,82.53205128205128,BF,RFA,0.7,0.1,42
570,82.18149038461539,BF,RFA,0.7,0.1,42
600,82.18149038461539,BF,RFA,0.7,0.1,42
30,66.04567307692308,BF,RFA,0.7,0.1,256
60,78.30528846153847,BF,RFA,0.7,0.1,256
90,75.94150641025641,BF,RFA,0.7,0.1,256
120,77.55408653846153,BF,RFA,0.7,0.1,256
150,79.59735576923077,BF,RFA,0.7,0.1,256
180,80.01802884615384,BF,RFA,0.7,0.1,256
210,80.47876602564102,BF,RFA,0.7,0.1,256
240,81.34014423076923,BF,RFA,0.7,0.1,256
270,81.3701923076923,BF,RFA,0.7,0.1,256
300,81.45032051282051,BF,RFA,0.7,0.1,256
330,82.26161858974359,BF,RFA,0.7,0.1,256
360,82.14142628205128,BF,RFA,0.7,0.1,256
390,82.0713141025641,BF,RFA,0.7,0.1,256
420,81.96113782051282,BF,RFA,0.7,0.1,256
450,82.08133012820512,BF,RFA,0.7,0.1,256
480,81.94110576923077,BF,RFA,0.7,0.1,256
510,81.82091346153847,BF,RFA,0.7,0.1,256
540,82.44190705128206,BF,RFA,0.7,0.1,256
570,81.84094551282051,BF,RFA,0.7,0.1,256
600,82.13141025641026,BF,RFA,0.7,0.1,256
30,56.640625,BF,RFA,0.0,0.05,42
60,58.73397435897436,BF,RFA,0.0,0.05,42
90,61.56850961538461,BF,RFA,0.0,0.05,42
120,64.82371794871794,BF,RFA,0.0,0.05,42
150,66.95713141025641,BF,RFA,0.0,0.05,42
180,71.0136217948718,BF,RFA,0.0,0.05,42
210,71.97516025641026,BF,RFA,0.0,0.05,42
240,72.31570512820512,BF,RFA,0.0,0.05,42
270,72.54607371794872,BF,RFA,0.0,0.05,42
300,72.78645833333333,BF,RFA,0.0,0.05,42
330,72.88661858974359,BF,RFA,0.0,0.05,42
360,73.19711538461539,BF,RFA,0.0,0.05,42
390,73.21714743589743,BF,RFA,0.0,0.05,42
420,73.40745192307692,BF,RFA,0.0,0.05,42
450,73.46754807692308,BF,RFA,0.0,0.05,42
480,73.54767628205128,BF,RFA,0.0,0.05,42
510,73.60777243589743,BF,RFA,0.0,0.05,42
540,73.60777243589743,BF,RFA,0.0,0.05,42
570,73.80809294871794,BF,RFA,0.0,0.05,42
600,73.64783653846153,BF,RFA,0.0,0.05,42
30,67.64823717948718,BF,RFA,0.95,0.1,0
60,80.95953525641026,BF,RFA,0.95,0.1,0
90,85.26642628205128,BF,RFA,0.95,0.1,0
120,74.70953525641026,BF,RFA,0.95,0.1,0
150,80.25841346153847,BF,RFA,0.95,0.1,0
180,81.22996794871794,BF,RFA,0.95,0.1,0
210,81.63060897435898,BF,RFA,0.95,0.1,0
240,82.5020032051282,BF,RFA,0.95,0.1,0
270,82.8525641025641,BF,RFA,0.95,0.1,0
300,83.60376602564102,BF,RFA,0.95,0.1,0
330,84.16466346153847,BF,RFA,0.95,0.1,0
360,84.51522435897436,BF,RFA,0.95,0.1,0
390,84.62540064102564,BF,RFA,0.95,0.1,0
420,85.04607371794872,BF,RFA,0.95,0.1,0
450,85.0761217948718,BF,RFA,0.95,0.1,0
480,84.96594551282051,BF,RFA,0.95,0.1,0
510,85.67708333333333,BF,RFA,0.95,0.1,0
540,85.78725961538461,BF,RFA,0.95,0.1,0
570,85.40665064102564,BF,RFA,0.95,0.1,0
600,85.47676282051282,BF,RFA,0.95,0.1,0
30,24.048477564102566,BF,RFA,0.0,0.005,256
60,30.739182692307693,BF,RFA,0.0,0.005,256
90,34.60536858974359,BF,RFA,0.0,0.005,256
120,37.219551282051285,BF,RFA,0.0,0.005,256
150,39.08253205128205,BF,RFA,0.0,0.005,256
180,40.755208333333336,BF,RFA,0.0,0.005,256
210,42.24759615384615,BF,RFA,0.0,0.005,256
240,43.669871794871796,BF,RFA,0.0,0.005,256
270,44.89182692307692,BF,RFA,0.0,0.005,256
300,45.783253205128204,BF,RFA,0.0,0.005,256
330,46.384214743589745,BF,RFA,0.0,0.005,256
360,47.12540064102564,BF,RFA,0.0,0.005,256
390,47.79647435897436,BF,RFA,0.0,0.005,256
420,48.36738782051282,BF,RFA,0.0,0.005,256
450,48.99839743589744,BF,RFA,0.0,0.005,256
480,49.44911858974359,BF,RFA,0.0,0.005,256
510,49.84975961538461,BF,RFA,0.0,0.005,256
540,50.19030448717949,BF,RFA,0.0,0.005,256
570,50.58092948717949,BF,RFA,0.0,0.005,256
600,50.891426282051285,BF,RFA,0.0,0.005,256
30,61.89903846153846,BF,RFA,0.0,0.1,256
60,73.13701923076923,BF,RFA,0.0,0.1,256
90,74.70953525641026,BF,RFA,0.0,0.1,256
120,76.66266025641026,BF,RFA,0.0,0.1,256
150,77.0332532051282,BF,RFA,0.0,0.1,256
180,77.4639423076923,BF,RFA,0.0,0.1,256
210,78.2051282051282,BF,RFA,0.0,0.1,256
240,78.36538461538461,BF,RFA,0.0,0.1,256
270,78.95633012820512,BF,RFA,0.0,0.1,256
300,78.76602564102564,BF,RFA,0.0,0.1,256
330,79.26682692307692,BF,RFA,0.0,0.1,256
360,79.75761217948718,BF,RFA,0.0,0.1,256
390,79.14663461538461,BF,RFA,0.0,0.1,256
420,79.2167467948718,BF,RFA,0.0,0.1,256
450,79.04647435897436,BF,RFA,0.0,0.1,256
480,78.73597756410257,BF,RFA,0.0,0.1,256
510,78.27524038461539,BF,RFA,0.0,0.1,256
540,79.27684294871794,BF,RFA,0.0,0.1,256
570,79.07652243589743,BF,RFA,0.0,0.1,256
600,78.53565705128206,BF,RFA,0.0,0.1,256
30,55.19831730769231,BF,RFA,0.9,0.05,256
60,60.416666666666664,BF,RFA,0.9,0.05,256
90,65.52483974358974,BF,RFA,0.9,0.05,256
120,73.07692307692308,BF,RFA,0.9,0.05,256
150,73.19711538461539,BF,RFA,0.9,0.05,256
180,78.61578525641026,BF,RFA,0.9,0.05,256
210,80.37860576923077,BF,RFA,0.9,0.05,256
240,82.94270833333333,BF,RFA,0.9,0.05,256
270,75.88141025641026,BF,RFA,0.9,0.05,256
300,77.7744391025641,BF,RFA,0.9,0.05,256
330,78.54567307692308,BF,RFA,0.9,0.05,256
360,79.23677884615384,BF,RFA,0.9,0.05,256
390,79.70753205128206,BF,RFA,0.9,0.05,256
420,79.93790064102564,BF,RFA,0.9,0.05,256
450,80.37860576923077,BF,RFA,0.9,0.05,256
480,80.8994391025641,BF,RFA,0.9,0.05,256
510,81.36017628205128,BF,RFA,0.9,0.05,256
540,81.73076923076923,BF,RFA,0.9,0.05,256
570,81.38020833333333,BF,RFA,0.9,0.05,256
600,82.06129807692308,BF,RFA,0.9,0.05,256
30,35.36658653846154,BF,RFA,0.7,0.01,256
60,43.36939102564103,BF,RFA,0.7,0.01,256
90,47.31570512820513,BF,RFA,0.7,0.01,256
120,50.18028846153846,BF,RFA,0.7,0.01,256
150,52.19350961538461,BF,RFA,0.7,0.01,256
180,53.14503205128205,BF,RFA,0.7,0.01,256
210,53.986378205128204,BF,RFA,0.7,0.01,256
240,54.36698717948718,BF,RFA,0.7,0.01,256
270,54.70753205128205,BF,RFA,0.7,0.01,256
300,54.98798076923077,BF,RFA,0.7,0.01,256
330,55.29847756410256,BF,RFA,0.7,0.01,256
360,55.46875,BF,RFA,0.7,0.01,256
390,55.568910256410255,BF,RFA,0.7,0.01,256
420,55.61899038461539,BF,RFA,0.7,0.01,256
450,55.76923076923077,BF,RFA,0.7,0.01,256
480,55.8994391025641,BF,RFA,0.7,0.01,256
510,56.00961538461539,BF,RFA,0.7,0.01,256
540,56.19991987179487,BF,RFA,0.7,0.01,256
570,56.330128205128204,BF,RFA,0.7,0.01,256
600,56.540464743589745,BF,RFA,0.7,0.01,256
30,9.405048076923077,BF,RFA,0.95,0.001,0
60,10.68709935897436,BF,RFA,0.95,0.001,0
90,11.518429487179487,BF,RFA,0.95,0.001,0
120,12.369791666666666,BF,RFA,0.95,0.001,0
150,13.100961538461538,BF,RFA,0.95,0.001,0
180,13.752003205128204,BF,RFA,0.95,0.001,0
210,14.232772435897436,BF,RFA,0.95,0.001,0
240,14.723557692307692,BF,RFA,0.95,0.001,0
270,15.084134615384615,BF,RFA,0.95,0.001,0
300,15.444711538461538,BF,RFA,0.95,0.001,0
330,15.92548076923077,BF,RFA,0.95,0.001,0
360,16.10576923076923,BF,RFA,0.95,0.001,0
390,16.456330128205128,BF,RFA,0.95,0.001,0
420,16.716746794871796,BF,RFA,0.95,0.001,0
450,16.97716346153846,BF,RFA,0.95,0.001,0
480,17.267628205128204,BF,RFA,0.95,0.001,0
510,17.578125,BF,RFA,0.95,0.001,0
540,17.828525641025642,BF,RFA,0.95,0.001,0
570,18.28926282051282,BF,RFA,0.95,0.001,0
600,18.790064102564102,BF,RFA,0.95,0.001,0
30,5.358573717948718,BF,RFA,0.7,0.001,42
60,4.457131410256411,BF,RFA,0.7,0.001,42
90,4.216746794871795,BF,RFA,0.7,0.001,42
120,4.857772435897436,BF,RFA,0.7,0.001,42
150,5.949519230769231,BF,RFA,0.7,0.001,42
180,7.091346153846154,BF,RFA,0.7,0.001,42
210,8.473557692307692,BF,RFA,0.7,0.001,42
240,9.815705128205128,BF,RFA,0.7,0.001,42
270,10.957532051282051,BF,RFA,0.7,0.001,42
300,12.01923076923077,BF,RFA,0.7,0.001,42
330,13.271233974358974,BF,RFA,0.7,0.001,42
360,14.262820512820513,BF,RFA,0.7,0.001,42
390,15.234375,BF,RFA,0.7,0.001,42
420,15.92548076923077,BF,RFA,0.7,0.001,42
450,16.626602564102566,BF,RFA,0.7,0.001,42
480,17.237580128205128,BF,RFA,0.7,0.001,42
510,18.008814102564102,BF,RFA,0.7,0.001,42
540,18.709935897435898,BF,RFA,0.7,0.001,42
570,19.260817307692307,BF,RFA,0.7,0.001,42
600,19.76161858974359,BF,RFA,0.7,0.001,42
30,5.528846153846154,BF,RFA,0.3,0.001,42
60,4.61738782051282,BF,RFA,0.3,0.001,42
90,4.3068910256410255,BF,RFA,0.3,0.001,42
120,4.61738782051282,BF,RFA,0.3,0.001,42
150,5.218349358974359,BF,RFA,0.3,0.001,42
180,6.400240384615385,BF,RFA,0.3,0.001,42
210,7.612179487179487,BF,RFA,0.3,0.001,42
240,8.633814102564102,BF,RFA,0.3,0.001,42
270,9.965945512820513,BF,RFA,0.3,0.001,42
300,11.037660256410257,BF,RFA,0.3,0.001,42
330,12.009214743589743,BF,RFA,0.3,0.001,42
360,13.171073717948717,BF,RFA,0.3,0.001,42
390,14.383012820512821,BF,RFA,0.3,0.001,42
420,15.224358974358974,BF,RFA,0.3,0.001,42
450,15.895432692307692,BF,RFA,0.3,0.001,42
480,16.756810897435898,BF,RFA,0.3,0.001,42
510,17.497996794871796,BF,RFA,0.3,0.001,42
540,18.28926282051282,BF,RFA,0.3,0.001,42
570,19.220753205128204,BF,RFA,0.3,0.001,42
600,19.921875,BF,RFA,0.3,0.001,42
30,76.6826923076923,BF,RFA,0.3,0.5,0
60,75.2704326923077,BF,RFA,0.3,0.5,0
90,74.62940705128206,BF,RFA,0.3,0.5,0
120,74.08854166666667,BF,RFA,0.3,0.5,0
150,73.15705128205128,BF,RFA,0.3,0.5,0
180,74.02844551282051,BF,RFA,0.3,0.5,0
210,70.86338141025641,BF,RFA,0.3,0.5,0
240,71.88501602564102,BF,RFA,0.3,0.5,0
270,70.56290064102564,BF,RFA,0.3,0.5,0
300,70.69310897435898,BF,RFA,0.3,0.5,0
330,71.9551282051282,BF,RFA,0.3,0.5,0
360,67.11738782051282,BF,RFA,0.3,0.5,0
390,71.02363782051282,BF,RFA,0.3,0.5,0
420,73.88822115384616,BF,RFA,0.3,0.5,0
450,75.56089743589743,BF,RFA,0.3,0.5,0
480,68.72996794871794,BF,RFA,0.3,0.5,0
510,69.95192307692308,BF,RFA,0.3,0.5,0
540,71.61458333333333,BF,RFA,0.3,0.5,0
570,71.71474358974359,BF,RFA,0.3,0.5,0
600,72.87660256410257,BF,RFA,0.3,0.5,0
30,66.00560897435898,BF,RFA,0.5,0.1,256
60,76.953125,BF,RFA,0.5,0.1,256
90,74.69951923076923,BF,RFA,0.5,0.1,256
120,76.16185897435898,BF,RFA,0.5,0.1,256
150,77.44391025641026,BF,RFA,0.5,0.1,256
180,77.67427884615384,BF,RFA,0.5,0.1,256
210,78.48557692307692,BF,RFA,0.5,0.1,256
240,79.31690705128206,BF,RFA,0.5,0.1,256
270,79.54727564102564,BF,RFA,0.5,0.1,256
300,79.54727564102564,BF,RFA,0.5,0.1,256
330,80.13822115384616,BF,RFA,0.5,0.1,256
360,79.98798076923077,BF,RFA,0.5,0.1,256
390,79.66746794871794,BF,RFA,0.5,0.1,256
420,79.36698717948718,BF,RFA,0.5,0.1,256
450,79.66746794871794,BF,RFA,0.5,0.1,256
480,79.10657051282051,BF,RFA,0.5,0.1,256
510,78.96634615384616,BF,RFA,0.5,0.1,256
540,79.78766025641026,BF,RFA,0.5,0.1,256
570,79.06650641025641,BF,RFA,0.5,0.1,256
600,79.39703525641026,BF,RFA,0.5,0.1,256
30,66.66666666666667,BF,RFA,0.7,0.1,0
60,73.40745192307692,BF,RFA,0.7,0.1,0
90,76.57251602564102,BF,RFA,0.7,0.1,0
120,77.4639423076923,BF,RFA,0.7,0.1,0
150,78.95633012820512,BF,RFA,0.7,0.1,0
180,79.61738782051282,BF,RFA,0.7,0.1,0
210,80.3886217948718,BF,RFA,0.7,0.1,0
240,80.96955128205128,BF,RFA,0.7,0.1,0
270,80.74919871794872,BF,RFA,0.7,0.1,0
300,81.08974358974359,BF,RFA,0.7,0.1,0
330,81.51041666666667,BF,RFA,0.7,0.1,0
360,81.5604967948718,BF,RFA,0.7,0.1,0
390,81.2900641025641,BF,RFA,0.7,0.1,0
420,81.57051282051282,BF,RFA,0.7,0.1,0
450,81.44030448717949,BF,RFA,0.7,0.1,0
480,81.57051282051282,BF,RFA,0.7,0.1,0
510,81.57051282051282,BF,RFA,0.7,0.1,0
540,81.62059294871794,BF,RFA,0.7,0.1,0
570,82.31169871794872,BF,RFA,0.7,0.1,0
600,81.88100961538461,BF,RFA,0.7,0.1,0
30,9.475160256410257,BF,RFA,0.7,0.001,256
60,11.23798076923077,BF,RFA,0.7,0.001,256
90,12.700320512820513,BF,RFA,0.7,0.001,256
120,14.072516025641026,BF,RFA,0.7,0.001,256
150,15.204326923076923,BF,RFA,0.7,0.001,256
180,16.235977564102566,BF,RFA,0.7,0.001,256
210,17.357772435897434,BF,RFA,0.7,0.001,256
240,18.26923076923077,BF,RFA,0.7,0.001,256
270,19.411057692307693,BF,RFA,0.7,0.001,256
300,20.122195512820515,BF,RFA,0.7,0.001,256
330,20.713141025641026,BF,RFA,0.7,0.001,256
360,21.524439102564102,BF,RFA,0.7,0.001,256
390,22.005208333333332,BF,RFA,0.7,0.001,256
420,22.626201923076923,BF,RFA,0.7,0.001,256
450,23.106971153846153,BF,RFA,0.7,0.001,256
480,23.66786858974359,BF,RFA,0.7,0.001,256
510,24.138621794871796,BF,RFA,0.7,0.001,256
540,24.529246794871796,BF,RFA,0.7,0.001,256
570,24.989983974358974,BF,RFA,0.7,0.001,256
600,25.440705128205128,BF,RFA,0.7,0.001,256
30,35.647035256410255,BF,RFA,0.7,0.01,42
60,43.37940705128205,BF,RFA,0.7,0.01,42
90,48.147035256410255,BF,RFA,0.7,0.01,42
120,50.73116987179487,BF,RFA,0.7,0.01,42
150,52.58413461538461,BF,RFA,0.7,0.01,42
180,53.73597756410256,BF,RFA,0.7,0.01,42
210,54.46714743589744,BF,RFA,0.7,0.01,42
240,54.90785256410256,BF,RFA,0.7,0.01,42
270,55.4286858974359,BF,RFA,0.7,0.01,42
300,55.97956730769231,BF,RFA,0.7,0.01,42
330,56.510416666666664,BF,RFA,0.7,0.01,42
360,56.91105769230769,BF,RFA,0.7,0.01,42
390,57.18149038461539,BF,RFA,0.7,0.01,42
420,57.39182692307692,BF,RFA,0.7,0.01,42
450,57.57211538461539,BF,RFA,0.7,0.01,42
480,58.00280448717949,BF,RFA,0.7,0.01,42
510,58.2431891025641,BF,RFA,0.7,0.01,42
540,58.513621794871796,BF,RFA,0.7,0.01,42
570,58.81410256410256,BF,RFA,0.7,0.01,42
600,59.0244391025641,BF,RFA,0.7,0.01,42
30,18.72996794871795,BF,RFA,0.7,0.005,0
60,26.071714743589745,BF,RFA,0.7,0.005,0
90,29.66746794871795,BF,RFA,0.7,0.005,0
120,31.931089743589745,BF,RFA,0.7,0.005,0
150,33.47355769230769,BF,RFA,0.7,0.005,0
180,35.53685897435897,BF,RFA,0.7,0.005,0
210,37.32972756410256,BF,RFA,0.7,0.005,0
240,39.733573717948715,BF,RFA,0.7,0.005,0
270,42.1474358974359,BF,RFA,0.7,0.005,0
300,44.38100961538461,BF,RFA,0.7,0.005,0
330,46.374198717948715,BF,RFA,0.7,0.005,0
360,48.49759615384615,BF,RFA,0.7,0.005,0
390,50.63100961538461,BF,RFA,0.7,0.005,0
420,52.423878205128204,BF,RFA,0.7,0.005,0
450,54.14663461538461,BF,RFA,0.7,0.005,0
480,55.65905448717949,BF,RFA,0.7,0.005,0
510,57.131410256410255,BF,RFA,0.7,0.005,0
540,58.283253205128204,BF,RFA,0.7,0.005,0
570,59.21474358974359,BF,RFA,0.7,0.005,0
600,60.026041666666664,BF,RFA,0.7,0.005,0
30,35.98758012820513,BF,RFA,0.3,0.01,256
60,43.15905448717949,BF,RFA,0.3,0.01,256
90,46.57451923076923,BF,RFA,0.3,0.01,256
120,49.1786858974359,BF,RFA,0.3,0.01,256
150,51.26201923076923,BF,RFA,0.3,0.01,256
180,52.473958333333336,BF,RFA,0.3,0.01,256
210,53.28525641025641,BF,RFA,0.3,0.01,256
240,53.91626602564103,BF,RFA,0.3,0.01,256
270,54.27684294871795,BF,RFA,0.3,0.01,256
300,54.54727564102564,BF,RFA,0.3,0.01,256
330,54.83774038461539,BF,RFA,0.3,0.01,256
360,55.158253205128204,BF,RFA,0.3,0.01,256
390,55.27844551282051,BF,RFA,0.3,0.01,256
420,55.43870192307692,BF,RFA,0.3,0.01,256
450,55.53886217948718,BF,RFA,0.3,0.01,256
480,55.68910256410256,BF,RFA,0.3,0.01,256
510,55.67908653846154,BF,RFA,0.3,0.01,256
540,55.67908653846154,BF,RFA,0.3,0.01,256
570,55.82932692307692,BF,RFA,0.3,0.01,256
600,55.88942307692308,BF,RFA,0.3,0.01,256
30,24.439102564102566,BF,RFA,0.7,0.005,256
60,31.119791666666668,BF,RFA,0.7,0.005,256
90,34.59535256410256,BF,RFA,0.7,0.005,256
120,37.399839743589745,BF,RFA,0.7,0.005,256
150,39.59334935897436,BF,RFA,0.7,0.005,256
180,41.91706730769231,BF,RFA,0.7,0.005,256
210,43.60977564102564,BF,RFA,0.7,0.005,256
240,44.98197115384615,BF,RFA,0.7,0.005,256
270,46.354166666666664,BF,RFA,0.7,0.005,256
300,47.35576923076923,BF,RFA,0.7,0.005,256
330,48.20713141025641,BF,RFA,0.7,0.005,256
360,49.04847756410256,BF,RFA,0.7,0.005,256
390,49.61939102564103,BF,RFA,0.7,0.005,256
420,50.19030448717949,BF,RFA,0.7,0.005,256
450,50.80128205128205,BF,RFA,0.7,0.005,256
480,51.42227564102564,BF,RFA,0.7,0.005,256
510,51.80288461538461,BF,RFA,0.7,0.005,256
540,52.28365384615385,BF,RFA,0.7,0.005,256
570,52.453926282051285,BF,RFA,0.7,0.005,256
600,52.7744391025641,BF,RFA,0.7,0.005,256
30,30.919471153846153,BF,RFA,0.7,0.01,0
60,37.4599358974359,BF,RFA,0.7,0.01,0
90,44.68149038461539,BF,RFA,0.7,0.01,0
120,52.04326923076923,BF,RFA,0.7,0.01,0
150,56.17988782051282,BF,RFA,0.7,0.01,0
180,59.82572115384615,BF,RFA,0.7,0.01,0
210,61.999198717948715,BF,RFA,0.7,0.01,0
240,63.381410256410255,BF,RFA,0.7,0.01,0
270,64.05248397435898,BF,RFA,0.7,0.01,0
300,63.55168269230769,BF,RFA,0.7,0.01,0
330,62.62019230769231,BF,RFA,0.7,0.01,0
360,61.59855769230769,BF,RFA,0.7,0.01,0
390,60.73717948717949,BF,RFA,0.7,0.01,0
420,60.24639423076923,BF,RFA,0.7,0.01,0
450,59.81570512820513,BF,RFA,0.7,0.01,0
480,59.64543269230769,BF,RFA,0.7,0.01,0
510,59.55528846153846,BF,RFA,0.7,0.01,0
540,59.56530448717949,BF,RFA,0.7,0.01,0
570,59.62540064102564,BF,RFA,0.7,0.01,0
600,59.635416666666664,BF,RFA,0.7,0.01,0
30,18.459535256410255,BF,RFA,0.5,0.005,0
60,26.031650641025642,BF,RFA,0.5,0.005,0
90,29.737580128205128,BF,RFA,0.5,0.005,0
120,32.06129807692308,BF,RFA,0.5,0.005,0
150,34.16466346153846,BF,RFA,0.5,0.005,0
180,36.29807692307692,BF,RFA,0.5,0.005,0
210,38.91225961538461,BF,RFA,0.5,0.005,0
240,41.38621794871795,BF,RFA,0.5,0.005,0
270,43.40945512820513,BF,RFA,0.5,0.005,0
300,45.79326923076923,BF,RFA,0.5,0.005,0
330,47.97676282051282,BF,RFA,0.5,0.005,0
360,50.310496794871796,BF,RFA,0.5,0.005,0
390,52.18349358974359,BF,RFA,0.5,0.005,0
420,53.95633012820513,BF,RFA,0.5,0.005,0
450,55.52884615384615,BF,RFA,0.5,0.005,0
480,56.720753205128204,BF,RFA,0.5,0.005,0
510,58.01282051282051,BF,RFA,0.5,0.005,0
540,59.064503205128204,BF,RFA,0.5,0.005,0
570,59.81570512820513,BF,RFA,0.5,0.005,0
600,60.39663461538461,BF,RFA,0.5,0.005,0
30,20.282451923076923,BF,RFA,0.3,0.005,42
60,30.068108974358974,BF,RFA,0.3,0.005,42
90,35.236378205128204,BF,RFA,0.3,0.005,42
120,38.381410256410255,BF,RFA,0.3,0.005,42
150,40.524839743589745,BF,RFA,0.3,0.005,42
180,43.12900641025641,BF,RFA,0.3,0.005,42
210,44.661458333333336,BF,RFA,0.3,0.005,42
240,46.04366987179487,BF,RFA,0.3,0.005,42
270,47.06530448717949,BF,RFA,0.3,0.005,42
300,48.21714743589744,BF,RFA,0.3,0.005,42
330,49.30889423076923,BF,RFA,0.3,0.005,42
360,50.100160256410255,BF,RFA,0.3,0.005,42
390,50.51081730769231,BF,RFA,0.3,0.005,42
420,51.00160256410256,BF,RFA,0.3,0.005,42
450,51.26201923076923,BF,RFA,0.3,0.005,42
480,51.5625,BF,RFA,0.3,0.005,42
510,52.033253205128204,BF,RFA,0.3,0.005,42
540,52.32371794871795,BF,RFA,0.3,0.005,42
570,52.443910256410255,BF,RFA,0.3,0.005,42
600,52.64423076923077,BF,RFA,0.3,0.005,42
30,24.599358974358974,BF,RFA,0.3,0.005,256
60,31.71073717948718,BF,RFA,0.3,0.005,256
90,35.00600961538461,BF,RFA,0.3,0.005,256
120,38.01081730769231,BF,RFA,0.3,0.005,256
150,40.07411858974359,BF,RFA,0.3,0.005,256
180,41.60657051282051,BF,RFA,0.3,0.005,256
210,43.23918269230769,BF,RFA,0.3,0.005,256
240,44.72155448717949,BF,RFA,0.3,0.005,256
270,45.963541666666664,BF,RFA,0.3,0.005,256
300,46.81490384615385,BF,RFA,0.3,0.005,256
330,47.45592948717949,BF,RFA,0.3,0.005,256
360,48.25721153846154,BF,RFA,0.3,0.005,256
390,48.85817307692308,BF,RFA,0.3,0.005,256
420,49.43910256410256,BF,RFA,0.3,0.005,256
450,50.0,BF,RFA,0.3,0.005,256
480,50.53084935897436,BF,RFA,0.3,0.005,256
510,50.97155448717949,BF,RFA,0.3,0.005,256
540,51.24198717948718,BF,RFA,0.3,0.005,256
570,51.50240384615385,BF,RFA,0.3,0.005,256
600,51.83293269230769,BF,RFA,0.3,0.005,256
30,64.50320512820512,BF,RFA,0.9,0.1,256
60,77.734375,BF,RFA,0.9,0.1,256
90,73.45753205128206,BF,RFA,0.9,0.1,256
120,77.40384615384616,BF,RFA,0.9,0.1,256
150,80.76923076923077,BF,RFA,0.9,0.1,256
180,81.6806891025641,BF,RFA,0.9,0.1,256
210,82.1514423076923,BF,RFA,0.9,0.1,256
240,82.92267628205128,BF,RFA,0.9,0.1,256
270,82.70232371794872,BF,RFA,0.9,0.1,256
300,83.69391025641026,BF,RFA,0.9,0.1,256
330,84.17467948717949,BF,RFA,0.9,0.1,256
360,84.13461538461539,BF,RFA,0.9,0.1,256
390,84.48517628205128,BF,RFA,0.9,0.1,256
420,84.51522435897436,BF,RFA,0.9,0.1,256
450,84.71554487179488,BF,RFA,0.9,0.1,256
480,84.6854967948718,BF,RFA,0.9,0.1,256
510,84.94591346153847,BF,RFA,0.9,0.1,256
540,85.28645833333333,BF,RFA,0.9,0.1,256
570,84.6854967948718,BF,RFA,0.9,0.1,256
600,85.09615384615384,BF,RFA,0.9,0.1,256
30,72.02524038461539,BF,RFA,0.99,0.1,0
60,73.15705128205128,BF,RFA,0.99,0.1,0
90,84.20472756410257,BF,RFA,0.99,0.1,0
120,82.5420673076923,BF,RFA,0.99,0.1,0
150,81.9911858974359,BF,RFA,0.99,0.1,0
180,72.05528846153847,BF,RFA,0.99,0.1,0
210,72.64623397435898,BF,RFA,0.99,0.1,0
240,77.8545673076923,BF,RFA,0.99,0.1,0
270,80.1582532051282,BF,RFA,0.99,0.1,0
300,79.97796474358974,BF,RFA,0.99,0.1,0
330,79.84775641025641,BF,RFA,0.99,0.1,0
360,79.96794871794872,BF,RFA,0.99,0.1,0
390,82.36177884615384,BF,RFA,0.99,0.1,0
420,83.5536858974359,BF,RFA,0.99,0.1,0
450,83.44350961538461,BF,RFA,0.99,0.1,0
480,82.87259615384616,BF,RFA,0.99,0.1,0
510,83.69391025641026,BF,RFA,0.99,0.1,0
540,84.70552884615384,BF,RFA,0.99,0.1,0
570,85.05608974358974,BF,RFA,0.99,0.1,0
600,84.44511217948718,BF,RFA,0.99,0.1,0
30,9.184695512820513,BF,RFA,0.0,0.001,256
60,10.77724358974359,BF,RFA,0.0,0.001,256
90,12.079326923076923,BF,RFA,0.0,0.001,256
120,13.651842948717949,BF,RFA,0.0,0.001,256
150,14.523237179487179,BF,RFA,0.0,0.001,256
180,15.655048076923077,BF,RFA,0.0,0.001,256
210,16.40625,BF,RFA,0.0,0.001,256
240,17.29767628205128,BF,RFA,0.0,0.001,256
270,18.03886217948718,BF,RFA,0.0,0.001,256
300,18.84014423076923,BF,RFA,0.0,0.001,256
330,19.571314102564102,BF,RFA,0.0,0.001,256
360,20.20232371794872,BF,RFA,0.0,0.001,256
390,20.643028846153847,BF,RFA,0.0,0.001,256
420,21.09375,BF,RFA,0.0,0.001,256
450,21.76482371794872,BF,RFA,0.0,0.001,256
480,22.33573717948718,BF,RFA,0.0,0.001,256
510,22.786458333333332,BF,RFA,0.0,0.001,256
540,23.237179487179485,BF,RFA,0.0,0.001,256
570,23.697916666666668,BF,RFA,0.0,0.001,256
600,24.078525641025642,BF,RFA,0.0,0.001,256
30,19.220753205128204,BF,RFA,0.95,0.005,42
60,26.893028846153847,BF,RFA,0.95,0.005,42
90,32.24158653846154,BF,RFA,0.95,0.005,42
120,35.436698717948715,BF,RFA,0.95,0.005,42
150,37.11939102564103,BF,RFA,0.95,0.005,42
180,39.162660256410255,BF,RFA,0.95,0.005,42
210,41.42628205128205,BF,RFA,0.95,0.005,42
240,43.19911858974359,BF,RFA,0.95,0.005,42
270,44.36097756410256,BF,RFA,0.95,0.005,42
300,45.76322115384615,BF,RFA,0.95,0.005,42
330,47.03525641025641,BF,RFA,0.95,0.005,42
360,48.0068108974359,BF,RFA,0.95,0.005,42
390,48.8681891025641,BF,RFA,0.95,0.005,42
420,49.709535256410255,BF,RFA,0.95,0.005,42
450,50.520833333333336,BF,RFA,0.95,0.005,42
480,51.23197115384615,BF,RFA,0.95,0.005,42
510,51.83293269230769,BF,RFA,0.95,0.005,42
540,52.243589743589745,BF,RFA,0.95,0.005,42
570,52.61418269230769,BF,RFA,0.95,0.005,42
600,52.91466346153846,BF,RFA,0.95,0.005,42
30,18.870192307692307,BF,RFA,0.9,0.005,0
60,26.47235576923077,BF,RFA,0.9,0.005,0
90,29.91786858974359,BF,RFA,0.9,0.005,0
120,32.01121794871795,BF,RFA,0.9,0.005,0
150,33.44350961538461,BF,RFA,0.9,0.005,0
180,35.13621794871795,BF,RFA,0.9,0.005,0
210,36.71875,BF,RFA,0.9,0.005,0
240,38.671875,BF,RFA,0.9,0.005,0
270,40.55488782051282,BF,RFA,0.9,0.005,0
300,42.81850961538461,BF,RFA,0.9,0.005,0
330,44.60136217948718,BF,RFA,0.9,0.005,0
360,46.404246794871796,BF,RFA,0.9,0.005,0
390,48.50761217948718,BF,RFA,0.9,0.005,0
420,50.33052884615385,BF,RFA,0.9,0.005,0
450,52.263621794871796,BF,RFA,0.9,0.005,0
480,53.72596153846154,BF,RFA,0.9,0.005,0
510,55.208333333333336,BF,RFA,0.9,0.005,0
540,56.48036858974359,BF,RFA,0.9,0.005,0
570,57.421875,BF,RFA,0.9,0.005,0
600,57.98277243589744,BF,RFA,0.9,0.005,0
30,73.96834935897436,BF,RFA,0.0,0.5,0
60,73.7479967948718,BF,RFA,0.0,0.5,0
90,73.19711538461539,BF,RFA,0.0,0.5,0
120,73.41746794871794,BF,RFA,0.0,0.5,0
150,72.88661858974359,BF,RFA,0.0,0.5,0
180,72.7764423076923,BF,RFA,0.0,0.5,0
210,71.66466346153847,BF,RFA,0.0,0.5,0
240,72.56610576923077,BF,RFA,0.0,0.5,0
270,69.9619391025641,BF,RFA,0.0,0.5,0
300,70.61298076923077,BF,RFA,0.0,0.5,0
330,72.85657051282051,BF,RFA,0.0,0.5,0
360,71.92508012820512,BF,RFA,0.0,0.5,0
390,72.3858173076923,BF,RFA,0.0,0.5,0
420,69.73157051282051,BF,RFA,0.0,0.5,0
450,71.03365384615384,BF,RFA,0.0,0.5,0
480,67.3076923076923,BF,RFA,0.0,0.5,0
510,69.05048076923077,BF,RFA,0.0,0.5,0
540,70.68309294871794,BF,RFA,0.0,0.5,0
570,71.81490384615384,BF,RFA,0.0,0.5,0
600,69.17067307692308,BF,RFA,0.0,0.5,0
30,63.99238782051282,BF,RFA,0.95,0.1,42
60,73.60777243589743,BF,RFA,0.95,0.1,42
90,74.92988782051282,BF,RFA,0.95,0.1,42
120,78.06490384615384,BF,RFA,0.95,0.1,42
150,80.7391826923077,BF,RFA,0.95,0.1,42
180,82.16145833333333,BF,RFA,0.95,0.1,42
210,82.87259615384616,BF,RFA,0.95,0.1,42
240,82.99278846153847,BF,RFA,0.95,0.1,42
270,83.3233173076923,BF,RFA,0.95,0.1,42
300,83.97435897435898,BF,RFA,0.95,0.1,42
330,84.23477564102564,BF,RFA,0.95,0.1,42
360,84.69551282051282,BF,RFA,0.95,0.1,42
390,84.52524038461539,BF,RFA,0.95,0.1,42
420,84.8457532051282,BF,RFA,0.95,0.1,42
450,84.96594551282051,BF,RFA,0.95,0.1,42
480,85.10616987179488,BF,RFA,0.95,0.1,42
510,86.06770833333333,BF,RFA,0.95,0.1,42
540,86.00761217948718,BF,RFA,0.95,0.1,42
570,85.74719551282051,BF,RFA,0.95,0.1,42
600,85.91746794871794,BF,RFA,0.95,0.1,42
30,9.354967948717949,BF,RFA,0.5,0.001,0
60,10.446714743589743,BF,RFA,0.5,0.001,0
90,11.46834935897436,BF,RFA,0.5,0.001,0
120,12.189503205128204,BF,RFA,0.5,0.001,0
150,12.98076923076923,BF,RFA,0.5,0.001,0
180,13.501602564102564,BF,RFA,0.5,0.001,0
210,14.112580128205128,BF,RFA,0.5,0.001,0
240,14.603365384615385,BF,RFA,0.5,0.001,0
270,14.93389423076923,BF,RFA,0.5,0.001,0
300,15.32451923076923,BF,RFA,0.5,0.001,0
330,15.635016025641026,BF,RFA,0.5,0.001,0
360,16.045673076923077,BF,RFA,0.5,0.001,0
390,16.366185897435898,BF,RFA,0.5,0.001,0
420,16.656650641025642,BF,RFA,0.5,0.001,0
450,16.95713141025641,BF,RFA,0.5,0.001,0
480,17.237580128205128,BF,RFA,0.5,0.001,0
510,17.608173076923077,BF,RFA,0.5,0.001,0
540,17.828525641025642,BF,RFA,0.5,0.001,0
570,18.189102564102566,BF,RFA,0.5,0.001,0
600,18.579727564102566,BF,RFA,0.5,0.001,0
30,80.33854166666667,BF,RFA,0.7,0.5,256
60,80.1983173076923,BF,RFA,0.7,0.5,256
90,83.34334935897436,BF,RFA,0.7,0.5,256
120,82.51201923076923,BF,RFA,0.7,0.5,256
150,78.26522435897436,BF,RFA,0.7,0.5,256
180,79.66746794871794,BF,RFA,0.7,0.5,256
210,71.25400641025641,BF,RFA,0.7,0.5,256
240,80.68910256410257,BF,RFA,0.7,0.5,256
270,78.97636217948718,BF,RFA,0.7,0.5,256
300,77.01322115384616,BF,RFA,0.7,0.5,256
330,80.39863782051282,BF,RFA,0.7,0.5,256
360,79.14663461538461,BF,RFA,0.7,0.5,256
390,78.6358173076923,BF,RFA,0.7,0.5,256
420,74.45913461538461,BF,RFA,0.7,0.5,256
450,80.49879807692308,BF,RFA,0.7,0.5,256
480,78.10496794871794,BF,RFA,0.7,0.5,256
510,73.99839743589743,BF,RFA,0.7,0.5,256
540,74.00841346153847,BF,RFA,0.7,0.5,256
570,75.32051282051282,BF,RFA,0.7,0.5,256
600,65.80528846153847,BF,RFA,0.7,0.5,256
30,62.19951923076923,BF,RFA,0.99,0.05,0
60,63.81209935897436,BF,RFA,0.99,0.05,0
90,62.810496794871796,BF,RFA,0.99,0.05,0
120,66.0957532051282,BF,RFA,0.99,0.05,0
150,72.13541666666667,BF,RFA,0.99,0.05,0
180,79.00641025641026,BF,RFA,0.99,0.05,0
210,79.9579326923077,BF,RFA,0.99,0.05,0
240,79.65745192307692,BF,RFA,0.99,0.05,0
270,81.82091346153847,BF,RFA,0.99,0.05,0
300,84.17467948717949,BF,RFA,0.99,0.05,0
330,84.14463141025641,BF,RFA,0.99,0.05,0
360,73.21714743589743,BF,RFA,0.99,0.05,0
390,72.3457532051282,BF,RFA,0.99,0.05,0
420,74.27884615384616,BF,RFA,0.99,0.05,0
450,74.58934294871794,BF,RFA,0.99,0.05,0
480,77.51402243589743,BF,RFA,0.99,0.05,0
510,79.06650641025641,BF,RFA,0.99,0.05,0
540,79.67748397435898,BF,RFA,0.99,0.05,0
570,80.46875,BF,RFA,0.99,0.05,0
600,80.13822115384616,BF,RFA,0.99,0.05,0
30,78.92628205128206,BF,RFA,0.7,0.5,42
60,81.04967948717949,BF,RFA,0.7,0.5,42
90,81.04967948717949,BF,RFA,0.7,0.5,42
120,74.16866987179488,BF,RFA,0.7,0.5,42
150,74.63942307692308,BF,RFA,0.7,0.5,42
180,79.86778846153847,BF,RFA,0.7,0.5,42
210,74.02844551282051,BF,RFA,0.7,0.5,42
240,70.1923076923077,BF,RFA,0.7,0.5,42
270,81.94110576923077,BF,RFA,0.7,0.5,42
300,74.2988782051282,BF,RFA,0.7,0.5,42
330,78.70592948717949,BF,RFA,0.7,0.5,42
360,80.12820512820512,BF,RFA,0.7,0.5,42
390,67.87860576923077,BF,RFA,0.7,0.5,42
420,80.61899038461539,BF,RFA,0.7,0.5,42
450,82.4619391025641,BF,RFA,0.7,0.5,42
480,65.63501602564102,BF,RFA,0.7,0.5,42
510,68.95032051282051,BF,RFA,0.7,0.5,42
540,76.32211538461539,BF,RFA,0.7,0.5,42
570,68.26923076923077,BF,RFA,0.7,0.5,42
600,74.5693108974359,BF,RFA,0.7,0.5,42
30,9.375,BF,RFA,0.3,0.001,256
60,11.017628205128204,BF,RFA,0.3,0.001,256
90,12.75040064102564,BF,RFA,0.3,0.001,256
120,14.122596153846153,BF,RFA,0.3,0.001,256
150,15.264423076923077,BF,RFA,0.3,0.001,256
180,16.145833333333332,BF,RFA,0.3,0.001,256
210,17.00721153846154,BF,RFA,0.3,0.001,256
240,17.89863782051282,BF,RFA,0.3,0.001,256
270,18.84014423076923,BF,RFA,0.3,0.001,256
300,19.561298076923077,BF,RFA,0.3,0.001,256
330,20.352564102564102,BF,RFA,0.3,0.001,256
360,21.043669871794872,BF,RFA,0.3,0.001,256
390,21.604567307692307,BF,RFA,0.3,0.001,256
420,22.235576923076923,BF,RFA,0.3,0.001,256
450,22.846554487179485,BF,RFA,0.3,0.001,256
480,23.25721153846154,BF,RFA,0.3,0.001,256
510,23.697916666666668,BF,RFA,0.3,0.001,256
540,24.338942307692307,BF,RFA,0.3,0.001,256
570,24.88982371794872,BF,RFA,0.3,0.001,256
600,25.200320512820515,BF,RFA,0.3,0.001,256
30,55.09815705128205,BF,RFA,0.99,0.05,256
60,58.05288461538461,BF,RFA,0.99,0.05,256
90,63.50160256410256,BF,RFA,0.99,0.05,256
120,68.85016025641026,BF,RFA,0.99,0.05,256
150,75.1201923076923,BF,RFA,0.99,0.05,256
180,79.77764423076923,BF,RFA,0.99,0.05,256
210,75.10016025641026,BF,RFA,0.99,0.05,256
240,73.76802884615384,BF,RFA,0.99,0.05,256
270,76.03165064102564,BF,RFA,0.99,0.05,256
300,78.19511217948718,BF,RFA,0.99,0.05,256
330,69.75160256410257,BF,RFA,0.99,0.05,256
360,70.80328525641026,BF,RFA,0.99,0.05,256
390,73.27724358974359,BF,RFA,0.99,0.05,256
420,72.33573717948718,BF,RFA,0.99,0.05,256
450,76.86298076923077,BF,RFA,0.99,0.05,256
480,78.5957532051282,BF,RFA,0.99,0.05,256
510,79.2568108974359,BF,RFA,0.99,0.05,256
540,79.77764423076923,BF,RFA,0.99,0.05,256
570,78.74599358974359,BF,RFA,0.99,0.05,256
600,78.61578525641026,BF,RFA,0.99,0.05,256
30,65.79527243589743,BF,RFA,0.5,0.05,0
60,61.95913461538461,BF,RFA,0.5,0.05,0
90,65.00400641025641,BF,RFA,0.5,0.05,0
120,68.80008012820512,BF,RFA,0.5,0.05,0
150,72.2255608974359,BF,RFA,0.5,0.05,0
180,71.7948717948718,BF,RFA,0.5,0.05,0
210,72.62620192307692,BF,RFA,0.5,0.05,0
240,73.37740384615384,BF,RFA,0.5,0.05,0
270,74.1786858974359,BF,RFA,0.5,0.05,0
300,74.6494391025641,BF,RFA,0.5,0.05,0
330,75.23036858974359,BF,RFA,0.5,0.05,0
360,75.67107371794872,BF,RFA,0.5,0.05,0
390,76.08173076923077,BF,RFA,0.5,0.05,0
420,76.1318108974359,BF,RFA,0.5,0.05,0
450,76.32211538461539,BF,RFA,0.5,0.05,0
480,76.65264423076923,BF,RFA,0.5,0.05,0
510,76.8729967948718,BF,RFA,0.5,0.05,0
540,77.2235576923077,BF,RFA,0.5,0.05,0
570,77.39383012820512,BF,RFA,0.5,0.05,0
600,77.50400641025641,BF,RFA,0.5,0.05,0
30,73.46754807692308,BF,RFA,0.95,0.5,256
60,83.14302884615384,BF,RFA,0.95,0.5,256
90,84.46514423076923,BF,RFA,0.95,0.5,256
120,85.95753205128206,BF,RFA,0.95,0.5,256
150,86.6386217948718,BF,RFA,0.95,0.5,256
180,87.16947115384616,BF,RFA,0.95,0.5,256
210,85.92748397435898,BF,RFA,0.95,0.5,256
240,85.59695512820512,BF,RFA,0.95,0.5,256
270,86.57852564102564,BF,RFA,0.95,0.5,256
300,85.34655448717949,BF,RFA,0.95,0.5,256
330,86.93910256410257,BF,RFA,0.95,0.5,256
360,83.96434294871794,BF,RFA,0.95,0.5,256
390,83.96434294871794,BF,RFA,0.95,0.5,256
420,85.2764423076923,BF,RFA,0.95,0.5,256
450,85.88741987179488,BF,RFA,0.95,0.5,256
480,84.53525641025641,BF,RFA,0.95,0.5,256
510,86.6386217948718,BF,RFA,0.95,0.5,256
540,82.13141025641026,BF,RFA,0.95,0.5,256
570,85.80729166666667,BF,RFA,0.95,0.5,256
600,85.21634615384616,BF,RFA,0.95,0.5,256
30,64.83373397435898,BF,RFA,0.3,0.1,256
60,74.79967948717949,BF,RFA,0.3,0.1,256
90,76.63261217948718,BF,RFA,0.3,0.1,256
120,74.53926282051282,BF,RFA,0.3,0.1,256
150,75.30048076923077,BF,RFA,0.3,0.1,256
180,75.67107371794872,BF,RFA,0.3,0.1,256
210,75.96153846153847,BF,RFA,0.3,0.1,256
240,76.51241987179488,BF,RFA,0.3,0.1,256
270,77.00320512820512,BF,RFA,0.3,0.1,256
300,76.77283653846153,BF,RFA,0.3,0.1,256
330,77.2636217948718,BF,RFA,0.3,0.1,256
360,76.98317307692308,BF,RFA,0.3,0.1,256
390,76.41225961538461,BF,RFA,0.3,0.1,256
420,75.93149038461539,BF,RFA,0.3,0.1,256
450,75.96153846153847,BF,RFA,0.3,0.1,256
480,75.72115384615384,BF,RFA,0.3,0.1,256
510,75.48076923076923,BF,RFA,0.3,0.1,256
540,76.46233974358974,BF,RFA,0.3,0.1,256
570,75.56089743589743,BF,RFA,0.3,0.1,256
600,75.80128205128206,BF,RFA,0.3,0.1,256
30,18.920272435897434,BF,RFA,0.95,0.005,0
60,26.572516025641026,BF,RFA,0.95,0.005,0
90,30.128205128205128,BF,RFA,0.95,0.005,0
120,32.03125,BF,RFA,0.95,0.005,0
150,33.57371794871795,BF,RFA,0.95,0.005,0
180,34.99599358974359,BF,RFA,0.95,0.005,0
210,36.55849358974359,BF,RFA,0.95,0.005,0
240,38.181089743589745,BF,RFA,0.95,0.005,0
270,39.86378205128205,BF,RFA,0.95,0.005,0
300,41.59655448717949,BF,RFA,0.95,0.005,0
330,43.76001602564103,BF,RFA,0.95,0.005,0
360,45.46274038461539,BF,RFA,0.95,0.005,0
390,47.48597756410256,BF,RFA,0.95,0.005,0
420,49.15865384615385,BF,RFA,0.95,0.005,0
450,50.861378205128204,BF,RFA,0.95,0.005,0
480,52.49399038461539,BF,RFA,0.95,0.005,0
510,54.06650641025641,BF,RFA,0.95,0.005,0
540,55.29847756410256,BF,RFA,0.95,0.005,0
570,56.39022435897436,BF,RFA,0.95,0.005,0
600,57.111378205128204,BF,RFA,0.95,0.005,0
30,57.51201923076923,BF,RFA,0.9,0.05,42
60,62.029246794871796,BF,RFA,0.9,0.05,42
90,66.68669871794872,BF,RFA,0.9,0.05,42
120,70.9735576923077,BF,RFA,0.9,0.05,42
150,71.8349358974359,BF,RFA,0.9,0.05,42
180,73.14703525641026,BF,RFA,0.9,0.05,42
210,74.5292467948718,BF,RFA,0.9,0.05,42
240,76.15184294871794,BF,RFA,0.9,0.05,42
270,78.17508012820512,BF,RFA,0.9,0.05,42
300,79.01642628205128,BF,RFA,0.9,0.05,42
330,79.57732371794872,BF,RFA,0.9,0.05,42
360,80.09815705128206,BF,RFA,0.9,0.05,42
390,80.57892628205128,BF,RFA,0.9,0.05,42
420,80.76923076923077,BF,RFA,0.9,0.05,42
450,80.99959935897436,BF,RFA,0.9,0.05,42
480,81.67067307692308,BF,RFA,0.9,0.05,42
510,81.94110576923077,BF,RFA,0.9,0.05,42
540,82.23157051282051,BF,RFA,0.9,0.05,42
570,81.9511217948718,BF,RFA,0.9,0.05,42
600,82.3818108974359,BF,RFA,0.9,0.05,42
30,23.968349358974358,BF,RFA,0.99,0.005,256
60,29.947916666666668,BF,RFA,0.99,0.005,256
90,32.892628205128204,BF,RFA,0.99,0.005,256
120,35.056089743589745,BF,RFA,0.99,0.005,256
150,37.1494391025641,BF,RFA,0.99,0.005,256
180,38.82211538461539,BF,RFA,0.99,0.005,256
210,40.64503205128205,BF,RFA,0.99,0.005,256
240,42.17748397435897,BF,RFA,0.99,0.005,256
270,43.89022435897436,BF,RFA,0.99,0.005,256
300,45.34254807692308,BF,RFA,0.99,0.005,256
330,46.64463141025641,BF,RFA,0.99,0.005,256
360,47.6161858974359,BF,RFA,0.99,0.005,256
390,48.49759615384615,BF,RFA,0.99,0.005,256
420,49.12860576923077,BF,RFA,0.99,0.005,256
450,49.869791666666664,BF,RFA,0.99,0.005,256
480,50.390625,BF,RFA,0.99,0.005,256
510,50.94150641025641,BF,RFA,0.99,0.005,256
540,51.44230769230769,BF,RFA,0.99,0.005,256
570,51.80288461538461,BF,RFA,0.99,0.005,256
600,52.27363782051282,BF,RFA,0.99,0.005,256
30,63.58173076923077,BF,RFA,0.95,0.05,0
60,62.04927884615385,BF,RFA,0.95,0.05,0
90,65.08413461538461,BF,RFA,0.95,0.05,0
120,70.56290064102564,BF,RFA,0.95,0.05,0
150,73.57772435897436,BF,RFA,0.95,0.05,0
180,78.76602564102564,BF,RFA,0.95,0.05,0
210,81.10977564102564,BF,RFA,0.95,0.05,0
240,73.26722756410257,BF,RFA,0.95,0.05,0
270,76.04166666666667,BF,RFA,0.95,0.05,0
300,77.734375,BF,RFA,0.95,0.05,0
330,77.80448717948718,BF,RFA,0.95,0.05,0
360,79.16666666666667,BF,RFA,0.95,0.05,0
390,79.46714743589743,BF,RFA,0.95,0.05,0
420,79.90785256410257,BF,RFA,0.95,0.05,0
450,80.55889423076923,BF,RFA,0.95,0.05,0
480,80.94951923076923,BF,RFA,0.95,0.05,0
510,81.35016025641026,BF,RFA,0.95,0.05,0
540,81.47035256410257,BF,RFA,0.95,0.05,0
570,81.73076923076923,BF,RFA,0.95,0.05,0
600,82.04126602564102,BF,RFA,0.95,0.05,0
30,18.91025641025641,BF,RFA,0.99,0.005,42
60,26.111778846153847,BF,RFA,0.99,0.005,42
90,30.639022435897434,BF,RFA,0.99,0.005,42
120,33.50360576923077,BF,RFA,0.99,0.005,42
150,35.52684294871795,BF,RFA,0.99,0.005,42
180,36.6786858974359,BF,RFA,0.99,0.005,42
210,37.68028846153846,BF,RFA,0.99,0.005,42
240,38.90224358974359,BF,RFA,0.99,0.005,42
270,40.494791666666664,BF,RFA,0.99,0.005,42
300,42.45793269230769,BF,RFA,0.99,0.005,42
330,43.76001602564103,BF,RFA,0.99,0.005,42
360,45.14222756410256,BF,RFA,0.99,0.005,42
390,46.584535256410255,BF,RFA,0.99,0.005,42
420,47.68629807692308,BF,RFA,0.99,0.005,42
450,48.50761217948718,BF,RFA,0.99,0.005,42
480,49.318910256410255,BF,RFA,0.99,0.005,42
510,50.07011217948718,BF,RFA,0.99,0.005,42
540,50.73116987179487,BF,RFA,0.99,0.005,42
570,51.39222756410256,BF,RFA,0.99,0.005,42
600,51.90304487179487,BF,RFA,0.99,0.005,42
30,33.904246794871796,BF,RFA,0.9,0.01,42
60,41.276041666666664,BF,RFA,0.9,0.01,42
90,46.54447115384615,BF,RFA,0.9,0.01,42
120,49.57932692307692,BF,RFA,0.9,0.01,42
150,51.73277243589744,BF,RFA,0.9,0.01,42
180,53.18509615384615,BF,RFA,0.9,0.01,42
210,54.11658653846154,BF,RFA,0.9,0.01,42
240,54.967948717948715,BF,RFA,0.9,0.01,42
270,55.578926282051285,BF,RFA,0.9,0.01,42
300,56.62059294871795,BF,RFA,0.9,0.01,42
330,57.291666666666664,BF,RFA,0.9,0.01,42
360,58.08293269230769,BF,RFA,0.9,0.01,42
390,58.65384615384615,BF,RFA,0.9,0.01,42
420,58.76402243589744,BF,RFA,0.9,0.01,42
450,58.84415064102564,BF,RFA,0.9,0.01,42
480,59.0244391025641,BF,RFA,0.9,0.01,42
510,59.15464743589744,BF,RFA,0.9,0.01,42
540,59.42508012820513,BF,RFA,0.9,0.01,42
570,59.635416666666664,BF,RFA,0.9,0.01,42
600,59.97596153846154,BF,RFA,0.9,0.01,42
30,9.395032051282051,BF,RFA,0.9,0.001,0
60,10.647035256410257,BF,RFA,0.9,0.001,0
90,11.548477564102564,BF,RFA,0.9,0.001,0
120,12.389823717948717,BF,RFA,0.9,0.001,0
150,13.080929487179487,BF,RFA,0.9,0.001,0
180,13.76201923076923,BF,RFA,0.9,0.001,0
210,14.262820512820513,BF,RFA,0.9,0.001,0
240,14.723557692307692,BF,RFA,0.9,0.001,0
270,15.084134615384615,BF,RFA,0.9,0.001,0
300,15.474759615384615,BF,RFA,0.9,0.001,0
330,15.865384615384615,BF,RFA,0.9,0.001,0
360,16.10576923076923,BF,RFA,0.9,0.001,0
390,16.47636217948718,BF,RFA,0.9,0.001,0
420,16.716746794871796,BF,RFA,0.9,0.001,0
450,16.987179487179485,BF,RFA,0.9,0.001,0
480,17.267628205128204,BF,RFA,0.9,0.001,0
510,17.578125,BF,RFA,0.9,0.001,0
540,17.85857371794872,BF,RFA,0.9,0.001,0
570,18.279246794871796,BF,RFA,0.9,0.001,0
600,18.82011217948718,BF,RFA,0.9,0.001,0
30,75.22035256410257,BF,RFA,0.3,0.5,256
60,73.92828525641026,BF,RFA,0.3,0.5,256
90,74.61939102564102,BF,RFA,0.3,0.5,256
120,72.02524038461539,BF,RFA,0.3,0.5,256
150,74.35897435897436,BF,RFA,0.3,0.5,256
180,71.10376602564102,BF,RFA,0.3,0.5,256
210,70.05208333333333,BF,RFA,0.3,0.5,256
240,71.15384615384616,BF,RFA,0.3,0.5,256
270,68.45953525641026,BF,RFA,0.3,0.5,256
300,69.70152243589743,BF,RFA,0.3,0.5,256
330,72.15544871794872,BF,RFA,0.3,0.5,256
360,73.28725961538461,BF,RFA,0.3,0.5,256
390,70.38261217948718,BF,RFA,0.3,0.5,256
420,70.57291666666667,BF,RFA,0.3,0.5,256
450,69.921875,BF,RFA,0.3,0.5,256
480,68.58974358974359,BF,RFA,0.3,0.5,256
510,68.2391826923077,BF,RFA,0.3,0.5,256
540,70.18229166666667,BF,RFA,0.3,0.5,256
570,67.93870192307692,BF,RFA,0.3,0.5,256
600,66.56650641025641,BF,RFA,0.3,0.5,256
30,79.40705128205128,BF,RFA,0.9,0.5,256
60,83.97435897435898,BF,RFA,0.9,0.5,256
90,84.95592948717949,BF,RFA,0.9,0.5,256
120,85.14623397435898,BF,RFA,0.9,0.5,256
150,85.38661858974359,BF,RFA,0.9,0.5,256
180,85.69711538461539,BF,RFA,0.9,0.5,256
210,82.43189102564102,BF,RFA,0.9,0.5,256
240,85.26642628205128,BF,RFA,0.9,0.5,256
270,83.92427884615384,BF,RFA,0.9,0.5,256
300,84.35496794871794,BF,RFA,0.9,0.5,256
330,84.4551282051282,BF,RFA,0.9,0.5,256
360,83.84415064102564,BF,RFA,0.9,0.5,256
390,83.77403846153847,BF,RFA,0.9,0.5,256
420,79.38701923076923,BF,RFA,0.9,0.5,256
450,83.3233173076923,BF,RFA,0.9,0.5,256
480,82.90264423076923,BF,RFA,0.9,0.5,256
510,79.40705128205128,BF,RFA,0.9,0.5,256
540,74.93990384615384,BF,RFA,0.9,0.5,256
570,80.5088141025641,BF,RFA,0.9,0.5,256
600,75.41065705128206,BF,RFA,0.9,0.5,256
30,32.141426282051285,BF,RFA,0.99,0.01,42
60,37.600160256410255,BF,RFA,0.99,0.01,42
90,41.34615384615385,BF,RFA,0.99,0.01,42
120,46.794871794871796,BF,RFA,0.99,0.01,42
150,50.290464743589745,BF,RFA,0.99,0.01,42
180,52.09334935897436,BF,RFA,0.99,0.01,42
210,53.35536858974359,BF,RFA,0.99,0.01,42
240,54.38701923076923,BF,RFA,0.99,0.01,42
270,55.158253205128204,BF,RFA,0.99,0.01,42
300,55.53886217948718,BF,RFA,0.99,0.01,42
330,56.04967948717949,BF,RFA,0.99,0.01,42
360,56.55048076923077,BF,RFA,0.99,0.01,42
390,57.131410256410255,BF,RFA,0.99,0.01,42
420,57.56209935897436,BF,RFA,0.99,0.01,42
450,58.04286858974359,BF,RFA,0.99,0.01,42
480,58.64383012820513,BF,RFA,0.99,0.01,42
510,59.18469551282051,BF,RFA,0.99,0.01,42
540,59.88581730769231,BF,RFA,0.99,0.01,42
570,60.36658653846154,BF,RFA,0.99,0.01,42
600,61.00761217948718,BF,RFA,0.99,0.01,42
30,80.76923076923077,BF,RFA,0.5,0.5,42
60,74.37900641025641,BF,RFA,0.5,0.5,42
90,73.3573717948718,BF,RFA,0.5,0.5,42
120,75.63100961538461,BF,RFA,0.5,0.5,42
150,73.22716346153847,BF,RFA,0.5,0.5,42
180,78.8661858974359,BF,RFA,0.5,0.5,42
210,70.99358974358974,BF,RFA,0.5,0.5,42
240,75.63100961538461,BF,RFA,0.5,0.5,42
270,71.28405448717949,BF,RFA,0.5,0.5,42
300,72.58613782051282,BF,RFA,0.5,0.5,42
330,72.93669871794872,BF,RFA,0.5,0.5,42
360,59.845753205128204,BF,RFA,0.5,0.5,42
390,78.83613782051282,BF,RFA,0.5,0.5,42
420,77.13341346153847,BF,RFA,0.5,0.5,42
450,70.86338141025641,BF,RFA,0.5,0.5,42
480,73.52764423076923,BF,RFA,0.5,0.5,42
510,72.07532051282051,BF,RFA,0.5,0.5,42
540,73.50761217948718,BF,RFA,0.5,0.5,42
570,70.93349358974359,BF,RFA,0.5,0.5,42
600,69.25080128205128,BF,RFA,0.5,0.5,42
30,65.38461538461539,BF,RFA,0.9,0.1,42
60,71.77483974358974,BF,RFA,0.9,0.1,42
90,77.05328525641026,BF,RFA,0.9,0.1,42
120,79.31690705128206,BF,RFA,0.9,0.1,42
150,81.38020833333333,BF,RFA,0.9,0.1,42
180,82.01121794871794,BF,RFA,0.9,0.1,42
210,82.57211538461539,BF,RFA,0.9,0.1,42
240,83.2431891025641,BF,RFA,0.9,0.1,42
270,83.39342948717949,BF,RFA,0.9,0.1,42
300,83.79407051282051,BF,RFA,0.9,0.1,42
330,84.1045673076923,BF,RFA,0.9,0.1,42
360,84.47516025641026,BF,RFA,0.9,0.1,42
390,84.3349358974359,BF,RFA,0.9,0.1,42
420,84.57532051282051,BF,RFA,0.9,0.1,42
450,84.8457532051282,BF,RFA,0.9,0.1,42
480,84.78565705128206,BF,RFA,0.9,0.1,42
510,85.10616987179488,BF,RFA,0.9,0.1,42
540,85.2764423076923,BF,RFA,0.9,0.1,42
570,84.96594551282051,BF,RFA,0.9,0.1,42
600,85.15625,BF,RFA,0.9,0.1,42
30,56.63060897435897,BF,RFA,0.7,0.05,42
60,62.109375,BF,RFA,0.7,0.05,42
90,66.7568108974359,BF,RFA,0.7,0.05,42
120,70.72315705128206,BF,RFA,0.7,0.05,42
150,71.9951923076923,BF,RFA,0.7,0.05,42
180,72.89663461538461,BF,RFA,0.7,0.05,42
210,73.81810897435898,BF,RFA,0.7,0.05,42
240,75.0400641025641,BF,RFA,0.7,0.05,42
270,76.45232371794872,BF,RFA,0.7,0.05,42
300,77.18349358974359,BF,RFA,0.7,0.05,42
330,78.22516025641026,BF,RFA,0.7,0.05,42
360,78.72596153846153,BF,RFA,0.7,0.05,42
390,79.10657051282051,BF,RFA,0.7,0.05,42
420,79.00641025641026,BF,RFA,0.7,0.05,42
450,79.3369391025641,BF,RFA,0.7,0.05,42
480,79.91786858974359,BF,RFA,0.7,0.05,42
510,80.13822115384616,BF,RFA,0.7,0.05,42
540,80.43870192307692,BF,RFA,0.7,0.05,42
570,80.23838141025641,BF,RFA,0.7,0.05,42
600,80.55889423076923,BF,RFA,0.7,0.05,42
30,74.21875,BF,RFA,0.9,0.5,42
60,82.8926282051282,BF,RFA,0.9,0.5,42
90,85.38661858974359,BF,RFA,0.9,0.5,42
120,83.5136217948718,BF,RFA,0.9,0.5,42
150,85.12620192307692,BF,RFA,0.9,0.5,42
180,84.56530448717949,BF,RFA,0.9,0.5,42
210,82.05128205128206,BF,RFA,0.9,0.5,42
240,80.1582532051282,BF,RFA,0.9,0.5,42
270,85.57692307692308,BF,RFA,0.9,0.5,42
300,84.54527243589743,BF,RFA,0.9,0.5,42
330,81.5604967948718,BF,RFA,0.9,0.5,42
360,82.25160256410257,BF,RFA,0.9,0.5,42
390,77.66426282051282,BF,RFA,0.9,0.5,42
420,84.92588141025641,BF,RFA,0.9,0.5,42
450,82.76241987179488,BF,RFA,0.9,0.5,42
480,75.85136217948718,BF,RFA,0.9,0.5,42
510,82.78245192307692,BF,RFA,0.9,0.5,42
540,84.8457532051282,BF,RFA,0.9,0.5,42
570,79.31690705128206,BF,RFA,0.9,0.5,42
600,84.79567307692308,BF,RFA,0.9,0.5,42
30,56.6806891025641,BF,RFA,0.3,0.05,42
60,60.256410256410255,BF,RFA,0.3,0.05,42
90,64.4130608974359,BF,RFA,0.3,0.05,42
120,68.34935897435898,BF,RFA,0.3,0.05,42
150,71.54447115384616,BF,RFA,0.3,0.05,42
180,72.16546474358974,BF,RFA,0.3,0.05,42
210,72.65625,BF,RFA,0.3,0.05,42
240,72.87660256410257,BF,RFA,0.3,0.05,42
270,73.19711538461539,BF,RFA,0.3,0.05,42
300,73.59775641025641,BF,RFA,0.3,0.05,42
330,73.7479967948718,BF,RFA,0.3,0.05,42
360,74.06850961538461,BF,RFA,0.3,0.05,42
390,74.3389423076923,BF,RFA,0.3,0.05,42
420,74.50921474358974,BF,RFA,0.3,0.05,42
450,74.67948717948718,BF,RFA,0.3,0.05,42
480,74.86979166666667,BF,RFA,0.3,0.05,42
510,75.06009615384616,BF,RFA,0.3,0.05,42
540,75.22035256410257,BF,RFA,0.3,0.05,42
570,75.40064102564102,BF,RFA,0.3,0.05,42
600,75.30048076923077,BF,RFA,0.3,0.05,42
30,74.05849358974359,BF,RFA,0.0,0.5,256
60,71.66466346153847,BF,RFA,0.0,0.5,256
90,70.30248397435898,BF,RFA,0.0,0.5,256
120,73.01682692307692,BF,RFA,0.0,0.5,256
150,73.61778846153847,BF,RFA,0.0,0.5,256
180,70.0020032051282,BF,RFA,0.0,0.5,256
210,69.16065705128206,BF,RFA,0.0,0.5,256
240,68.55969551282051,BF,RFA,0.0,0.5,256
270,69.34094551282051,BF,RFA,0.0,0.5,256
300,69.97195512820512,BF,RFA,0.0,0.5,256
330,68.80008012820512,BF,RFA,0.0,0.5,256
360,69.40104166666667,BF,RFA,0.0,0.5,256
390,68.14903846153847,BF,RFA,0.0,0.5,256
420,66.76682692307692,BF,RFA,0.0,0.5,256
450,69.39102564102564,BF,RFA,0.0,0.5,256
480,67.87860576923077,BF,RFA,0.0,0.5,256
510,66.89703525641026,BF,RFA,0.0,0.5,256
540,68.29927884615384,BF,RFA,0.0,0.5,256
570,68.4795673076923,BF,RFA,0.0,0.5,256
600,67.01722756410257,BF,RFA,0.0,0.5,256
30,31.17988782051282,BF,RFA,0.95,0.01,0
60,36.64863782051282,BF,RFA,0.95,0.01,0
90,41.15584935897436,BF,RFA,0.95,0.01,0
120,46.55448717948718,BF,RFA,0.95,0.01,0
150,51.71274038461539,BF,RFA,0.95,0.01,0
180,55.76923076923077,BF,RFA,0.95,0.01,0
210,58.45352564102564,BF,RFA,0.95,0.01,0
240,60.40665064102564,BF,RFA,0.95,0.01,0
270,61.798878205128204,BF,RFA,0.95,0.01,0
300,62.84054487179487,BF,RFA,0.95,0.01,0
330,63.79206730769231,BF,RFA,0.95,0.01,0
360,64.81370192307692,BF,RFA,0.95,0.01,0
390,65.72516025641026,BF,RFA,0.95,0.01,0
420,66.37620192307692,BF,RFA,0.95,0.01,0
450,66.2860576923077,BF,RFA,0.95,0.01,0
480,66.14583333333333,BF,RFA,0.95,0.01,0
510,66.11578525641026,BF,RFA,0.95,0.01,0
540,65.73517628205128,BF,RFA,0.95,0.01,0
570,64.9238782051282,BF,RFA,0.95,0.01,0
600,64.28285256410257,BF,RFA,0.95,0.01,0
30,36.38822115384615,BF,RFA,0.5,0.01,42
60,43.42948717948718,BF,RFA,0.5,0.01,42
90,48.31730769230769,BF,RFA,0.5,0.01,42
120,50.651041666666664,BF,RFA,0.5,0.01,42
150,52.624198717948715,BF,RFA,0.5,0.01,42
180,53.69591346153846,BF,RFA,0.5,0.01,42
210,54.23677884615385,BF,RFA,0.5,0.01,42
240,54.44711538461539,BF,RFA,0.5,0.01,42
270,54.90785256410256,BF,RFA,0.5,0.01,42
300,55.12820512820513,BF,RFA,0.5,0.01,42
330,55.65905448717949,BF,RFA,0.5,0.01,42
360,56.05969551282051,BF,RFA,0.5,0.01,42
390,56.2099358974359,BF,RFA,0.5,0.01,42
420,56.48036858974359,BF,RFA,0.5,0.01,42
450,56.73076923076923,BF,RFA,0.5,0.01,42
480,57.05128205128205,BF,RFA,0.5,0.01,42
510,57.26161858974359,BF,RFA,0.5,0.01,42
540,57.48197115384615,BF,RFA,0.5,0.01,42
570,57.8125,BF,RFA,0.5,0.01,42
600,57.97275641025641,BF,RFA,0.5,0.01,42
30,9.375,BF,RFA,0.7,0.001,0
60,10.596955128205128,BF,RFA,0.7,0.001,0
90,11.498397435897436,BF,RFA,0.7,0.001,0
120,12.24959935897436,BF,RFA,0.7,0.001,0
150,13.05088141025641,BF,RFA,0.7,0.001,0
180,13.631810897435898,BF,RFA,0.7,0.001,0
210,14.212740384615385,BF,RFA,0.7,0.001,0
240,14.70352564102564,BF,RFA,0.7,0.001,0
270,15.054086538461538,BF,RFA,0.7,0.001,0
300,15.414663461538462,BF,RFA,0.7,0.001,0
330,15.735176282051283,BF,RFA,0.7,0.001,0
360,16.015625,BF,RFA,0.7,0.001,0
390,16.42628205128205,BF,RFA,0.7,0.001,0
420,16.70673076923077,BF,RFA,0.7,0.001,0
450,16.937099358974358,BF,RFA,0.7,0.001,0
480,17.217548076923077,BF,RFA,0.7,0.001,0
510,17.578125,BF,RFA,0.7,0.001,0
540,17.838541666666668,BF,RFA,0.7,0.001,0
570,18.279246794871796,BF,RFA,0.7,0.001,0
600,18.699919871794872,BF,RFA,0.7,0.001,0
30,36.78886217948718,BF,RFA,0.0,0.01,42
60,43.62980769230769,BF,RFA,0.0,0.01,42
90,49.33894230769231,BF,RFA,0.0,0.01,42
120,51.63261217948718,BF,RFA,0.0,0.01,42
150,53.125,BF,RFA,0.0,0.01,42
180,54.32692307692308,BF,RFA,0.0,0.01,42
210,54.35697115384615,BF,RFA,0.0,0.01,42
240,54.48717948717949,BF,RFA,0.0,0.01,42
270,54.587339743589745,BF,RFA,0.0,0.01,42
300,54.65745192307692,BF,RFA,0.0,0.01,42
330,55.06810897435897,BF,RFA,0.0,0.01,42
360,55.22836538461539,BF,RFA,0.0,0.01,42
390,55.358573717948715,BF,RFA,0.0,0.01,42
420,55.5088141025641,BF,RFA,0.0,0.01,42
450,55.70913461538461,BF,RFA,0.0,0.01,42
480,55.989583333333336,BF,RFA,0.0,0.01,42
510,56.08974358974359,BF,RFA,0.0,0.01,42
540,56.21995192307692,BF,RFA,0.0,0.01,42
570,56.39022435897436,BF,RFA,0.0,0.01,42
600,56.59054487179487,BF,RFA,0.0,0.01,42
30,19.90184294871795,BF,RFA,0.7,0.005,42
60,29.146634615384617,BF,RFA,0.7,0.005,42
90,34.375,BF,RFA,0.7,0.005,42
120,37.399839743589745,BF,RFA,0.7,0.005,42
150,39.453125,BF,RFA,0.7,0.005,42
180,41.94711538461539,BF,RFA,0.7,0.005,42
210,43.649839743589745,BF,RFA,0.7,0.005,42
240,44.67147435897436,BF,RFA,0.7,0.005,42
270,45.75320512820513,BF,RFA,0.7,0.005,42
300,47.135416666666664,BF,RFA,0.7,0.005,42
330,47.99679487179487,BF,RFA,0.7,0.005,42
360,48.88822115384615,BF,RFA,0.7,0.005,42
390,49.67948717948718,BF,RFA,0.7,0.005,42
420,50.27043269230769,BF,RFA,0.7,0.005,42
450,50.92147435897436,BF,RFA,0.7,0.005,42
480,51.62259615384615,BF,RFA,0.7,0.005,42
510,51.94310897435897,BF,RFA,0.7,0.005,42
540,52.22355769230769,BF,RFA,0.7,0.005,42
570,52.68429487179487,BF,RFA,0.7,0.005,42
600,52.994791666666664,BF,RFA,0.7,0.005,42
30,78.76602564102564,BF,RFA,0.5,0.5,0
60,76.79286858974359,BF,RFA,0.5,0.5,0
90,80.5889423076923,BF,RFA,0.5,0.5,0
120,78.41546474358974,BF,RFA,0.5,0.5,0
150,79.54727564102564,BF,RFA,0.5,0.5,0
180,71.84495192307692,BF,RFA,0.5,0.5,0
210,70.7832532051282,BF,RFA,0.5,0.5,0
240,74.21875,BF,RFA,0.5,0.5,0
270,73.5576923076923,BF,RFA,0.5,0.5,0
300,62.69030448717949,BF,RFA,0.5,0.5,0
330,68.16907051282051,BF,RFA,0.5,0.5,0
360,71.5244391025641,BF,RFA,0.5,0.5,0
390,72.60616987179488,BF,RFA,0.5,0.5,0
420,77.13341346153847,BF,RFA,0.5,0.5,0
450,73.81810897435898,BF,RFA,0.5,0.5,0
480,75.83133012820512,BF,RFA,0.5,0.5,0
510,67.9286858974359,BF,RFA,0.5,0.5,0
540,69.19070512820512,BF,RFA,0.5,0.5,0
570,73.06690705128206,BF,RFA,0.5,0.5,0
600,73.76802884615384,BF,RFA,0.5,0.5,0
30,9.435096153846153,BF,RFA,0.99,0.001,256
60,11.318108974358974,BF,RFA,0.99,0.001,256
90,12.630208333333334,BF,RFA,0.99,0.001,256
120,13.932291666666666,BF,RFA,0.99,0.001,256
150,14.923878205128204,BF,RFA,0.99,0.001,256
180,16.22596153846154,BF,RFA,0.99,0.001,256
210,17.29767628205128,BF,RFA,0.99,0.001,256
240,18.14903846153846,BF,RFA,0.99,0.001,256
270,18.940304487179485,BF,RFA,0.99,0.001,256
300,19.71153846153846,BF,RFA,0.99,0.001,256
330,20.412660256410255,BF,RFA,0.99,0.001,256
360,21.02363782051282,BF,RFA,0.99,0.001,256
390,21.64463141025641,BF,RFA,0.99,0.001,256
420,22.225560897435898,BF,RFA,0.99,0.001,256
450,22.616185897435898,BF,RFA,0.99,0.001,256
480,23.086939102564102,BF,RFA,0.99,0.001,256
510,23.50761217948718,BF,RFA,0.99,0.001,256
540,23.89823717948718,BF,RFA,0.99,0.001,256
570,24.298878205128204,BF,RFA,0.99,0.001,256
600,24.69951923076923,BF,RFA,0.99,0.001,256
30,71.46434294871794,BF,RFA,0.99,0.5,42
60,81.04967948717949,BF,RFA,0.99,0.5,42
90,81.44030448717949,BF,RFA,0.99,0.5,42
120,82.82251602564102,BF,RFA,0.99,0.5,42
150,84.58533653846153,BF,RFA,0.99,0.5,42
180,85.91746794871794,BF,RFA,0.99,0.5,42
210,86.69871794871794,BF,RFA,0.99,0.5,42
240,87.08934294871794,BF,RFA,0.99,0.5,42
270,87.24959935897436,BF,RFA,0.99,0.5,42
300,87.73036858974359,BF,RFA,0.99,0.5,42
330,88.10096153846153,BF,RFA,0.99,0.5,42
360,88.42147435897436,BF,RFA,0.99,0.5,42
390,86.50841346153847,BF,RFA,0.99,0.5,42
420,88.56169871794872,BF,RFA,0.99,0.5,42
450,86.47836538461539,BF,RFA,0.99,0.5,42
480,88.5516826923077,BF,RFA,0.99,0.5,42
510,88.57171474358974,BF,RFA,0.99,0.5,42
540,87.67027243589743,BF,RFA,0.99,0.5,42
570,88.73197115384616,BF,RFA,0.99,0.5,42
600,88.80208333333333,BF,RFA,0.99,0.5,42
30,5.3485576923076925,BF,RFA,0.99,0.001,42
60,4.407051282051282,BF,RFA,0.99,0.001,42
90,4.296875,BF,RFA,0.99,0.001,42
120,4.937900641025641,BF,RFA,0.99,0.001,42
150,6.169871794871795,BF,RFA,0.99,0.001,42
180,7.481971153846154,BF,RFA,0.99,0.001,42
210,8.784054487179487,BF,RFA,0.99,0.001,42
240,9.945913461538462,BF,RFA,0.99,0.001,42
270,11.288060897435898,BF,RFA,0.99,0.001,42
300,12.399839743589743,BF,RFA,0.99,0.001,42
330,13.331330128205128,BF,RFA,0.99,0.001,42
360,14.282852564102564,BF,RFA,0.99,0.001,42
390,14.893830128205128,BF,RFA,0.99,0.001,42
420,15.614983974358974,BF,RFA,0.99,0.001,42
450,16.346153846153847,BF,RFA,0.99,0.001,42
480,16.70673076923077,BF,RFA,0.99,0.001,42
510,17.307692307692307,BF,RFA,0.99,0.001,42
540,17.80849358974359,BF,RFA,0.99,0.001,42
570,18.259214743589745,BF,RFA,0.99,0.001,42
600,18.77003205128205,BF,RFA,0.99,0.001,42
30,64.5332532051282,BF,RFA,0.3,0.05,0
60,60.90745192307692,BF,RFA,0.3,0.05,0
90,63.64182692307692,BF,RFA,0.3,0.05,0
120,67.03725961538461,BF,RFA,0.3,0.05,0
150,70.90344551282051,BF,RFA,0.3,0.05,0
180,71.43429487179488,BF,RFA,0.3,0.05,0
210,72.08533653846153,BF,RFA,0.3,0.05,0
240,72.5360576923077,BF,RFA,0.3,0.05,0
270,72.76642628205128,BF,RFA,0.3,0.05,0
300,73.14703525641026,BF,RFA,0.3,0.05,0
330,73.41746794871794,BF,RFA,0.3,0.05,0
360,73.71794871794872,BF,RFA,0.3,0.05,0
390,73.9082532051282,BF,RFA,0.3,0.05,0
420,74.08854166666667,BF,RFA,0.3,0.05,0
450,74.0985576923077,BF,RFA,0.3,0.05,0
480,74.2988782051282,BF,RFA,0.3,0.05,0
510,74.57932692307692,BF,RFA,0.3,0.05,0
540,74.80969551282051,BF,RFA,0.3,0.05,0
570,74.92988782051282,BF,RFA,0.3,0.05,0
600,74.96995192307692,BF,RFA,0.3,0.05,0
30,30.659054487179485,BF,RFA,0.0,0.01,0
60,39.38301282051282,BF,RFA,0.0,0.01,0
90,47.06530448717949,BF,RFA,0.0,0.01,0
120,53.4755608974359,BF,RFA,0.0,0.01,0
150,56.560496794871796,BF,RFA,0.0,0.01,0
180,59.25480769230769,BF,RFA,0.0,0.01,0
210,60.53685897435897,BF,RFA,0.0,0.01,0
240,60.88741987179487,BF,RFA,0.0,0.01,0
270,60.31650641025641,BF,RFA,0.0,0.01,0
300,59.75560897435897,BF,RFA,0.0,0.01,0
330,59.19471153846154,BF,RFA,0.0,0.01,0
360,58.693910256410255,BF,RFA,0.0,0.01,0
390,58.32331730769231,BF,RFA,0.0,0.01,0
420,58.2431891025641,BF,RFA,0.0,0.01,0
450,58.22315705128205,BF,RFA,0.0,0.01,0
480,58.26322115384615,BF,RFA,0.0,0.01,0
510,58.26322115384615,BF,RFA,0.0,0.01,0
540,58.27323717948718,BF,RFA,0.0,0.01,0
570,58.38341346153846,BF,RFA,0.0,0.01,0
600,58.41346153846154,BF,RFA,0.0,0.01,0
30,55.61899038461539,BF,RFA,0.3,0.05,256
60,58.54366987179487,BF,RFA,0.3,0.05,256
90,63.35136217948718,BF,RFA,0.3,0.05,256
120,67.96875,BF,RFA,0.3,0.05,256
150,73.62780448717949,BF,RFA,0.3,0.05,256
180,73.65785256410257,BF,RFA,0.3,0.05,256
210,75.7011217948718,BF,RFA,0.3,0.05,256
240,77.97475961538461,BF,RFA,0.3,0.05,256
270,73.65785256410257,BF,RFA,0.3,0.05,256
300,73.42748397435898,BF,RFA,0.3,0.05,256
330,73.61778846153847,BF,RFA,0.3,0.05,256
360,74.06850961538461,BF,RFA,0.3,0.05,256
390,74.24879807692308,BF,RFA,0.3,0.05,256
420,74.30889423076923,BF,RFA,0.3,0.05,256
450,74.45913461538461,BF,RFA,0.3,0.05,256
480,74.65945512820512,BF,RFA,0.3,0.05,256
510,74.80969551282051,BF,RFA,0.3,0.05,256
540,75.17027243589743,BF,RFA,0.3,0.05,256
570,75.21033653846153,BF,RFA,0.3,0.05,256
600,75.18028846153847,BF,RFA,0.3,0.05,256
30,70.33253205128206,BF,RFA,0.99,0.5,256
60,77.97475961538461,BF,RFA,0.99,0.5,256
90,83.30328525641026,BF,RFA,0.99,0.5,256
120,82.26161858974359,BF,RFA,0.99,0.5,256
150,85.21634615384616,BF,RFA,0.99,0.5,256
180,86.07772435897436,BF,RFA,0.99,0.5,256
210,86.18790064102564,BF,RFA,0.99,0.5,256
240,87.38982371794872,BF,RFA,0.99,0.5,256
270,87.2295673076923,BF,RFA,0.99,0.5,256
300,87.5,BF,RFA,0.99,0.5,256
330,88.07091346153847,BF,RFA,0.99,0.5,256
360,87.1494391025641,BF,RFA,0.99,0.5,256
390,88.47155448717949,BF,RFA,0.99,0.5,256
420,86.8389423076923,BF,RFA,0.99,0.5,256
450,88.80208333333333,BF,RFA,0.99,0.5,256
480,88.52163461538461,BF,RFA,0.99,0.5,256
510,87.94070512820512,BF,RFA,0.99,0.5,256
540,88.78205128205128,BF,RFA,0.99,0.5,256
570,88.74198717948718,BF,RFA,0.99,0.5,256
600,88.38141025641026,BF,RFA,0.99,0.5,256
30,19.561298076923077,BF,RFA,0.9,0.005,42
60,27.36378205128205,BF,RFA,0.9,0.005,42
90,33.08293269230769,BF,RFA,0.9,0.005,42
120,36.08774038461539,BF,RFA,0.9,0.005,42
150,38.05088141025641,BF,RFA,0.9,0.005,42
180,40.17427884615385,BF,RFA,0.9,0.005,42
210,42.51802884615385,BF,RFA,0.9,0.005,42
240,43.78004807692308,BF,RFA,0.9,0.005,42
270,45.11217948717949,BF,RFA,0.9,0.005,42
300,46.33413461538461,BF,RFA,0.9,0.005,42
330,47.51602564102564,BF,RFA,0.9,0.005,42
360,48.48758012820513,BF,RFA,0.9,0.005,42
390,49.35897435897436,BF,RFA,0.9,0.005,42
420,50.15024038461539,BF,RFA,0.9,0.005,42
450,50.861378205128204,BF,RFA,0.9,0.005,42
480,51.642628205128204,BF,RFA,0.9,0.005,42
510,52.04326923076923,BF,RFA,0.9,0.005,42
540,52.48397435897436,BF,RFA,0.9,0.005,42
570,52.79447115384615,BF,RFA,0.9,0.005,42
600,53.044871794871796,BF,RFA,0.9,0.005,42
30,9.415064102564102,BF,RFA,0.99,0.001,0
60,10.697115384615385,BF,RFA,0.99,0.001,0
90,11.478365384615385,BF,RFA,0.99,0.001,0
120,12.369791666666666,BF,RFA,0.99,0.001,0
150,13.080929487179487,BF,RFA,0.99,0.001,0
180,13.701923076923077,BF,RFA,0.99,0.001,0
210,14.252804487179487,BF,RFA,0.99,0.001,0
240,14.75360576923077,BF,RFA,0.99,0.001,0
270,15.044070512820513,BF,RFA,0.99,0.001,0
300,15.414663461538462,BF,RFA,0.99,0.001,0
330,15.805288461538462,BF,RFA,0.99,0.001,0
360,16.115785256410255,BF,RFA,0.99,0.001,0
390,16.38621794871795,BF,RFA,0.99,0.001,0
420,16.646634615384617,BF,RFA,0.99,0.001,0
450,16.947115384615383,BF,RFA,0.99,0.001,0
480,17.29767628205128,BF,RFA,0.99,0.001,0
510,17.538060897435898,BF,RFA,0.99,0.001,0
540,17.818509615384617,BF,RFA,0.99,0.001,0
570,18.229166666666668,BF,RFA,0.99,0.001,0
600,18.72996794871795,BF,RFA,0.99,0.001,0
30,55.568910256410255,BF,RFA,0.7,0.05,256
60,60.68709935897436,BF,RFA,0.7,0.05,256
90,65.69511217948718,BF,RFA,0.7,0.05,256
120,73.15705128205128,BF,RFA,0.7,0.05,256
150,74.18870192307692,BF,RFA,0.7,0.05,256
180,77.734375,BF,RFA,0.7,0.05,256
210,80.00801282051282,BF,RFA,0.7,0.05,256
240,78.11498397435898,BF,RFA,0.7,0.05,256
270,76.27203525641026,BF,RFA,0.7,0.05,256
300,76.82291666666667,BF,RFA,0.7,0.05,256
330,77.71434294871794,BF,RFA,0.7,0.05,256
360,78.14503205128206,BF,RFA,0.7,0.05,256
390,78.44551282051282,BF,RFA,0.7,0.05,256
420,78.60576923076923,BF,RFA,0.7,0.05,256
450,79.00641025641026,BF,RFA,0.7,0.05,256
480,79.31690705128206,BF,RFA,0.7,0.05,256
510,79.61738782051282,BF,RFA,0.7,0.05,256
540,80.18830128205128,BF,RFA,0.7,0.05,256
570,79.82772435897436,BF,RFA,0.7,0.05,256
600,80.31850961538461,BF,RFA,0.7,0.05,256
30,78.125,BF,RFA,0.9,0.5,0
60,84.15464743589743,BF,RFA,0.9,0.5,0
90,84.79567307692308,BF,RFA,0.9,0.5,0
120,84.52524038461539,BF,RFA,0.9,0.5,0
150,85.78725961538461,BF,RFA,0.9,0.5,0
180,83.91426282051282,BF,RFA,0.9,0.5,0
210,82.53205128205128,BF,RFA,0.9,0.5,0
240,82.24158653846153,BF,RFA,0.9,0.5,0
270,85.63701923076923,BF,RFA,0.9,0.5,0
300,85.48677884615384,BF,RFA,0.9,0.5,0
330,83.31330128205128,BF,RFA,0.9,0.5,0
360,84.32491987179488,BF,RFA,0.9,0.5,0
390,84.14463141025641,BF,RFA,0.9,0.5,0
420,83.48357371794872,BF,RFA,0.9,0.5,0
450,82.18149038461539,BF,RFA,0.9,0.5,0
480,83.83413461538461,BF,RFA,0.9,0.5,0
510,80.44871794871794,BF,RFA,0.9,0.5,0
540,81.15985576923077,BF,RFA,0.9,0.5,0
570,80.21834935897436,BF,RFA,0.9,0.5,0
600,84.12459935897436,BF,RFA,0.9,0.5,0
30,56.87099358974359,BF,RFA,0.5,0.05,42
60,61.328125,BF,RFA,0.5,0.05,42
90,65.86538461538461,BF,RFA,0.5,0.05,42
120,70.41266025641026,BF,RFA,0.5,0.05,42
150,71.86498397435898,BF,RFA,0.5,0.05,42
180,72.49599358974359,BF,RFA,0.5,0.05,42
210,72.93669871794872,BF,RFA,0.5,0.05,42
240,73.5576923076923,BF,RFA,0.5,0.05,42
270,74.34895833333333,BF,RFA,0.5,0.05,42
300,74.86979166666667,BF,RFA,0.5,0.05,42
330,75.61097756410257,BF,RFA,0.5,0.05,42
360,76.24198717948718,BF,RFA,0.5,0.05,42
390,76.70272435897436,BF,RFA,0.5,0.05,42
420,76.6826923076923,BF,RFA,0.5,0.05,42
450,76.85296474358974,BF,RFA,0.5,0.05,42
480,77.43389423076923,BF,RFA,0.5,0.05,42
510,77.6542467948718,BF,RFA,0.5,0.05,42
540,78.2451923076923,BF,RFA,0.5,0.05,42
570,77.95472756410257,BF,RFA,0.5,0.05,42
600,78.2451923076923,BF,RFA,0.5,0.05,42
30,72.1454326923077,BF,RFA,0.0,0.5,42
60,72.17548076923077,BF,RFA,0.0,0.5,42
90,70.44270833333333,BF,RFA,0.0,0.5,42
120,70.10216346153847,BF,RFA,0.0,0.5,42
150,68.67988782051282,BF,RFA,0.0,0.5,42
180,69.4110576923077,BF,RFA,0.0,0.5,42
210,68.36939102564102,BF,RFA,0.0,0.5,42
240,69.4911858974359,BF,RFA,0.0,0.5,42
270,67.81850961538461,BF,RFA,0.0,0.5,42
300,68.41947115384616,BF,RFA,0.0,0.5,42
330,66.98717948717949,BF,RFA,0.0,0.5,42
360,67.78846153846153,BF,RFA,0.0,0.5,42
390,69.25080128205128,BF,RFA,0.0,0.5,42
420,65.60496794871794,BF,RFA,0.0,0.5,42
450,67.95873397435898,BF,RFA,0.0,0.5,42
480,65.33453525641026,BF,RFA,0.0,0.5,42
510,71.58453525641026,BF,RFA,0.0,0.5,42
540,69.86177884615384,BF,RFA,0.0,0.5,42
570,68.17908653846153,BF,RFA,0.0,0.5,42
600,67.24759615384616,BF,RFA,0.0,0.5,42
30,31.059695512820515,BF,RFA,0.3,0.01,0
60,39.44310897435897,BF,RFA,0.3,0.01,0
90,47.786458333333336,BF,RFA,0.3,0.01,0
120,55.10817307692308,BF,RFA,0.3,0.01,0
150,58.693910256410255,BF,RFA,0.3,0.01,0
180,60.99759615384615,BF,RFA,0.3,0.01,0
210,61.96915064102564,BF,RFA,0.3,0.01,0
240,61.33814102564103,BF,RFA,0.3,0.01,0
270,60.22636217948718,BF,RFA,0.3,0.01,0
300,59.35496794871795,BF,RFA,0.3,0.01,0
330,58.96434294871795,BF,RFA,0.3,0.01,0
360,58.76402243589744,BF,RFA,0.3,0.01,0
390,58.6338141025641,BF,RFA,0.3,0.01,0
420,58.6338141025641,BF,RFA,0.3,0.01,0
450,58.6338141025641,BF,RFA,0.3,0.01,0
480,58.693910256410255,BF,RFA,0.3,0.01,0
510,58.73397435897436,BF,RFA,0.3,0.01,0
540,58.81410256410256,BF,RFA,0.3,0.01,0
570,58.89423076923077,BF,RFA,0.3,0.01,0
600,58.93429487179487,BF,RFA,0.3,0.01,0
30,65.30448717948718,BF,RFA,0.3,0.1,0
60,71.61458333333333,BF,RFA,0.3,0.1,0
90,73.18709935897436,BF,RFA,0.3,0.1,0
120,73.89823717948718,BF,RFA,0.3,0.1,0
150,74.49919871794872,BF,RFA,0.3,0.1,0
180,74.90985576923077,BF,RFA,0.3,0.1,0
210,75.11017628205128,BF,RFA,0.3,0.1,0
240,75.54086538461539,BF,RFA,0.3,0.1,0
270,75.89142628205128,BF,RFA,0.3,0.1,0
300,75.72115384615384,BF,RFA,0.3,0.1,0
330,76.33213141025641,BF,RFA,0.3,0.1,0
360,75.93149038461539,BF,RFA,0.3,0.1,0
390,75.7011217948718,BF,RFA,0.3,0.1,0
420,75.37059294871794,BF,RFA,0.3,0.1,0
450,75.29046474358974,BF,RFA,0.3,0.1,0
480,75.44070512820512,BF,RFA,0.3,0.1,0
510,75.1201923076923,BF,RFA,0.3,0.1,0
540,75.41065705128206,BF,RFA,0.3,0.1,0
570,75.40064102564102,BF,RFA,0.3,0.1,0
600,75.22035256410257,BF,RFA,0.3,0.1,0
30,55.1181891025641,BF,RFA,0.95,0.05,256
60,59.44511217948718,BF,RFA,0.95,0.05,256
90,65.02403846153847,BF,RFA,0.95,0.05,256
120,71.30408653846153,BF,RFA,0.95,0.05,256
150,76.78285256410257,BF,RFA,0.95,0.05,256
180,74.609375,BF,RFA,0.95,0.05,256
210,81.2099358974359,BF,RFA,0.95,0.05,256
240,81.2099358974359,BF,RFA,0.95,0.05,256
270,84.58533653846153,BF,RFA,0.95,0.05,256
300,78.29527243589743,BF,RFA,0.95,0.05,256
330,76.65264423076923,BF,RFA,0.95,0.05,256
360,79.296875,BF,RFA,0.95,0.05,256
390,79.2568108974359,BF,RFA,0.95,0.05,256
420,80.0380608974359,BF,RFA,0.95,0.05,256
450,80.5889423076923,BF,RFA,0.95,0.05,256
480,80.96955128205128,BF,RFA,0.95,0.05,256
510,81.50040064102564,BF,RFA,0.95,0.05,256
540,81.75080128205128,BF,RFA,0.95,0.05,256
570,81.6005608974359,BF,RFA,0.95,0.05,256
600,82.52203525641026,BF,RFA,0.95,0.05,256
30,74.42908653846153,BF,RFA,0.95,0.5,0
60,83.78405448717949,BF,RFA,0.95,0.5,0
90,85.29647435897436,BF,RFA,0.95,0.5,0
120,86.35817307692308,BF,RFA,0.95,0.5,0
150,87.33974358974359,BF,RFA,0.95,0.5,0
180,87.34975961538461,BF,RFA,0.95,0.5,0
210,87.0693108974359,BF,RFA,0.95,0.5,0
240,86.66866987179488,BF,RFA,0.95,0.5,0
270,84.47516025641026,BF,RFA,0.95,0.5,0
300,86.7588141025641,BF,RFA,0.95,0.5,0
330,87.27964743589743,BF,RFA,0.95,0.5,0
360,86.73878205128206,BF,RFA,0.95,0.5,0
390,84.73557692307692,BF,RFA,0.95,0.5,0
420,86.10777243589743,BF,RFA,0.95,0.5,0
450,86.68870192307692,BF,RFA,0.95,0.5,0
480,86.08774038461539,BF,RFA,0.95,0.5,0
510,82.3417467948718,BF,RFA,0.95,0.5,0
540,86.25801282051282,BF,RFA,0.95,0.5,0
570,83.14302884615384,BF,RFA,0.95,0.5,0
600,84.6454326923077,BF,RFA,0.95,0.5,0
30,9.405048076923077,BF,RFA,0.9,0.001,256
60,11.278044871794872,BF,RFA,0.9,0.001,256
90,12.540064102564102,BF,RFA,0.9,0.001,256
120,13.862179487179487,BF,RFA,0.9,0.001,256
150,15.024038461538462,BF,RFA,0.9,0.001,256
180,16.235977564102566,BF,RFA,0.9,0.001,256
210,17.227564102564102,BF,RFA,0.9,0.001,256
240,18.24919871794872,BF,RFA,0.9,0.001,256
270,19.140625,BF,RFA,0.9,0.001,256
300,19.891826923076923,BF,RFA,0.9,0.001,256
330,20.562900641025642,BF,RFA,0.9,0.001,256
360,21.153846153846153,BF,RFA,0.9,0.001,256
390,21.794871794871796,BF,RFA,0.9,0.001,256
420,22.365785256410255,BF,RFA,0.9,0.001,256
450,22.846554487179485,BF,RFA,0.9,0.001,256
480,23.217147435897434,BF,RFA,0.9,0.001,256
510,23.64783653846154,BF,RFA,0.9,0.001,256
540,24.078525641025642,BF,RFA,0.9,0.001,256
570,24.619391025641026,BF,RFA,0.9,0.001,256
600,25.030048076923077,BF,RFA,0.9,0.001,256
